event_id,state,affected_area_km2,area_s1_km2,area_s2_km2,ndwi_flood_area_km2,ndwi_pre_water_km2,ndwi_during_water_km2,pre_images,post_images,s2_post_images,otsu_threshold_db,baseline_status
E01,Kerala,28.86,28.86,,,,,5,2,0,-16.0,OK
E02,Bihar,,,,,,,3,0,0,,SKIPPED_NO_S1_IMAGERY
E03,Assam,1.62,,1.62,1.62,37.85,2.14,2,0,3,,SKIPPED_NO_S1_IMAGERY
E04,Telangana,0.59,,0.59,0.59,13.34,4.93,3,0,2,,SKIPPED_NO_S1_IMAGERY
E05,Maharashtra,0.31,8.83,0.31,0.31,60.63,0.49,4,2,5,-16.0,OK
E06,Uttarakhand,25.65,1.65,25.65,25.65,955.47,237.47,10,2,4,-16.0,OK
E07,Uttar Pradesh,55.43,10.83,55.43,55.43,31.11,82.32,5,1,4,-16.0,OK
E08,Assam,107.18,107.18,,,,,5,1,0,-16.0,OK
E09,Karnataka,16.93,6.11,16.93,16.93,18.44,50.41,1,1,3,-16.0,OK
E10,Odisha,4.72,9.08,4.72,4.72,462.22,31.98,5,2,4,-16.0,OK
E100,Manipur,,,,,,,2,0,0,,SKIPPED_NO_S1_IMAGERY
E101,Manipur,,,,,,,2,0,0,,SKIPPED_NO_S1_IMAGERY
E102,Meghalaya,1.56,1.56,,,,,7,1,0,-16.0,OK
E103,Meghalaya,1.91,1.91,,,,,3,2,0,-16.0,OK
E104,Meghalaya,2.12,0.48,2.12,2.12,8.6,5.33,7,3,6,-16.0,OK
E105,Meghalaya,1.32,1.32,,,,,7,2,0,-16.0,OK
E106,Mizoram,0.43,0.03,0.43,0.43,0.18,0.53,4,1,4,-16.0,OK
E107,Nagaland,,,,,,,2,0,0,,SKIPPED_NO_S1_IMAGERY
E108,Nagaland,,,,,,,2,0,0,,SKIPPED_NO_S1_IMAGERY
E109,Nagaland,0.42,0.42,,,,,2,1,0,-16.0,OK
E11,Himachal Pradesh,3.77,0.69,3.77,3.77,17.49,5.36,2,1,4,-16.0,OK
E110,Nagaland,0.1,0.05,0.1,0.1,8.77,6.5,2,1,4,-16.0,OK
E111,Nagaland,,,,,,,2,0,0,,SKIPPED_NO_S1_IMAGERY
E112,Odisha,0.14,0.14,,,,,9,2,0,-16.0,OK
E113,Odisha,0.7,0.7,,,,,10,2,0,-16.0,OK
E114,Odisha,0.03,0.28,0.03,0.03,0.57,0.32,12,2,8,-16.0,OK
E115,Odisha,2.88,0.4,2.88,2.88,6.74,6.57,10,2,17,-16.0,OK
E116,Punjab,,,,,,,2,0,0,,SKIPPED_NO_S1_IMAGERY
E117,Punjab,4.62,4.62,,,,,7,3,0,-16.0,OK
E118,Punjab,16.24,81.73,16.24,16.24,8.54,16.64,1,1,3,-16.0,OK
E119,Punjab,141.28,131.15,141.28,141.28,0.68,141.67,10,2,3,-14.244,OK
E12,Delhi,46.38,30.48,46.38,46.38,7.81,48.72,5,1,3,-16.0,OK
E120,Punjab,3.4,7.87,3.4,3.4,6.62,4.07,10,2,6,-16.0,OK
E121,Rajasthan,,,,,,,2,0,0,,SKIPPED_NO_S1_IMAGERY
E122,Rajasthan,5256.4,5256.4,,,,,12,3,0,-15.248,OK
E123,Rajasthan,1.11,233.85,1.11,1.11,5.89,3.18,12,3,2,-16.0,OK
E124,Rajasthan,6.43,3844.59,6.43,6.43,2.31,7.18,6,4,11,-14.741,OK
E125,Sikkim,1.61,,1.61,1.61,30.25,9.45,3,0,4,,SKIPPED_NO_S1_IMAGERY
E126,Sikkim,0.5,,0.5,0.5,96.32,6.64,2,0,2,,SKIPPED_NO_S1_IMAGERY
E127,Sikkim,2.22,21.27,2.22,2.22,108.38,11.48,1,1,3,-16.0,OK
E128,Tamil Nadu,,,,,,,0,0,0,,SKIPPED_NO_S1_IMAGERY
E129,Tamil Nadu,67.08,67.08,,,,,4,2,0,-16.0,OK
E13,Andhra Pradesh,35.52,35.52,,,,,1,2,0,-16.0,OK
E130,Tamil Nadu,6.22,6.22,,,,,10,2,0,-16.0,OK
E131,Tamil Nadu,0.9,,0.9,0.9,0.95,1.29,9,0,6,,SKIPPED_NO_S1_IMAGERY
E132,Tamil Nadu,5.58,5.58,,,,,11,3,0,-16.0,OK
E133,Tamil Nadu,1.97,1.97,,,,,4,1,0,-16.0,OK
E134,Tamil Nadu,0.11,,0.11,0.11,0.94,0.59,5,0,11,,SKIPPED_NO_S1_IMAGERY
E135,Telangana,153.0,153.0,,,,,12,2,0,-16.0,OK
E136,Tripura,2.75,2.75,,,,,7,2,0,-16.0,OK
E137,Tripura,0.03,0.03,,,,,6,1,0,-16.0,OK
E138,Tripura,0.16,0.16,,,,,5,1,0,-16.0,OK
E139,Tripura,4.96,4.96,,,,,7,2,0,-16.0,OK
E14,Andhra Pradesh,203.53,203.53,,,,,6,3,0,-16.0,OK
E140,Uttar Pradesh,6.82,6.82,,,,,6,2,0,-16.0,OK
E141,Uttar Pradesh,3.12,3.12,,,,,5,2,0,-16.0,OK
E142,Uttar Pradesh,,,,,,,2,0,0,,SKIPPED_NO_S1_IMAGERY
E143,Uttar Pradesh,,,,,,,1,0,0,,SKIPPED_NO_S1_IMAGERY
E144,Uttar Pradesh,8.45,8.45,,,,,5,1,0,-16.0,OK
E145,Uttar Pradesh,2.47,68.12,2.47,2.47,1.15,3.3,5,1,3,-16.0,OK
E146,Uttar Pradesh,49.9,49.9,,,,,5,1,0,-16.0,OK
E147,Uttar Pradesh,31.07,61.95,31.07,31.07,3.17,31.71,6,1,4,-16.0,OK
E148,Uttar Pradesh,0.96,14.18,0.96,0.96,6.83,3.23,4,1,7,-16.0,OK
E149,Uttar Pradesh,0.21,6.36,0.21,0.21,6.23,1.77,4,2,8,-16.0,OK
E15,Andhra Pradesh,3.37,210.19,3.37,3.37,637.22,10.51,7,2,5,-13.742,OK
E150,Uttar Pradesh,0.05,3.01,0.05,0.05,6.14,0.07,10,2,4,-16.0,OK
E151,Uttar Pradesh,15.97,12.73,15.97,15.97,4.57,16.33,12,2,6,-16.0,OK
E152,Uttarakhand,46.58,46.58,,,,,6,3,0,-16.0,OK
E153,Uttarakhand,4.01,4.01,,,,,4,1,0,-16.0,OK
E154,Uttarakhand,4.05,4.05,,,,,8,2,0,-16.0,OK
E155,Uttarakhand,35.06,35.06,,,,,8,2,0,-16.0,OK
E156,Uttarakhand,1.98,11.8,1.98,1.98,131.77,24.76,10,2,5,-16.0,OK
E157,Uttarakhand,1.17,14.31,1.17,1.17,149.88,3.78,10,2,2,-16.0,OK
E158,Uttarakhand,0.01,29.93,0.01,0.01,71.72,0.23,10,2,1,-16.0,OK
E159,Uttarakhand,27.84,,27.84,27.84,842.27,817.83,6,0,5,,SKIPPED_NO_S1_IMAGERY
E16,Andhra Pradesh,19.53,165.41,19.53,19.53,690.08,140.07,7,2,4,-14.746,OK
E160,Uttarakhand,10.57,10.57,,,,,10,4,0,-16.0,OK
E161,Uttarakhand,17.52,10.62,17.52,17.52,227.15,108.47,8,2,4,-16.0,OK
E162,West Bengal,,,,,,,3,0,0,,SKIPPED_NO_S1_IMAGERY
E163,West Bengal,16.61,16.61,,,,,9,2,0,-16.0,OK
E164,West Bengal,0.02,0.02,,,,,8,1,0,-16.767,OK
E165,West Bengal,63.44,0.01,63.44,63.44,19.04,74.21,3,1,7,-14.814,OK
E166,West Bengal,21.35,11.57,21.35,21.35,41.47,35.56,8,2,8,-16.0,OK
E167,West Bengal,13.62,0.03,13.62,13.62,25.78,28.84,8,1,9,-16.721,OK
E168,West Bengal,1.12,0.03,1.12,1.12,41.8,3.76,8,1,2,-15.207,OK
E17,Andhra Pradesh,5.26,206.41,5.26,5.26,462.2,8.81,7,3,2,-16.0,OK
E18,Arunachal Pradesh,1.14,1.14,,,,,3,1,0,-16.0,OK
E19,Arunachal Pradesh,5.91,5.91,,,,,5,1,0,-16.0,OK
E20,Arunachal Pradesh,,,,,,,4,0,0,,SKIPPED_NO_S1_IMAGERY
E21,Arunachal Pradesh,5.1,,5.1,5.1,11.93,8.51,4,0,3,,SKIPPED_NO_S1_IMAGERY
E22,Arunachal Pradesh,1.88,1.88,,,,,8,2,0,-16.0,OK
E23,Assam,,,,,,,0,2,0,,SKIPPED_NO_S1_IMAGERY
E24,Assam,,,,,,,3,0,0,,SKIPPED_NO_S1_IMAGERY
E25,Assam,,,,,,,3,0,0,,SKIPPED_NO_S1_IMAGERY
E26,Assam,18.93,18.93,,,,,3,2,0,-16.0,OK
E27,Assam,124.81,124.81,,,,,4,2,0,-16.0,OK
E28,Assam,65.28,65.28,,,,,5,1,0,-16.0,OK
E29,Assam,5.69,0.01,5.69,5.69,50.52,8.91,5,1,2,-16.0,OK
E30,Assam,0.02,0.02,,,,,3,1,0,-16.0,OK
E31,Assam,1.73,10.84,1.73,1.73,28.56,3.9,4,1,3,-16.0,OK
E32,Assam,173.82,274.52,173.82,173.82,43.27,181.79,4,1,1,-13.746,OK
E33,Bihar,,,,,,,0,0,0,,SKIPPED_NO_S1_IMAGERY
E34,Bihar,0.68,,0.68,0.68,34.09,7.74,3,0,2,,SKIPPED_NO_S1_IMAGERY
E35,Bihar,42.64,26.02,42.64,42.64,24.32,66.46,2,1,3,-13.238,OK
E36,Bihar,3.62,30.64,3.62,3.62,44.9,19.35,2,1,4,-16.0,OK
E37,Bihar,4.79,4.79,,,,,4,2,0,-16.0,OK
E38,Bihar,57.28,4.6,57.28,57.28,175.03,127.16,4,2,2,-16.0,OK
E39,Chhattisgarh,19.49,20.95,19.49,19.49,53.25,47.79,4,2,3,-16.0,OK
E40,Chhattisgarh,7.8,8.77,7.8,7.8,32.5,36.56,5,1,3,-16.0,OK
E41,Chhattisgarh,28.83,3.16,28.83,28.83,38.07,35.51,5,1,2,-16.0,OK
E42,Delhi,7.0,15.4,7.0,7.0,8.67,8.56,4,2,2,-16.0,OK
E43,Goa,,,,,,,0,0,0,,SKIPPED_NO_S1_IMAGERY
E44,Goa,,,,,,,0,0,0,,SKIPPED_NO_S1_IMAGERY
E45,Goa,1.09,1.09,,,,,2,1,0,-16.0,OK
E46,Goa,2.94,1.23,2.94,2.94,27.97,11.12,2,1,4,-16.0,OK
E47,Gujarat,,,,,,,0,0,0,,SKIPPED_NO_S1_IMAGERY
E48,Gujarat,95.86,95.86,,,,,8,1,0,-16.0,OK
E49,Gujarat,1.26,1.26,,,,,8,1,0,-16.0,OK
E50,Gujarat,2.94,133.12,2.94,2.94,60.35,42.62,10,4,23,-16.0,OK
E51,Gujarat,9.9,129.49,9.9,9.9,62.97,57.42,11,2,23,-16.0,OK
E52,Gujarat,85.36,123.49,85.36,85.36,69.9,125.92,8,4,13,-16.0,OK
E53,Gujarat,1.7,53.43,1.7,1.7,42.54,25.94,10,2,23,-14.735,OK
E54,Gujarat,,,0.0,0.0,43.6,0.0,10,0,1,,SKIPPED_NO_S1_IMAGERY
E55,Gujarat,116.17,142.77,116.17,116.17,117.54,172.98,8,2,5,-15.754,OK
E56,Haryana,,,,,,,2,0,0,,SKIPPED_NO_S1_IMAGERY
E57,Haryana,10.62,10.62,,,,,8,3,0,-16.0,OK
E58,Haryana,6.88,59.96,6.88,6.88,4.32,9.4,7,2,3,-16.0,OK
E59,Himachal Pradesh,0.71,0.71,,,,,5,1,0,-16.0,OK
E60,Himachal Pradesh,0.83,0.83,,,,,5,1,0,-16.0,OK
E61,Himachal Pradesh,10.61,10.61,,,,,5,1,0,-16.0,OK
E62,Himachal Pradesh,0.89,0.0,0.89,0.89,60.76,9.92,1,1,3,-16.0,OK
E63,Himachal Pradesh,2.6,44.86,2.6,2.6,69.76,9.82,5,1,5,-16.0,OK
E64,Himachal Pradesh,1.6,13.4,1.6,1.6,36.39,15.22,3,1,6,-16.0,OK
E65,Himachal Pradesh,6.83,0.01,6.83,6.83,26.68,57.73,4,1,4,-16.0,OK
E66,Himachal Pradesh,4.4,0.02,4.4,4.4,63.81,6.97,6,1,2,-16.0,OK
E67,Jammu and Kashmir,38.5,38.5,,,,,12,4,0,-16.0,OK
E68,Jammu and Kashmir,178.6,288.02,178.6,178.6,1499.3,1191.11,18,3,49,-16.0,OK
E69,Jharkhand,1.13,1.13,,,,,10,2,0,-16.0,OK
E70,Jharkhand,18.51,7.09,18.51,18.51,56.73,51.7,7,2,9,-16.0,OK
E71,Jharkhand,3.17,0.16,3.17,3.17,18.24,33.45,9,2,6,-16.0,OK
E72,Karnataka,13.4,143.6,13.4,13.4,11.34,25.58,12,4,5,-16.0,OK
E73,Karnataka,9.42,28.5,9.42,9.42,48.28,42.45,8,2,5,-16.0,OK
E74,Karnataka,38.95,38.95,,,,,10,2,0,-16.0,OK
E75,Karnataka,22.7,15.7,22.7,22.7,63.52,69.69,10,2,5,-16.0,OK
E76,Karnataka,0.61,20.61,0.61,0.61,74.43,11.04,10,2,4,-16.0,OK
E77,Kerala,19.7,19.7,,,,,11,3,0,-16.0,OK
E78,Kerala,8.38,0.34,8.38,8.38,43.03,19.29,4,1,3,-16.0,OK
E79,Kerala,11.71,22.94,11.71,11.71,54.72,28.96,5,1,4,-16.0,OK
E80,Kerala,13.45,21.72,13.45,13.45,47.45,53.09,5,1,5,-16.0,OK
E81,Madhya Pradesh,,,,,,,0,0,0,,SKIPPED_NO_S1_IMAGERY
E82,Madhya Pradesh,,,,,,,0,0,0,,SKIPPED_NO_S1_IMAGERY
E83,Madhya Pradesh,15.09,15.09,,,,,6,1,0,-16.0,OK
E84,Madhya Pradesh,6.33,6.33,,,,,7,2,0,-16.0,OK
E85,Madhya Pradesh,198.79,1.66,198.79,198.79,46.58,220.37,6,1,10,-16.0,OK
E86,Madhya Pradesh,1.04,180.42,1.04,1.04,38.35,8.87,7,2,15,-16.0,OK
E87,Madhya Pradesh,3.29,207.01,3.29,3.29,46.31,40.47,12,2,13,-16.0,OK
E88,Madhya Pradesh,4.53,40.59,4.53,4.53,69.71,58.77,8,2,10,-13.236,OK
E89,Maharashtra,,,,,,,0,0,0,,SKIPPED_NO_S1_IMAGERY
E90,Maharashtra,,,,,,,0,0,0,,SKIPPED_NO_S1_IMAGERY
E91,Maharashtra,5.76,5.76,,,,,4,2,0,-16.0,OK
E92,Maharashtra,6.33,6.33,,,,,4,2,0,-16.0,OK
E93,Maharashtra,,,,,,,6,0,0,,SKIPPED_NO_S1_IMAGERY
E94,Maharashtra,4.76,4.76,,,,,6,4,0,-16.0,OK
E95,Maharashtra,6.98,7.37,6.98,6.98,95.0,77.97,2,1,5,-16.0,OK
E96,Maharashtra,1.24,,1.24,1.24,90.98,7.65,3,0,3,,SKIPPED_NO_S1_IMAGERY
E97,Maharashtra,19.02,19.02,0.0,0.0,98.75,0.0,2,1,1,-16.0,OK
E98,Maharashtra,1.28,14.16,1.28,1.28,15.59,9.36,2,1,5,-14.738,OK
E99,Manipur,,,,,,,0,0,0,,SKIPPED_NO_S1_IMAGERY
