boundary_year,decision,district,event_rows,evidence,historical_boundary_verified,method,note,reference_name,shape_id,state,state_overlap
2021,accepted_reference_boundary,Visakhapatnam,2,https://www.geoboundaries.org/api/current/gbOpen/IND/ADM2/,False,exact_or_spacing,"District identity matched; 2021 reference geometry, NOT event-year boundary equivalence. No parent substitution.",Visakhapatnam,76128533B71485440235524,Andhra Pradesh,0.9975402403493745
2021,accepted_reference_boundary,YSR Kadapa,2,https://www.geoboundaries.org/api/current/gbOpen/IND/ADM2/,False,reviewed_alias,"District identity matched; 2021 reference geometry, NOT event-year boundary equivalence. No parent substitution.",Kadapa(YSR),76128533B72109128179340,Andhra Pradesh,1.0000000000000002
2021,accepted_reference_boundary,East Kameng,1,https://www.geoboundaries.org/api/current/gbOpen/IND/ADM2/,False,exact_or_spacing,"District identity matched; 2021 reference geometry, NOT event-year boundary equivalence. No parent substitution.",East Kameng,76128533B76129461078086,Arunachal Pradesh,0.9909226603528668
2021,unresolved,Itanagar Capital Region,1,https://www.geoboundaries.org/api/current/gbOpen/IND/ADM2/,False,exact_or_spacing,No unique district polygon in the pinned reference layer; parent substitution prohibited.,Itanagar Capital Region,,Arunachal Pradesh,
2021,accepted_reference_boundary,Namsai,3,https://www.geoboundaries.org/api/current/gbOpen/IND/ADM2/,False,exact_or_spacing,"District identity matched; 2021 reference geometry, NOT event-year boundary equivalence. No parent substitution.",Namsai,76128533B1875965515331,Arunachal Pradesh,0.9997860989010148
2021,accepted_reference_boundary,Pakke Kessang,1,https://www.geoboundaries.org/api/current/gbOpen/IND/ADM2/,False,exact_or_spacing,"District identity matched; 2021 reference geometry, NOT event-year boundary equivalence. No parent substitution.",Pakke Kessang,76128533B24017517661394,Arunachal Pradesh,0.9977629491931449
2021,accepted_reference_boundary,Tawang,1,https://www.geoboundaries.org/api/current/gbOpen/IND/ADM2/,False,exact_or_spacing,"District identity matched; 2021 reference geometry, NOT event-year boundary equivalence. No parent substitution.",Tawang,76128533B18668117085772,Arunachal Pradesh,0.9568268629980337
2021,unresolved,Bajali,2,https://www.geoboundaries.org/api/current/gbOpen/IND/ADM2/,False,exact_or_spacing,No unique district polygon in the pinned reference layer; parent substitution prohibited.,Bajali,,Assam,
2021,accepted_reference_boundary,Baksa,6,https://www.geoboundaries.org/api/current/gbOpen/IND/ADM2/,False,exact_or_spacing,"District identity matched; 2021 reference geometry, NOT event-year boundary equivalence. No parent substitution.",Baksa,76128533B8221925175605,Assam,0.9993744228654442
2021,accepted_reference_boundary,Biswanath,8,https://www.geoboundaries.org/api/current/gbOpen/IND/ADM2/,False,exact_or_spacing,"District identity matched; 2021 reference geometry, NOT event-year boundary equivalence. No parent substitution.",Biswanath,76128533B40714385808093,Assam,0.9993105122042407
2021,accepted_reference_boundary,Charaideo,5,https://www.geoboundaries.org/api/current/gbOpen/IND/ADM2/,False,exact_or_spacing,"District identity matched; 2021 reference geometry, NOT event-year boundary equivalence. No parent substitution.",Charaideo,76128533B89228414823983,Assam,0.9906073140049534
2021,accepted_reference_boundary,Chirang,8,https://www.geoboundaries.org/api/current/gbOpen/IND/ADM2/,False,exact_or_spacing,"District identity matched; 2021 reference geometry, NOT event-year boundary equivalence. No parent substitution.",Chirang,76128533B56012535339305,Assam,0.9996717042053963
2021,accepted_reference_boundary,Dhubri,10,https://www.geoboundaries.org/api/current/gbOpen/IND/ADM2/,False,exact_or_spacing,"District identity matched; 2021 reference geometry, NOT event-year boundary equivalence. No parent substitution.",Dhubri,76128533B25835998628545,Assam,0.9927778273004482
2021,accepted_reference_boundary,Dima Hasao,3,https://www.geoboundaries.org/api/current/gbOpen/IND/ADM2/,False,exact_or_spacing,"District identity matched; 2021 reference geometry, NOT event-year boundary equivalence. No parent substitution.",Dima Hasao,76128533B66125202864966,Assam,0.9948892594214592
2021,accepted_reference_boundary,East Karbi Anglong,2,https://www.geoboundaries.org/api/current/gbOpen/IND/ADM2/,False,reviewed_alias,"District identity matched; 2021 reference geometry, NOT event-year boundary equivalence. No parent substitution.",Karbi Anglong East,76128533B38548995376745,Assam,0.9977322215714345
2021,accepted_reference_boundary,Hojai,6,https://www.geoboundaries.org/api/current/gbOpen/IND/ADM2/,False,exact_or_spacing,"District identity matched; 2021 reference geometry, NOT event-year boundary equivalence. No parent substitution.",Hojai,76128533B70315194619807,Assam,0.9999999999999991
2021,accepted_reference_boundary,Kamrup Metropolitan,5,https://www.geoboundaries.org/api/current/gbOpen/IND/ADM2/,False,exact_or_spacing,"District identity matched; 2021 reference geometry, NOT event-year boundary equivalence. No parent substitution.",Kamrup Metropolitan,76128533B38230828972906,Assam,0.9873069306139608
2021,accepted_reference_boundary,Majuli,8,https://www.geoboundaries.org/api/current/gbOpen/IND/ADM2/,False,exact_or_spacing,"District identity matched; 2021 reference geometry, NOT event-year boundary equivalence. No parent substitution.",Majuli,76128533B15157901669242,Assam,0.9999999999999991
2021,accepted_reference_boundary,Morigaon,12,https://www.geoboundaries.org/api/current/gbOpen/IND/ADM2/,False,exact_or_spacing,"District identity matched; 2021 reference geometry, NOT event-year boundary equivalence. No parent substitution.",Morigaon,76128533B17968019348564,Assam,0.9991981322306754
2021,accepted_reference_boundary,Sivasagar,10,https://www.geoboundaries.org/api/current/gbOpen/IND/ADM2/,False,exact_or_spacing,"District identity matched; 2021 reference geometry, NOT event-year boundary equivalence. No parent substitution.",Sivasagar,76128533B21722277889516,Assam,0.9976901913860083
2021,accepted_reference_boundary,South Salmara,6,https://www.geoboundaries.org/api/current/gbOpen/IND/ADM2/,False,reviewed_alias,"District identity matched; 2021 reference geometry, NOT event-year boundary equivalence. No parent substitution.",South Salmara-Mankachar,76128533B20298037622173,Assam,0.9815485005537558
2021,accepted_reference_boundary,Sribhumi (Karimganj),1,https://www.geoboundaries.org/api/current/gbOpen/IND/ADM2/,False,reviewed_alias,"District identity matched; 2021 reference geometry, NOT event-year boundary equivalence. No parent substitution.",Karimganj,76128533B23092176497025,Assam,0.9932964988360268
2021,unresolved,Tamulpur,2,https://www.geoboundaries.org/api/current/gbOpen/IND/ADM2/,False,exact_or_spacing,No unique district polygon in the pinned reference layer; parent substitution prohibited.,Tamulpur,,Assam,
2021,accepted_reference_boundary,Udalguri,10,https://www.geoboundaries.org/api/current/gbOpen/IND/ADM2/,False,exact_or_spacing,"District identity matched; 2021 reference geometry, NOT event-year boundary equivalence. No parent substitution.",Udalguri,76128533B20307518801538,Assam,0.9990983583445522
2021,accepted_reference_boundary,West Karbi Anglong,5,https://www.geoboundaries.org/api/current/gbOpen/IND/ADM2/,False,reviewed_alias,"District identity matched; 2021 reference geometry, NOT event-year boundary equivalence. No parent substitution.",Karbi Anglong West,76128533B57995625790051,Assam,0.9953816271516838
2021,accepted_reference_boundary,West Karbi-Anglong,1,https://www.geoboundaries.org/api/current/gbOpen/IND/ADM2/,False,reviewed_alias,"District identity matched; 2021 reference geometry, NOT event-year boundary equivalence. No parent substitution.",Karbi Anglong West,76128533B57995625790051,Assam,0.9953816271516838
2021,accepted_reference_boundary,East Champaran,5,https://censusindia.gov.in/nada/index.php/catalog/42557,False,census_label_alias,"District identity matched; 2021 reference geometry, NOT event-year boundary equivalence. No parent substitution.",Purba Champaran,76128533B49017555803526,Bihar,0.9995866296514724
2021,unresolved,Jogbani,1,https://www.geoboundaries.org/api/current/gbOpen/IND/ADM2/,False,exact_or_spacing,"Municipality, not a district; do not substitute Araria district.",Jogbani,,Bihar,
2021,accepted_reference_boundary,Purnea,2,https://censusindia.gov.in/nada/index.php/catalog/42557,False,census_label_alias,"District identity matched; 2021 reference geometry, NOT event-year boundary equivalence. No parent substitution.",Purnia,76128533B32499449492865,Bihar,0.9998406067828548
2021,accepted_reference_boundary,West Champaran,4,https://censusindia.gov.in/nada/index.php/catalog/42557,False,census_label_alias,"District identity matched; 2021 reference geometry, NOT event-year boundary equivalence. No parent substitution.",Pashchim Champaran,76128533B17762399278073,Bihar,0.9969477336385033
2021,accepted_reference_boundary,Balod,1,https://www.geoboundaries.org/api/current/gbOpen/IND/ADM2/,False,exact_or_spacing,"District identity matched; 2021 reference geometry, NOT event-year boundary equivalence. No parent substitution.",Balod,76128533B90169585758701,Chhattisgarh,0.9999999999999992
2021,accepted_reference_boundary,Balodabazar,1,https://www.geoboundaries.org/api/current/gbOpen/IND/ADM2/,False,exact_or_spacing,"District identity matched; 2021 reference geometry, NOT event-year boundary equivalence. No parent substitution.",Balodabazar,76128533B54306414631532,Chhattisgarh,0.9999999999999993
2021,accepted_reference_boundary,Balrampur,1,https://www.geoboundaries.org/api/current/gbOpen/IND/ADM2/,False,exact_or_spacing,"District identity matched; 2021 reference geometry, NOT event-year boundary equivalence. No parent substitution.",Balrampur,76128533B14598081584747,Chhattisgarh,0.9939903172300695
2021,accepted_reference_boundary,Bijapur,1,https://www.geoboundaries.org/api/current/gbOpen/IND/ADM2/,False,exact_or_spacing,"District identity matched; 2021 reference geometry, NOT event-year boundary equivalence. No parent substitution.",Bijapur,76128533B66145460152555,Chhattisgarh,0.9968073297392045
2021,accepted_reference_boundary,Gariaband,1,https://www.geoboundaries.org/api/current/gbOpen/IND/ADM2/,False,exact_or_spacing,"District identity matched; 2021 reference geometry, NOT event-year boundary equivalence. No parent substitution.",Gariaband,76128533B93063337202124,Chhattisgarh,0.9950157488251251
2021,accepted_reference_boundary,Gariyaband,1,https://www.geoboundaries.org/api/current/gbOpen/IND/ADM2/,False,reviewed_alias,"District identity matched; 2021 reference geometry, NOT event-year boundary equivalence. No parent substitution.",Gariaband,76128533B93063337202124,Chhattisgarh,0.9950157488251251
2021,accepted_reference_boundary,Kabirdham,1,https://censusindia.gov.in/nada/index.php/catalog/42557,False,census_label_alias,"District identity matched; 2021 reference geometry, NOT event-year boundary equivalence. No parent substitution.",Kabeerdham,76128533B48077510234542,Chhattisgarh,0.9983018719616544
2021,accepted_reference_boundary,Kondagaon,1,https://www.geoboundaries.org/api/current/gbOpen/IND/ADM2/,False,exact_or_spacing,"District identity matched; 2021 reference geometry, NOT event-year boundary equivalence. No parent substitution.",Kondagaon,76128533B12144400448811,Chhattisgarh,0.9984419006920267
2021,accepted_reference_boundary,Mungeli,1,https://www.geoboundaries.org/api/current/gbOpen/IND/ADM2/,False,exact_or_spacing,"District identity matched; 2021 reference geometry, NOT event-year boundary equivalence. No parent substitution.",Mungeli,76128533B17292264941997,Chhattisgarh,0.9986059305037472
2021,accepted_reference_boundary,Narayanpur,2,https://www.geoboundaries.org/api/current/gbOpen/IND/ADM2/,False,exact_or_spacing,"District identity matched; 2021 reference geometry, NOT event-year boundary equivalence. No parent substitution.",Narayanpur,76128533B89979485471283,Chhattisgarh,0.9973918845791716
2021,accepted_reference_boundary,Sukma,1,https://www.geoboundaries.org/api/current/gbOpen/IND/ADM2/,False,exact_or_spacing,"District identity matched; 2021 reference geometry, NOT event-year boundary equivalence. No parent substitution.",Sukma,76128533B53316015271969,Chhattisgarh,0.993303396724967
2021,accepted_reference_boundary,Surajpur,1,https://www.geoboundaries.org/api/current/gbOpen/IND/ADM2/,False,exact_or_spacing,"District identity matched; 2021 reference geometry, NOT event-year boundary equivalence. No parent substitution.",Surajpur,76128533B46979893461805,Chhattisgarh,1.0000000000000007
2021,accepted_reference_boundary,Central Delhi,2,https://www.geoboundaries.org/api/current/gbOpen/IND/ADM2/,False,reviewed_alias,"District identity matched; 2021 reference geometry, NOT event-year boundary equivalence. No parent substitution.",Central,76128533B19832024635761,Delhi,0.9999999999999997
2021,accepted_reference_boundary,East Delhi,2,https://www.geoboundaries.org/api/current/gbOpen/IND/ADM2/,False,reviewed_alias,"District identity matched; 2021 reference geometry, NOT event-year boundary equivalence. No parent substitution.",East,76128533B72485933575946,Delhi,0.9990687596814969
2021,accepted_reference_boundary,North East Delhi,2,https://www.geoboundaries.org/api/current/gbOpen/IND/ADM2/,False,reviewed_alias,"District identity matched; 2021 reference geometry, NOT event-year boundary equivalence. No parent substitution.",North East,76128533B9976625304286,Delhi,0.9887545054956551
2021,accepted_reference_boundary,Shahdara,2,https://www.geoboundaries.org/api/current/gbOpen/IND/ADM2/,False,exact_or_spacing,"District identity matched; 2021 reference geometry, NOT event-year boundary equivalence. No parent substitution.",Shahdara,76128533B81419063387740,Delhi,0.9959737290929961
2021,accepted_reference_boundary,Ahmedabad,2,https://censusindia.gov.in/nada/index.php/catalog/42557,False,census_label_alias,"District identity matched; 2021 reference geometry, NOT event-year boundary equivalence. No parent substitution.",Ahmadabad,76128533B93113981386565,Gujarat,0.9967856218895744
2021,accepted_reference_boundary,Aravalli,1,https://www.geoboundaries.org/api/current/gbOpen/IND/ADM2/,False,reviewed_alias,"District identity matched; 2021 reference geometry, NOT event-year boundary equivalence. No parent substitution.",Aravali,76128533B62153454383166,Gujarat,0.9962218103776473
2021,accepted_reference_boundary,Botad,2,https://www.geoboundaries.org/api/current/gbOpen/IND/ADM2/,False,reviewed_alias,"District identity matched; 2021 reference geometry, NOT event-year boundary equivalence. No parent substitution.",Batod,76128533B48885555323596,Gujarat,0.9999999999999968
2021,accepted_reference_boundary,Chhota Udaipur,2,https://www.geoboundaries.org/api/current/gbOpen/IND/ADM2/,False,exact_or_spacing,"District identity matched; 2021 reference geometry, NOT event-year boundary equivalence. No parent substitution.",Chhota Udaipur,76128533B69417260894674,Gujarat,0.9940939143528084
2021,accepted_reference_boundary,Dang,2,https://www.geoboundaries.org/api/current/gbOpen/IND/ADM2/,False,reviewed_alias,"District identity matched; 2021 reference geometry, NOT event-year boundary equivalence. No parent substitution.",The Dangs,76128533B16271917438029,Gujarat,0.9915117942512959
2021,accepted_reference_boundary,Devbhumi Dwarka,3,https://www.geoboundaries.org/api/current/gbOpen/IND/ADM2/,False,exact_or_spacing,"District identity matched; 2021 reference geometry, NOT event-year boundary equivalence. No parent substitution.",Devbhumi Dwarka,76128533B74381554567803,Gujarat,0.9653209634139944
2021,accepted_reference_boundary,Gir Somnath,2,https://www.geoboundaries.org/api/current/gbOpen/IND/ADM2/,False,exact_or_spacing,"District identity matched; 2021 reference geometry, NOT event-year boundary equivalence. No parent substitution.",Gir Somnath,76128533B45037556977273,Gujarat,0.9969359990521941
2021,accepted_reference_boundary,Kutch,3,https://censusindia.gov.in/nada/index.php/catalog/42557,False,census_label_alias,"District identity matched; 2021 reference geometry, NOT event-year boundary equivalence. No parent substitution.",Kachchh,76128533B91881382098572,Gujarat,0.9644834432242169
2021,accepted_reference_boundary,Mahisagar,1,https://www.geoboundaries.org/api/current/gbOpen/IND/ADM2/,False,exact_or_spacing,"District identity matched; 2021 reference geometry, NOT event-year boundary equivalence. No parent substitution.",Mahisagar,76128533B49615943426842,Gujarat,0.9960976587087519
2021,accepted_reference_boundary,Mehsana,1,https://censusindia.gov.in/nada/index.php/catalog/42557,False,census_label_alias,"District identity matched; 2021 reference geometry, NOT event-year boundary equivalence. No parent substitution.",Mahesana,76128533B81661995166840,Gujarat,1.0000000000000007
2021,accepted_reference_boundary,Morbi,4,https://www.geoboundaries.org/api/current/gbOpen/IND/ADM2/,False,exact_or_spacing,"District identity matched; 2021 reference geometry, NOT event-year boundary equivalence. No parent substitution.",Morbi,76128533B2080752988715,Gujarat,0.9991512260259068
2021,accepted_reference_boundary,Panchmahal,1,https://www.geoboundaries.org/api/current/gbOpen/IND/ADM2/,False,reviewed_alias,"District identity matched; 2021 reference geometry, NOT event-year boundary equivalence. No parent substitution.",Panch Mahals,76128533B16476001647323,Gujarat,0.9999999999999984
2021,accepted_reference_boundary,Tapi,5,https://www.geoboundaries.org/api/current/gbOpen/IND/ADM2/,False,exact_or_spacing,"District identity matched; 2021 reference geometry, NOT event-year boundary equivalence. No parent substitution.",Tapi,76128533B12519626815499,Gujarat,0.9783803493695303
2021,accepted_reference_boundary,Palwal,1,https://www.geoboundaries.org/api/current/gbOpen/IND/ADM2/,False,exact_or_spacing,"District identity matched; 2021 reference geometry, NOT event-year boundary equivalence. No parent substitution.",Palwal,76128533B71088079535368,Haryana,0.9969561348463735
2021,accepted_reference_boundary,Sonipat,1,https://www.geoboundaries.org/api/current/gbOpen/IND/ADM2/,False,exact_or_spacing,"District identity matched; 2021 reference geometry, NOT event-year boundary equivalence. No parent substitution.",Sonipat,76128533B69536039643660,Haryana,0.9987406719763864
2021,accepted_reference_boundary,Lahaul and Spiti,2,https://censusindia.gov.in/nada/index.php/catalog/42557,False,census_label_alias,"District identity matched; 2021 reference geometry, NOT event-year boundary equivalence. No parent substitution.",Lahul & Spiti,76128533B75359793481950,Himachal Pradesh,0.9967857592777751
2021,accepted_reference_boundary,Anantnag,3,https://www.geoboundaries.org/api/current/gbOpen/IND/ADM2/,False,exact_or_spacing,"District identity matched; 2021 reference geometry, NOT event-year boundary equivalence. No parent substitution.",Anantnag,76128533B6393836306469,Jammu and Kashmir,0.9993849189649657
2021,accepted_reference_boundary,Bandipora,2,https://censusindia.gov.in/nada/index.php/catalog/42557,False,census_label_alias,"District identity matched; 2021 reference geometry, NOT event-year boundary equivalence. No parent substitution.",Bandipore,76128533B41744580856133,Jammu and Kashmir,1.0000000000000013
2021,accepted_reference_boundary,Baramulla,1,https://censusindia.gov.in/nada/index.php/catalog/42557,False,census_label_alias,"District identity matched; 2021 reference geometry, NOT event-year boundary equivalence. No parent substitution.",Baramula,76128533B15567489974292,Jammu and Kashmir,1.0000000000000009
2021,accepted_reference_boundary,Budgam,1,https://censusindia.gov.in/nada/index.php/catalog/42557,False,census_label_alias,"District identity matched; 2021 reference geometry, NOT event-year boundary equivalence. No parent substitution.",Badgam,76128533B88214376170788,Jammu and Kashmir,1.0000000000000018
2021,accepted_reference_boundary,Ganderbal,2,https://www.geoboundaries.org/api/current/gbOpen/IND/ADM2/,False,exact_or_spacing,"District identity matched; 2021 reference geometry, NOT event-year boundary equivalence. No parent substitution.",Ganderbal,76128533B20504715877560,Jammu and Kashmir,0.9999999999999988
2021,accepted_reference_boundary,Kishtwar,2,https://www.geoboundaries.org/api/current/gbOpen/IND/ADM2/,False,exact_or_spacing,"District identity matched; 2021 reference geometry, NOT event-year boundary equivalence. No parent substitution.",Kishtwar,76128533B20458430922604,Jammu and Kashmir,0.9947343664313925
2021,accepted_reference_boundary,Pulwama,1,https://www.geoboundaries.org/api/current/gbOpen/IND/ADM2/,False,exact_or_spacing,"District identity matched; 2021 reference geometry, NOT event-year boundary equivalence. No parent substitution.",Pulwama,76128533B74958462315105,Jammu and Kashmir,0.9999999999999988
2021,accepted_reference_boundary,Shopian,1,https://censusindia.gov.in/nada/index.php/catalog/42557,False,census_label_alias,"District identity matched; 2021 reference geometry, NOT event-year boundary equivalence. No parent substitution.",Shupiyan,76128533B37825396764028,Jammu and Kashmir,1.0000000000000007
2021,accepted_reference_boundary,Srinagar,1,https://www.geoboundaries.org/api/current/gbOpen/IND/ADM2/,False,exact_or_spacing,"District identity matched; 2021 reference geometry, NOT event-year boundary equivalence. No parent substitution.",Srinagar,76128533B32249045995424,Jammu and Kashmir,1.0000000000000002
2021,accepted_reference_boundary,Belagavi,6,https://assets.publishing.service.gov.uk/media/5a7e0e2d40f0b62305b80813/Karnataka_State_India_Name_Changes_20141112.pdf,False,census_label_alias,"District identity matched; 2021 reference geometry, NOT event-year boundary equivalence. No parent substitution.",Belgaum,76128533B74319098136622,Karnataka,0.9981444398919145
2021,accepted_reference_boundary,Chamarajanagar,1,https://www.geoboundaries.org/api/current/gbOpen/IND/ADM2/,False,exact_or_spacing,"District identity matched; 2021 reference geometry, NOT event-year boundary equivalence. No parent substitution.",Chamarajanagar,76128533B16628456658675,Karnataka,0.9787552337927573
2021,accepted_reference_boundary,Chikkamagaluru,5,https://assets.publishing.service.gov.uk/media/5a7e0e2d40f0b62305b80813/Karnataka_State_India_Name_Changes_20141112.pdf,False,census_label_alias,"District identity matched; 2021 reference geometry, NOT event-year boundary equivalence. No parent substitution.",Chikmagalur,76128533B15550697205080,Karnataka,0.9999999999999989
2021,accepted_reference_boundary,Dakshina Kannada,2,https://www.geoboundaries.org/api/current/gbOpen/IND/ADM2/,False,exact_or_spacing,"District identity matched; 2021 reference geometry, NOT event-year boundary equivalence. No parent substitution.",Dakshina Kannada,76128533B54396396829952,Karnataka,0.9964914921693315
2021,accepted_reference_boundary,Kalaburagi,1,https://assets.publishing.service.gov.uk/media/5a7e0e2d40f0b62305b80813/Karnataka_State_India_Name_Changes_20141112.pdf,False,census_label_alias,"District identity matched; 2021 reference geometry, NOT event-year boundary equivalence. No parent substitution.",Gulbarga,76128533B1083016608278,Karnataka,0.9970720968441202
2021,accepted_reference_boundary,Mysuru,1,https://assets.publishing.service.gov.uk/media/5a7e0e2d40f0b62305b80813/Karnataka_State_India_Name_Changes_20141112.pdf,False,census_label_alias,"District identity matched; 2021 reference geometry, NOT event-year boundary equivalence. No parent substitution.",Mysore,76128533B95879808095476,Karnataka,0.9845095188871287
2021,accepted_reference_boundary,Shivamogga,5,https://assets.publishing.service.gov.uk/media/5a7e0e2d40f0b62305b80813/Karnataka_State_India_Name_Changes_20141112.pdf,False,census_label_alias,"District identity matched; 2021 reference geometry, NOT event-year boundary equivalence. No parent substitution.",Shimoga,76128533B85389886560116,Karnataka,1.0000000000000029
2021,accepted_reference_boundary,Uttara Kannada,4,https://www.geoboundaries.org/api/current/gbOpen/IND/ADM2/,False,exact_or_spacing,"District identity matched; 2021 reference geometry, NOT event-year boundary equivalence. No parent substitution.",Uttara Kannada,76128533B79180273895456,Karnataka,0.9985631329874073
2021,accepted_reference_boundary,Vijayapura,3,https://assets.publishing.service.gov.uk/media/5a7e0e2d40f0b62305b80813/Karnataka_State_India_Name_Changes_20141112.pdf,False,census_label_alias,"District identity matched; 2021 reference geometry, NOT event-year boundary equivalence. No parent substitution.",Bijapur,76128533B40495457052818,Karnataka,0.9976921875388565
2021,accepted_reference_boundary,Yadgir,2,https://www.geoboundaries.org/api/current/gbOpen/IND/ADM2/,False,exact_or_spacing,"District identity matched; 2021 reference geometry, NOT event-year boundary equivalence. No parent substitution.",Yadgir,76128533B84927972855096,Karnataka,0.9975184400667977
2021,unresolved,Chengannur,1,https://www.geoboundaries.org/api/current/gbOpen/IND/ADM2/,False,exact_or_spacing,"Town/taluk, not a district; do not substitute Alappuzha district.",Chengannur,,Kerala,
2021,accepted_reference_boundary,Pathanamthitta,5,https://www.geoboundaries.org/api/current/gbOpen/IND/ADM2/,False,exact_or_spacing,"District identity matched; 2021 reference geometry, NOT event-year boundary equivalence. No parent substitution.",Pathanamthitta,76128533B29330052395581,Kerala,0.9987322444407257
2021,accepted_reference_boundary,Agar Malwa,1,https://www.geoboundaries.org/api/current/gbOpen/IND/ADM2/,False,reviewed_alias,"District identity matched; 2021 reference geometry, NOT event-year boundary equivalence. No parent substitution.",Agar,76128533B29721759389119,Madhya Pradesh,0.990497407645692
2021,accepted_reference_boundary,Alirajpur,2,https://www.geoboundaries.org/api/current/gbOpen/IND/ADM2/,False,exact_or_spacing,"District identity matched; 2021 reference geometry, NOT event-year boundary equivalence. No parent substitution.",Alirajpur,76128533B35167844027544,Madhya Pradesh,0.9968504130814592
2021,accepted_reference_boundary,Khandwa,1,https://censusindia.gov.in/nada/index.php/catalog/42557,False,census_label_alias,"District identity matched; 2021 reference geometry, NOT event-year boundary equivalence. No parent substitution.",Khandwa (East Nimar),76128533B71271011331008,Madhya Pradesh,0.9997915835132077
2021,accepted_reference_boundary,Khargone,1,https://censusindia.gov.in/nada/index.php/catalog/42557,False,census_label_alias,"District identity matched; 2021 reference geometry, NOT event-year boundary equivalence. No parent substitution.",Khargone (West Nimar),76128533B69481535535995,Madhya Pradesh,0.9999907019167593
2021,accepted_reference_boundary,Narmadapuram,3,https://narmadapuram.nic.in/en/notice/regarding-changing-the-name-of-hoshangabad-city-and-district-to-narmadapuram/,False,reviewed_alias,"District identity matched; 2021 reference geometry, NOT event-year boundary equivalence. No parent substitution.",Hoshangabad,76128533B45314020251888,Madhya Pradesh,0.9999999999999989
2021,accepted_reference_boundary,Singrauli,1,https://www.geoboundaries.org/api/current/gbOpen/IND/ADM2/,False,exact_or_spacing,"District identity matched; 2021 reference geometry, NOT event-year boundary equivalence. No parent substitution.",Singrauli,76128533B50014751336341,Madhya Pradesh,0.9897022429521227
2021,accepted_reference_boundary,Ahilyanagar,1,https://rdd.maharashtra.gov.in/en/document/notification-regarding-changing-the-name-of-ahmednagar-to-ahilyanagar/,False,reviewed_alias,"District identity matched; 2021 reference geometry, NOT event-year boundary equivalence. No parent substitution.",Ahmadnagar,76128533B47816398970283,Maharashtra,1.000000000000003
2021,accepted_reference_boundary,Beed,1,https://censusindia.gov.in/nada/index.php/catalog/42557,False,census_label_alias,"District identity matched; 2021 reference geometry, NOT event-year boundary equivalence. No parent substitution.",Bid,76128533B5215906594478,Maharashtra,0.9999999999999993
2021,accepted_reference_boundary,Buldhana,1,https://censusindia.gov.in/nada/index.php/catalog/42557,False,census_label_alias,"District identity matched; 2021 reference geometry, NOT event-year boundary equivalence. No parent substitution.",Buldana,76128533B70021405538438,Maharashtra,0.9986329300169222
2021,accepted_reference_boundary,Gadchiroli,2,https://www.geoboundaries.org/api/current/gbOpen/IND/ADM2/,False,exact_or_spacing,"District identity matched; 2021 reference geometry, NOT event-year boundary equivalence. No parent substitution.",Gadchiroli,76128533B36958871695926,Maharashtra,0.9945141290003748
2021,accepted_reference_boundary,Gondia,2,https://censusindia.gov.in/nada/index.php/catalog/42557,False,census_label_alias,"District identity matched; 2021 reference geometry, NOT event-year boundary equivalence. No parent substitution.",Gondiya,76128533B76286653784168,Maharashtra,0.9971752523190285
2021,unresolved,Mumbai,1,https://www.geoboundaries.org/api/current/gbOpen/IND/ADM2/,False,exact_or_spacing,City versus suburban district scope is ambiguous; do not choose one or union both.,Mumbai,,Maharashtra,
2021,accepted_reference_boundary,Palghar,7,https://www.geoboundaries.org/api/current/gbOpen/IND/ADM2/,False,exact_or_spacing,"District identity matched; 2021 reference geometry, NOT event-year boundary equivalence. No parent substitution.",Palghar,76128533B37148244536449,Maharashtra,0.977525912864018
2021,accepted_reference_boundary,Raigad,5,https://censusindia.gov.in/nada/index.php/catalog/42557,False,census_label_alias,"District identity matched; 2021 reference geometry, NOT event-year boundary equivalence. No parent substitution.",Raigarh,76128533B99895802074414,Maharashtra,0.9871510494038614
2021,accepted_reference_boundary,Imphal East,3,https://www.geoboundaries.org/api/current/gbOpen/IND/ADM2/,False,exact_or_spacing,"District identity matched; 2021 reference geometry, NOT event-year boundary equivalence. No parent substitution.",Imphal East,76128533B30779259886340,Manipur,0.9999999999999998
2021,accepted_reference_boundary,Imphal West,3,https://www.geoboundaries.org/api/current/gbOpen/IND/ADM2/,False,exact_or_spacing,"District identity matched; 2021 reference geometry, NOT event-year boundary equivalence. No parent substitution.",Imphal West,76128533B99807650893733,Manipur,0.9999999999999996
2021,accepted_reference_boundary,Jiribam,1,https://www.geoboundaries.org/api/current/gbOpen/IND/ADM2/,False,exact_or_spacing,"District identity matched; 2021 reference geometry, NOT event-year boundary equivalence. No parent substitution.",Jiribam,76128533B64881202564500,Manipur,0.9683940052176159
2021,accepted_reference_boundary,Kangpokpi,1,https://www.geoboundaries.org/api/current/gbOpen/IND/ADM2/,False,exact_or_spacing,"District identity matched; 2021 reference geometry, NOT event-year boundary equivalence. No parent substitution.",Kangpokpi,76128533B56326354019534,Manipur,0.9999999999999978
2021,accepted_reference_boundary,Noney,1,https://www.geoboundaries.org/api/current/gbOpen/IND/ADM2/,False,exact_or_spacing,"District identity matched; 2021 reference geometry, NOT event-year boundary equivalence. No parent substitution.",Noney,76128533B36594996191182,Manipur,0.9999999999999981
2021,accepted_reference_boundary,Pherzawl,1,https://www.geoboundaries.org/api/current/gbOpen/IND/ADM2/,False,exact_or_spacing,"District identity matched; 2021 reference geometry, NOT event-year boundary equivalence. No parent substitution.",Pherzawl,76128533B71254158898830,Manipur,0.9743553509210934
2021,accepted_reference_boundary,East Jaintia Hills,2,https://www.geoboundaries.org/api/current/gbOpen/IND/ADM2/,False,exact_or_spacing,"District identity matched; 2021 reference geometry, NOT event-year boundary equivalence. No parent substitution.",East Jaintia Hills,76128533B70185077694103,Meghalaya,0.9935393817539592
2021,unresolved,Eastern West Khasi Hills,1,https://www.geoboundaries.org/api/current/gbOpen/IND/ADM2/,False,exact_or_spacing,No unique district polygon in the pinned reference layer; parent substitution prohibited.,Eastern West Khasi Hills,,Meghalaya,
2021,accepted_reference_boundary,North Garo Hills,2,https://www.geoboundaries.org/api/current/gbOpen/IND/ADM2/,False,exact_or_spacing,"District identity matched; 2021 reference geometry, NOT event-year boundary equivalence. No parent substitution.",North Garo Hills,76128533B35759455556328,Meghalaya,0.9765072506366478
2021,accepted_reference_boundary,South West Garo Hills,3,https://www.geoboundaries.org/api/current/gbOpen/IND/ADM2/,False,exact_or_spacing,"District identity matched; 2021 reference geometry, NOT event-year boundary equivalence. No parent substitution.",South West Garo Hills,76128533B52906466328910,Meghalaya,0.9914139549811829
2021,accepted_reference_boundary,South West Khasi Hills,1,https://www.geoboundaries.org/api/current/gbOpen/IND/ADM2/,False,exact_or_spacing,"District identity matched; 2021 reference geometry, NOT event-year boundary equivalence. No parent substitution.",South West Khasi Hills,76128533B27102120636500,Meghalaya,0.9987652227853935
2021,accepted_reference_boundary,West Jaintia Hills,2,https://www.geoboundaries.org/api/current/gbOpen/IND/ADM2/,False,exact_or_spacing,"District identity matched; 2021 reference geometry, NOT event-year boundary equivalence. No parent substitution.",West Jaintia Hills,76128533B84622469201834,Meghalaya,0.9945172966969166
2021,unresolved,Chumoukedima,1,https://www.geoboundaries.org/api/current/gbOpen/IND/ADM2/,False,exact_or_spacing,No unique district polygon in the pinned reference layer; parent substitution prohibited.,Chumoukedima,,Nagaland,
2021,accepted_reference_boundary,Kiphire,1,https://www.geoboundaries.org/api/current/gbOpen/IND/ADM2/,False,exact_or_spacing,"District identity matched; 2021 reference geometry, NOT event-year boundary equivalence. No parent substitution.",Kiphire,76128533B49100243723360,Nagaland,0.9405350808751002
2021,accepted_reference_boundary,Longleng,1,https://www.geoboundaries.org/api/current/gbOpen/IND/ADM2/,False,exact_or_spacing,"District identity matched; 2021 reference geometry, NOT event-year boundary equivalence. No parent substitution.",Longleng,76128533B66411945144923,Nagaland,0.9986215574851699
2021,accepted_reference_boundary,Peren,1,https://www.geoboundaries.org/api/current/gbOpen/IND/ADM2/,False,exact_or_spacing,"District identity matched; 2021 reference geometry, NOT event-year boundary equivalence. No parent substitution.",Peren,76128533B2970909480221,Nagaland,0.9654770094476648
2021,unresolved,Shamator,1,https://www.geoboundaries.org/api/current/gbOpen/IND/ADM2/,False,exact_or_spacing,No unique district polygon in the pinned reference layer; parent substitution prohibited.,Shamator,,Nagaland,
2021,accepted_reference_boundary,Balangir,1,https://www.geoboundaries.org/api/current/gbOpen/IND/ADM2/,False,exact_or_spacing,"District identity matched; 2021 reference geometry, NOT event-year boundary equivalence. No parent substitution.",Balangir,76128533B44395557448920,Odisha,0.9999999999999998
2021,accepted_reference_boundary,Balasore,1,https://censusindia.gov.in/nada/index.php/catalog/42557,False,census_label_alias,"District identity matched; 2021 reference geometry, NOT event-year boundary equivalence. No parent substitution.",Baleshwar,76128533B81147724102706,Odisha,0.9976280385141679
2021,accepted_reference_boundary,Bargarh,1,https://www.geoboundaries.org/api/current/gbOpen/IND/ADM2/,False,exact_or_spacing,"District identity matched; 2021 reference geometry, NOT event-year boundary equivalence. No parent substitution.",Bargarh,76128533B74482494441458,Odisha,0.9980549768983631
2021,accepted_reference_boundary,Bauda,1,https://censusindia.gov.in/nada/index.php/catalog/42557,False,census_label_alias,"District identity matched; 2021 reference geometry, NOT event-year boundary equivalence. No parent substitution.",Baudh,76128533B84772375641700,Odisha,1.000000000000001
2021,accepted_reference_boundary,Nabarangapur,1,https://www.geoboundaries.org/api/current/gbOpen/IND/ADM2/,False,exact_or_spacing,"District identity matched; 2021 reference geometry, NOT event-year boundary equivalence. No parent substitution.",Nabarangapur,76128533B99037046327658,Odisha,0.9971010210091772
2021,accepted_reference_boundary,Subarnapur,2,https://www.geoboundaries.org/api/current/gbOpen/IND/ADM2/,False,exact_or_spacing,"District identity matched; 2021 reference geometry, NOT event-year boundary equivalence. No parent substitution.",Subarnapur,76128533B6884509901047,Odisha,0.9999999999999998
2021,accepted_reference_boundary,Barnala,1,https://www.geoboundaries.org/api/current/gbOpen/IND/ADM2/,False,exact_or_spacing,"District identity matched; 2021 reference geometry, NOT event-year boundary equivalence. No parent substitution.",Barnala,76128533B39051871473194,Punjab,0.9999999999999972
2021,accepted_reference_boundary,Fazilka,4,https://www.geoboundaries.org/api/current/gbOpen/IND/ADM2/,False,exact_or_spacing,"District identity matched; 2021 reference geometry, NOT event-year boundary equivalence. No parent substitution.",Fazilka,76128533B7291413308870,Punjab,0.9983510552440527
2021,accepted_reference_boundary,Ferozepur,2,https://censusindia.gov.in/nada/index.php/catalog/42557,False,census_label_alias,"District identity matched; 2021 reference geometry, NOT event-year boundary equivalence. No parent substitution.",Firozpur,76128533B421757708753,Punjab,0.9999126481911498
2021,accepted_reference_boundary,Pathankot,4,https://www.geoboundaries.org/api/current/gbOpen/IND/ADM2/,False,exact_or_spacing,"District identity matched; 2021 reference geometry, NOT event-year boundary equivalence. No parent substitution.",Pathankot,76128533B19630094725383,Punjab,0.9321167782329953
2021,accepted_reference_boundary,SAS Nagar,2,https://censusindia.gov.in/nada/index.php/catalog/42557,False,census_label_alias,"District identity matched; 2021 reference geometry, NOT event-year boundary equivalence. No parent substitution.",Sahibzada Ajit Singh Nagar,76128533B12197302963241,Punjab,0.9692004752078438
2021,accepted_reference_boundary,SBS Nagar,2,https://censusindia.gov.in/nada/index.php/catalog/42557,False,census_label_alias,"District identity matched; 2021 reference geometry, NOT event-year boundary equivalence. No parent substitution.",Shahid Bhagat Singh Nagar,76128533B14984770113274,Punjab,0.9999999999999991
2021,accepted_reference_boundary,Sri Muktsar Sahib,1,https://censusindia.gov.in/nada/index.php/catalog/42557,False,census_label_alias,"District identity matched; 2021 reference geometry, NOT event-year boundary equivalence. No parent substitution.",Muktsar,76128533B50184713016881,Punjab,0.9985109219696818
2021,accepted_reference_boundary,Tarn Taran,3,https://www.geoboundaries.org/api/current/gbOpen/IND/ADM2/,False,exact_or_spacing,"District identity matched; 2021 reference geometry, NOT event-year boundary equivalence. No parent substitution.",Tarn Taran,76128533B54652028494758,Punjab,0.9999151230702198
2021,accepted_reference_boundary,Chittorgarh,1,https://censusindia.gov.in/nada/index.php/catalog/42557,False,census_label_alias,"District identity matched; 2021 reference geometry, NOT event-year boundary equivalence. No parent substitution.",Chittaurgarh,76128533B58527154065354,Rajasthan,0.9837473989960783
2021,accepted_reference_boundary,Dholpur,1,https://censusindia.gov.in/nada/index.php/catalog/42557,False,census_label_alias,"District identity matched; 2021 reference geometry, NOT event-year boundary equivalence. No parent substitution.",Dhaulpur,76128533B64898456093948,Rajasthan,0.9925873331775057
2021,accepted_reference_boundary,Jalore,2,https://censusindia.gov.in/nada/index.php/catalog/42557,False,census_label_alias,"District identity matched; 2021 reference geometry, NOT event-year boundary equivalence. No parent substitution.",Jalor,76128533B59459156188335,Rajasthan,0.9956327217610401
2021,unresolved,Gyalshing,1,https://www.geoboundaries.org/api/current/gbOpen/IND/ADM2/,False,exact_or_spacing,West District predates Soreng split; parent polygon would overstate remaining district.,Gyalshing,,Sikkim,
2021,accepted_reference_boundary,Mangan,3,https://sikkim.nic.in/district-centres/,False,reviewed_alias,"District identity matched; 2021 reference geometry, NOT event-year boundary equivalence. No parent substitution.",North District,76128533B65820903826030,Sikkim,0.9879056582976604
2021,accepted_reference_boundary,Chengalpattu,1,https://www.geoboundaries.org/api/current/gbOpen/IND/ADM2/,False,reviewed_alias,"District identity matched; 2021 reference geometry, NOT event-year boundary equivalence. No parent substitution.",Chengalputtu,76128533B88669134807148,Tamil Nadu,0.9999999999999973
2021,accepted_reference_boundary,Kallakurichi,1,https://www.geoboundaries.org/api/current/gbOpen/IND/ADM2/,False,exact_or_spacing,"District identity matched; 2021 reference geometry, NOT event-year boundary equivalence. No parent substitution.",Kallakurichi,76128533B19545859035458,Tamil Nadu,1.0000000000000018
2021,accepted_reference_boundary,Kanchipuram,1,https://www.geoboundaries.org/api/current/gbOpen/IND/ADM2/,False,reviewed_alias,"District identity matched; 2021 reference geometry, NOT event-year boundary equivalence. No parent substitution.",Kancheepuram,76128533B83644689337946,Tamil Nadu,0.9987609996791965
2021,accepted_reference_boundary,Kanyakumari,2,https://censusindia.gov.in/nada/index.php/catalog/42557,False,census_label_alias,"District identity matched; 2021 reference geometry, NOT event-year boundary equivalence. No parent substitution.",Kanniyakumari,76128533B53796141759805,Tamil Nadu,0.9939231842777053
2021,accepted_reference_boundary,Krishnagiri,1,https://www.geoboundaries.org/api/current/gbOpen/IND/ADM2/,False,exact_or_spacing,"District identity matched; 2021 reference geometry, NOT event-year boundary equivalence. No parent substitution.",Krishnagiri,76128533B35717069663408,Tamil Nadu,0.9972027594579838
2021,accepted_reference_boundary,Mayiladuthurai,1,https://www.geoboundaries.org/api/current/gbOpen/IND/ADM2/,False,exact_or_spacing,"District identity matched; 2021 reference geometry, NOT event-year boundary equivalence. No parent substitution.",Mayiladuthurai,76128533B63176236753619,Tamil Nadu,0.9964073857167511
2021,accepted_reference_boundary,Ranipet,1,https://www.geoboundaries.org/api/current/gbOpen/IND/ADM2/,False,exact_or_spacing,"District identity matched; 2021 reference geometry, NOT event-year boundary equivalence. No parent substitution.",Ranipet,76128533B22687502928564,Tamil Nadu,0.9962392594584926
2021,accepted_reference_boundary,Sivagangai,1,https://censusindia.gov.in/nada/index.php/catalog/42557,False,census_label_alias,"District identity matched; 2021 reference geometry, NOT event-year boundary equivalence. No parent substitution.",Sivaganga,76128533B89925537847414,Tamil Nadu,1.0000000000000007
2021,accepted_reference_boundary,Tenkasi,2,https://www.geoboundaries.org/api/current/gbOpen/IND/ADM2/,False,exact_or_spacing,"District identity matched; 2021 reference geometry, NOT event-year boundary equivalence. No parent substitution.",Tenkasi,76128533B27604563137530,Tamil Nadu,0.999564645709842
2021,accepted_reference_boundary,Thiruvarur,2,https://www.geoboundaries.org/api/current/gbOpen/IND/ADM2/,False,exact_or_spacing,"District identity matched; 2021 reference geometry, NOT event-year boundary equivalence. No parent substitution.",Thiruvarur,76128533B45072089356239,Tamil Nadu,0.9897444199527001
2021,accepted_reference_boundary,Thoothukkudi,2,https://www.geoboundaries.org/api/current/gbOpen/IND/ADM2/,False,exact_or_spacing,"District identity matched; 2021 reference geometry, NOT event-year boundary equivalence. No parent substitution.",Thoothukkudi,76128533B31241181851990,Tamil Nadu,0.9963177390128889
2021,accepted_reference_boundary,Tiruchirappalli,1,https://www.geoboundaries.org/api/current/gbOpen/IND/ADM2/,False,exact_or_spacing,"District identity matched; 2021 reference geometry, NOT event-year boundary equivalence. No parent substitution.",Tiruchirappalli,76128533B1645877589145,Tamil Nadu,1.000000000000005
2021,accepted_reference_boundary,Tirunelveli,2,https://www.geoboundaries.org/api/current/gbOpen/IND/ADM2/,False,exact_or_spacing,"District identity matched; 2021 reference geometry, NOT event-year boundary equivalence. No parent substitution.",Tirunelveli,76128533B52639434516056,Tamil Nadu,0.9992911861890176
2021,accepted_reference_boundary,Tirupattur,1,https://www.geoboundaries.org/api/current/gbOpen/IND/ADM2/,False,reviewed_alias,"District identity matched; 2021 reference geometry, NOT event-year boundary equivalence. No parent substitution.",Tirupathur,76128533B11403491783632,Tamil Nadu,0.9986948351165909
2021,accepted_reference_boundary,Tiruppur,1,https://www.geoboundaries.org/api/current/gbOpen/IND/ADM2/,False,exact_or_spacing,"District identity matched; 2021 reference geometry, NOT event-year boundary equivalence. No parent substitution.",Tiruppur,76128533B57036825942975,Tamil Nadu,0.999172390866006
2021,accepted_reference_boundary,Tiruvallur,1,https://censusindia.gov.in/nada/index.php/catalog/42557,False,census_label_alias,"District identity matched; 2021 reference geometry, NOT event-year boundary equivalence. No parent substitution.",Thiruvallur,76128533B45592431373253,Tamil Nadu,0.9835334472425208
2021,accepted_reference_boundary,Tiruvarur,1,https://censusindia.gov.in/nada/index.php/catalog/42557,False,census_label_alias,"District identity matched; 2021 reference geometry, NOT event-year boundary equivalence. No parent substitution.",Thiruvarur,76128533B45072089356239,Tamil Nadu,0.9897444199527001
2021,accepted_reference_boundary,Viluppuram,1,https://www.geoboundaries.org/api/current/gbOpen/IND/ADM2/,False,exact_or_spacing,"District identity matched; 2021 reference geometry, NOT event-year boundary equivalence. No parent substitution.",Viluppuram,76128533B86430586962522,Tamil Nadu,0.9949940837072219
2021,unresolved,Bhadradri Kothagudem,1,https://www.geoboundaries.org/api/current/gbOpen/IND/ADM2/,False,reviewed_alias,State containment below 90%; conflicting reference boundaries require review.,Bhadradri,76128533B30246762498957,Telangana,0.7397615475697691
2021,accepted_reference_boundary,Jayashankar Bhupalpally,1,https://www.geoboundaries.org/api/current/gbOpen/IND/ADM2/,False,reviewed_alias,"District identity matched; 2021 reference geometry, NOT event-year boundary equivalence. No parent substitution.",Jayashankar,76128533B60322704115131,Telangana,0.9964162092270301
2021,accepted_reference_boundary,Mancherial,1,https://www.geoboundaries.org/api/current/gbOpen/IND/ADM2/,False,exact_or_spacing,"District identity matched; 2021 reference geometry, NOT event-year boundary equivalence. No parent substitution.",Mancherial,76128533B53018054761164,Telangana,0.9980714793516005
2021,accepted_reference_boundary,Mulugu,1,https://www.geoboundaries.org/api/current/gbOpen/IND/ADM2/,False,exact_or_spacing,"District identity matched; 2021 reference geometry, NOT event-year boundary equivalence. No parent substitution.",Mulugu,76128533B84398038505400,Telangana,0.999946531404112
2021,accepted_reference_boundary,Nirmal,1,https://www.geoboundaries.org/api/current/gbOpen/IND/ADM2/,False,exact_or_spacing,"District identity matched; 2021 reference geometry, NOT event-year boundary equivalence. No parent substitution.",Nirmal,76128533B25280172436550,Telangana,0.9938197989755885
2021,accepted_reference_boundary,Ranga Reddy,1,https://www.geoboundaries.org/api/current/gbOpen/IND/ADM2/,False,exact_or_spacing,"District identity matched; 2021 reference geometry, NOT event-year boundary equivalence. No parent substitution.",Ranga Reddy,76128533B31175522938788,Telangana,0.9999999999999991
2021,accepted_reference_boundary,Gomati,5,https://www.geoboundaries.org/api/current/gbOpen/IND/ADM2/,False,exact_or_spacing,"District identity matched; 2021 reference geometry, NOT event-year boundary equivalence. No parent substitution.",Gomati,76128533B94126463611805,Tripura,0.9845477488171606
2021,accepted_reference_boundary,Khowai,4,https://www.geoboundaries.org/api/current/gbOpen/IND/ADM2/,False,exact_or_spacing,"District identity matched; 2021 reference geometry, NOT event-year boundary equivalence. No parent substitution.",Khowai,76128533B67044589012853,Tripura,0.9966869378294319
2021,accepted_reference_boundary,Sepahijala,3,https://www.geoboundaries.org/api/current/gbOpen/IND/ADM2/,False,reviewed_alias,"District identity matched; 2021 reference geometry, NOT event-year boundary equivalence. No parent substitution.",Sipahijula,76128533B43965372582859,Tripura,0.9878576079253633
2021,accepted_reference_boundary,Unakoti,4,https://www.geoboundaries.org/api/current/gbOpen/IND/ADM2/,False,reviewed_alias,"District identity matched; 2021 reference geometry, NOT event-year boundary equivalence. No parent substitution.",Unokoti,76128533B4720703924950,Tripura,0.9906259419708984
2021,accepted_reference_boundary,Amethi,1,https://www.geoboundaries.org/api/current/gbOpen/IND/ADM2/,False,exact_or_spacing,"District identity matched; 2021 reference geometry, NOT event-year boundary equivalence. No parent substitution.",Amethi,76128533B13908294104682,Uttar Pradesh,1.0000000000000016
2021,accepted_reference_boundary,Amroha,1,https://amroha.nic.in/history/,False,reviewed_alias,"District identity matched; 2021 reference geometry, NOT event-year boundary equivalence. No parent substitution.",Jyotiba Phule Nagar,76128533B21119051307760,Uttar Pradesh,0.999999999999999
2021,accepted_reference_boundary,Ayodhya,8,https://ayodhya.nic.in/,False,reviewed_alias,"District identity matched; 2021 reference geometry, NOT event-year boundary equivalence. No parent substitution.",Faizabad,76128533B60320291189162,Uttar Pradesh,0.9999999999999994
2021,accepted_reference_boundary,Budaun,6,https://www.geoboundaries.org/api/current/gbOpen/IND/ADM2/,False,exact_or_spacing,"District identity matched; 2021 reference geometry, NOT event-year boundary equivalence. No parent substitution.",Budaun,76128533B84679668760735,Uttar Pradesh,1.0000000000000027
2021,accepted_reference_boundary,Hapur,1,https://www.geoboundaries.org/api/current/gbOpen/IND/ADM2/,False,exact_or_spacing,"District identity matched; 2021 reference geometry, NOT event-year boundary equivalence. No parent substitution.",Hapur,76128533B87317961648652,Uttar Pradesh,0.9999999999999981
2021,accepted_reference_boundary,Kanpur Nagar,3,https://www.geoboundaries.org/api/current/gbOpen/IND/ADM2/,False,exact_or_spacing,"District identity matched; 2021 reference geometry, NOT event-year boundary equivalence. No parent substitution.",Kanpur Nagar,76128533B23710487943819,Uttar Pradesh,1.0000000000000029
2021,accepted_reference_boundary,Kasganj,2,https://www.geoboundaries.org/api/current/gbOpen/IND/ADM2/,False,reviewed_alias,"District identity matched; 2021 reference geometry, NOT event-year boundary equivalence. No parent substitution.",Kanshiram Nagar,76128533B7643504807381,Uttar Pradesh,1.0000000000000007
2021,accepted_reference_boundary,Prayagraj,3,https://prayagraj.nic.in/history/,False,reviewed_alias,"District identity matched; 2021 reference geometry, NOT event-year boundary equivalence. No parent substitution.",Allahabad,76128533B51368558457506,Uttar Pradesh,0.996502644026389
2021,accepted_reference_boundary,Shamli,1,https://www.geoboundaries.org/api/current/gbOpen/IND/ADM2/,False,reviewed_alias,"District identity matched; 2021 reference geometry, NOT event-year boundary equivalence. No parent substitution.",Samli,76128533B35465481868600,Uttar Pradesh,0.9998011750073198
2021,accepted_reference_boundary,Shrawasti,3,https://www.geoboundaries.org/api/current/gbOpen/IND/ADM2/,False,exact_or_spacing,"District identity matched; 2021 reference geometry, NOT event-year boundary equivalence. No parent substitution.",Shrawasti,76128533B34832354589031,Uttar Pradesh,0.9992042075087948
2021,accepted_reference_boundary,Alipurduar,6,https://www.geoboundaries.org/api/current/gbOpen/IND/ADM2/,False,exact_or_spacing,"District identity matched; 2021 reference geometry, NOT event-year boundary equivalence. No parent substitution.",Alipurduar,76128533B23858286755005,West Bengal,0.9656911694389393
2021,accepted_reference_boundary,Cooch Behar,6,https://censusindia.gov.in/nada/index.php/catalog/42557,False,census_label_alias,"District identity matched; 2021 reference geometry, NOT event-year boundary equivalence. No parent substitution.",Koch Bihar,76128533B64156747739715,West Bengal,0.9942317944280099
2021,accepted_reference_boundary,Darjeeling,8,https://www.geoboundaries.org/api/current/gbOpen/IND/ADM2/,False,reviewed_alias,"District identity matched; 2021 reference geometry, NOT event-year boundary equivalence. No parent substitution.",Darjiling,76128533B17109302371020,West Bengal,0.9758020480029443
2021,accepted_reference_boundary,East Medinipur,5,https://censusindia.gov.in/nada/index.php/catalog/42557,False,census_label_alias,"District identity matched; 2021 reference geometry, NOT event-year boundary equivalence. No parent substitution.",Purba Medinipur,76128533B25373378863054,West Bengal,0.948911342466063
2021,accepted_reference_boundary,Hooghly,5,https://censusindia.gov.in/nada/index.php/catalog/42557,False,census_label_alias,"District identity matched; 2021 reference geometry, NOT event-year boundary equivalence. No parent substitution.",Hugli,76128533B81857725777974,West Bengal,0.9999999999999968
2021,accepted_reference_boundary,Howrah,4,https://censusindia.gov.in/nada/index.php/catalog/42557,False,census_label_alias,"District identity matched; 2021 reference geometry, NOT event-year boundary equivalence. No parent substitution.",Haora,76128533B22077262393417,West Bengal,0.9911295436447722
2021,accepted_reference_boundary,Jhargram,4,https://www.geoboundaries.org/api/current/gbOpen/IND/ADM2/,False,exact_or_spacing,"District identity matched; 2021 reference geometry, NOT event-year boundary equivalence. No parent substitution.",Jhargram,76128533B24861976740713,West Bengal,0.9971647199211737
2021,accepted_reference_boundary,Kalimpong,5,https://www.geoboundaries.org/api/current/gbOpen/IND/ADM2/,False,exact_or_spacing,"District identity matched; 2021 reference geometry, NOT event-year boundary equivalence. No parent substitution.",Kalimpong,76128533B78458325839103,West Bengal,0.9724220390404619
2021,accepted_reference_boundary,Malda,4,https://censusindia.gov.in/nada/index.php/catalog/42557,False,census_label_alias,"District identity matched; 2021 reference geometry, NOT event-year boundary equivalence. No parent substitution.",Maldah,76128533B36734405131975,West Bengal,0.9876526858017726
2021,accepted_reference_boundary,Paschim Bardhaman,4,https://www.geoboundaries.org/api/current/gbOpen/IND/ADM2/,False,reviewed_alias,"District identity matched; 2021 reference geometry, NOT event-year boundary equivalence. No parent substitution.",Paschim Barddhaman,76128533B60845263086042,West Bengal,0.9964012185638987
2021,accepted_reference_boundary,Purba Bardhaman,4,https://www.geoboundaries.org/api/current/gbOpen/IND/ADM2/,False,reviewed_alias,"District identity matched; 2021 reference geometry, NOT event-year boundary equivalence. No parent substitution.",Barddhaman,76128533B59121537940607,West Bengal,0.9999999999999998
2021,accepted_reference_boundary,Purulia,4,https://censusindia.gov.in/nada/index.php/catalog/42557,False,census_label_alias,"District identity matched; 2021 reference geometry, NOT event-year boundary equivalence. No parent substitution.",Puruliya,76128533B16811573188243,West Bengal,0.9816691483216724
2021,accepted_reference_boundary,West Medinipur,5,https://www.geoboundaries.org/api/current/gbOpen/IND/ADM2/,False,reviewed_alias,"District identity matched; 2021 reference geometry, NOT event-year boundary equivalence. No parent substitution.",Paschim Medinipur,76128533B88812350838807,West Bengal,0.9998791282714329
