state,district,census_district_code,total_population,urban_population,rural_population,urban_population_share,census_year,source,match_status
Jammu and Kashmir,district_missing,,,,,,,,unresolved
Tamil Nadu,Virudhunagar,625,1942288.0,980226.0,962062.0,0.5046759285955533,2011.0,census_2011_official;file=census_2011_district_urban_rural.xlsx;sha256=acb01ddb965be41cf22a20f0e641fdbcc1f4a16e6b7bc9cf91478ce289f853e8;catalog=https://censusindia.gov.in/nada/index.php/catalog/42557,matched
Tamil Nadu,Virudunagar,,,,,,2011.0,census_2011_official,unmatched
Gujarat,Amreli,480,1514190.0,386635.0,1127555.0,0.2553411394871185,2011.0,census_2011_official;file=census_2011_district_urban_rural.xlsx;sha256=acb01ddb965be41cf22a20f0e641fdbcc1f4a16e6b7bc9cf91478ce289f853e8;catalog=https://censusindia.gov.in/nada/index.php/catalog/42557,matched
Gujarat,Morbi,,,,,,2011.0,census_2011_official,unmatched
Gujarat,Rajkot,476,3804558.0,2214050.0,1590508.0,0.5819467070813482,2011.0,census_2011_official;file=census_2011_district_urban_rural.xlsx;sha256=acb01ddb965be41cf22a20f0e641fdbcc1f4a16e6b7bc9cf91478ce289f853e8;catalog=https://censusindia.gov.in/nada/index.php/catalog/42557,matched
Gujarat,Surat,492,6081322.0,4849213.0,1232109.0,0.7973945467778223,2011.0,census_2011_official;file=census_2011_district_urban_rural.xlsx;sha256=acb01ddb965be41cf22a20f0e641fdbcc1f4a16e6b7bc9cf91478ce289f853e8;catalog=https://censusindia.gov.in/nada/index.php/catalog/42557,matched
Gujarat,Tapi,493,807022.0,79487.0,727535.0,0.09849421701019304,2011.0,census_2011_official;file=census_2011_district_urban_rural.xlsx;sha256=acb01ddb965be41cf22a20f0e641fdbcc1f4a16e6b7bc9cf91478ce289f853e8;catalog=https://censusindia.gov.in/nada/index.php/catalog/42557,matched
Maharashtra,district_missing,,,,,,,,unresolved
West Bengal,Darjiling,327,1846823.0,727963.0,1118860.0,0.39417042131270835,2011.0,census_2011_official;file=census_2011_district_urban_rural.xlsx;sha256=acb01ddb965be41cf22a20f0e641fdbcc1f4a16e6b7bc9cf91478ce289f853e8;catalog=https://censusindia.gov.in/nada/index.php/catalog/42557,matched
Arunachal Pradesh,district_missing,,,,,,,,unresolved
Haryana,district_missing,,,,,,,,unresolved
Himachal Pradesh,district_missing,,,,,,,,unresolved
Punjab,district_missing,,,,,,,,unresolved
Rajasthan,district_missing,,,,,,,,unresolved
Uttar Pradesh,district_missing,,,,,,,,unresolved
Uttarakhand,district_missing,,,,,,,,unresolved
Assam,Dhemaji,308,686133.0,48285.0,637848.0,0.07037265369833545,2011.0,census_2011_official;file=census_2011_district_urban_rural.xlsx;sha256=acb01ddb965be41cf22a20f0e641fdbcc1f4a16e6b7bc9cf91478ce289f853e8;catalog=https://censusindia.gov.in/nada/index.php/catalog/42557,matched
Assam,Kokrajhar,300,887142.0,54941.0,832201.0,0.06193033358808398,2011.0,census_2011_official;file=census_2011_district_urban_rural.xlsx;sha256=acb01ddb965be41cf22a20f0e641fdbcc1f4a16e6b7bc9cf91478ce289f853e8;catalog=https://censusindia.gov.in/nada/index.php/catalog/42557,matched
Assam,Lakhimpur,307,1042137.0,91333.0,950804.0,0.08764010873810257,2011.0,census_2011_official;file=census_2011_district_urban_rural.xlsx;sha256=acb01ddb965be41cf22a20f0e641fdbcc1f4a16e6b7bc9cf91478ce289f853e8;catalog=https://censusindia.gov.in/nada/index.php/catalog/42557,matched
Assam,Sonitpur,306,1924110.0,173845.0,1750265.0,0.09035086351611914,2011.0,census_2011_official;file=census_2011_district_urban_rural.xlsx;sha256=acb01ddb965be41cf22a20f0e641fdbcc1f4a16e6b7bc9cf91478ce289f853e8;catalog=https://censusindia.gov.in/nada/index.php/catalog/42557,matched
Assam,Darrang,325,928500.0,55494.0,873006.0,0.05976736672051696,2011.0,census_2011_official;file=census_2011_district_urban_rural.xlsx;sha256=acb01ddb965be41cf22a20f0e641fdbcc1f4a16e6b7bc9cf91478ce289f853e8;catalog=https://censusindia.gov.in/nada/index.php/catalog/42557,matched
Assam,Dhubri,301,1949258.0,203701.0,1745557.0,0.10450181556263974,2011.0,census_2011_official;file=census_2011_district_urban_rural.xlsx;sha256=acb01ddb965be41cf22a20f0e641fdbcc1f4a16e6b7bc9cf91478ce289f853e8;catalog=https://censusindia.gov.in/nada/index.php/catalog/42557,matched
Assam,Goalpara,302,1008183.0,138062.0,870121.0,0.1369414084546159,2011.0,census_2011_official;file=census_2011_district_urban_rural.xlsx;sha256=acb01ddb965be41cf22a20f0e641fdbcc1f4a16e6b7bc9cf91478ce289f853e8;catalog=https://censusindia.gov.in/nada/index.php/catalog/42557,matched
Assam,Jorhat,312,1092256.0,220534.0,871722.0,0.20190687897342746,2011.0,census_2011_official;file=census_2011_district_urban_rural.xlsx;sha256=acb01ddb965be41cf22a20f0e641fdbcc1f4a16e6b7bc9cf91478ce289f853e8;catalog=https://censusindia.gov.in/nada/index.php/catalog/42557,matched
Assam,Karbi Anglong,314,956313.0,112966.0,843347.0,0.11812659662683661,2011.0,census_2011_official;file=census_2011_district_urban_rural.xlsx;sha256=acb01ddb965be41cf22a20f0e641fdbcc1f4a16e6b7bc9cf91478ce289f853e8;catalog=https://censusindia.gov.in/nada/index.php/catalog/42557,matched
Assam,Morigaon,304,957423.0,73298.0,884125.0,0.07655759262102539,2011.0,census_2011_official;file=census_2011_district_urban_rural.xlsx;sha256=acb01ddb965be41cf22a20f0e641fdbcc1f4a16e6b7bc9cf91478ce289f853e8;catalog=https://censusindia.gov.in/nada/index.php/catalog/42557,matched
Assam,Udalguri,326,831668.0,37574.0,794094.0,0.04517908588523305,2011.0,census_2011_official;file=census_2011_district_urban_rural.xlsx;sha256=acb01ddb965be41cf22a20f0e641fdbcc1f4a16e6b7bc9cf91478ce289f853e8;catalog=https://censusindia.gov.in/nada/index.php/catalog/42557,matched
Gujarat,Banas Kantha,469,3120506.0,414915.0,2705591.0,0.13296401288765347,2011.0,census_2011_official;file=census_2011_district_urban_rural.xlsx;sha256=acb01ddb965be41cf22a20f0e641fdbcc1f4a16e6b7bc9cf91478ce289f853e8;catalog=https://censusindia.gov.in/nada/index.php/catalog/42557,matched
Gujarat,Kachchh,468,2092371.0,728535.0,1363836.0,0.34818633980302727,2011.0,census_2011_official;file=census_2011_district_urban_rural.xlsx;sha256=acb01ddb965be41cf22a20f0e641fdbcc1f4a16e6b7bc9cf91478ce289f853e8;catalog=https://censusindia.gov.in/nada/index.php/catalog/42557,matched
Gujarat,Patan,470,1343734.0,281081.0,1062653.0,0.20917904882960467,2011.0,census_2011_official;file=census_2011_district_urban_rural.xlsx;sha256=acb01ddb965be41cf22a20f0e641fdbcc1f4a16e6b7bc9cf91478ce289f853e8;catalog=https://censusindia.gov.in/nada/index.php/catalog/42557,matched
Madhya Pradesh,district_missing,,,,,,,,unresolved
Manipur,district_missing,,,,,,,,unresolved
Odisha,district_missing,,,,,,,,unresolved
West Bengal,Alipurduar,,,,,,2011.0,census_2011_official,unmatched
West Bengal,Jalpaiguri,328,3872846.0,1060351.0,2812495.0,0.27379116029917017,2011.0,census_2011_official;file=census_2011_district_urban_rural.xlsx;sha256=acb01ddb965be41cf22a20f0e641fdbcc1f4a16e6b7bc9cf91478ce289f853e8;catalog=https://censusindia.gov.in/nada/index.php/catalog/42557,matched
West Bengal,Maldah,332,3988845.0,541660.0,3447185.0,0.1357936946659998,2011.0,census_2011_official;file=census_2011_district_urban_rural.xlsx;sha256=acb01ddb965be41cf22a20f0e641fdbcc1f4a16e6b7bc9cf91478ce289f853e8;catalog=https://censusindia.gov.in/nada/index.php/catalog/42557,matched
Assam,district_missing,,,,,,,,unresolved
Assam,Barpeta,303,1693622.0,147353.0,1546269.0,0.08700465629284457,2011.0,census_2011_official;file=census_2011_district_urban_rural.xlsx;sha256=acb01ddb965be41cf22a20f0e641fdbcc1f4a16e6b7bc9cf91478ce289f853e8;catalog=https://censusindia.gov.in/nada/index.php/catalog/42557,matched
Assam,Bongaigaon,319,738804.0,109810.0,628994.0,0.1486321135240199,2011.0,census_2011_official;file=census_2011_district_urban_rural.xlsx;sha256=acb01ddb965be41cf22a20f0e641fdbcc1f4a16e6b7bc9cf91478ce289f853e8;catalog=https://censusindia.gov.in/nada/index.php/catalog/42557,matched
Assam,Cachar,316,1736617.0,315464.0,1421153.0,0.1816543313810702,2011.0,census_2011_official;file=census_2011_district_urban_rural.xlsx;sha256=acb01ddb965be41cf22a20f0e641fdbcc1f4a16e6b7bc9cf91478ce289f853e8;catalog=https://censusindia.gov.in/nada/index.php/catalog/42557,matched
Assam,Dibrugarh,310,1326335.0,243730.0,1082605.0,0.18376202090723687,2011.0,census_2011_official;file=census_2011_district_urban_rural.xlsx;sha256=acb01ddb965be41cf22a20f0e641fdbcc1f4a16e6b7bc9cf91478ce289f853e8;catalog=https://censusindia.gov.in/nada/index.php/catalog/42557,matched
Assam,Kamrup,321,1517542.0,142394.0,1375148.0,0.09383199937794143,2011.0,census_2011_official;file=census_2011_district_urban_rural.xlsx;sha256=acb01ddb965be41cf22a20f0e641fdbcc1f4a16e6b7bc9cf91478ce289f853e8;catalog=https://censusindia.gov.in/nada/index.php/catalog/42557,matched
Assam,Marigaon,,,,,,2011.0,census_2011_official,unmatched
Assam,Nalbari,323,771639.0,82730.0,688909.0,0.10721334717400235,2011.0,census_2011_official;file=census_2011_district_urban_rural.xlsx;sha256=acb01ddb965be41cf22a20f0e641fdbcc1f4a16e6b7bc9cf91478ce289f853e8;catalog=https://censusindia.gov.in/nada/index.php/catalog/42557,matched
Assam,Sibsagar,,,,,,2011.0,census_2011_official,unmatched
Assam,Tinsukia,309,1327929.0,264743.0,1063186.0,0.19936532751374508,2011.0,census_2011_official;file=census_2011_district_urban_rural.xlsx;sha256=acb01ddb965be41cf22a20f0e641fdbcc1f4a16e6b7bc9cf91478ce289f853e8;catalog=https://censusindia.gov.in/nada/index.php/catalog/42557,matched
Andhra Pradesh,Chittoor,554,4174064.0,1231386.0,2942678.0,0.29500889301170274,2011.0,census_2011_official;file=census_2011_district_urban_rural.xlsx;sha256=acb01ddb965be41cf22a20f0e641fdbcc1f4a16e6b7bc9cf91478ce289f853e8;catalog=https://censusindia.gov.in/nada/index.php/catalog/42557,matched
Andhra Pradesh,Nellore,,,,,,2011.0,census_2011_official,unmatched
Andhra Pradesh,Prakasam,549,3397448.0,664582.0,2732866.0,0.1956121182723032,2011.0,census_2011_official;file=census_2011_district_urban_rural.xlsx;sha256=acb01ddb965be41cf22a20f0e641fdbcc1f4a16e6b7bc9cf91478ce289f853e8;catalog=https://censusindia.gov.in/nada/index.php/catalog/42557,matched
Andhra Pradesh,Y.S.R.,551,2882469.0,979132.0,1903337.0,0.3396851796151147,2011.0,census_2011_official;file=census_2011_district_urban_rural.xlsx;sha256=acb01ddb965be41cf22a20f0e641fdbcc1f4a16e6b7bc9cf91478ce289f853e8;catalog=https://censusindia.gov.in/nada/index.php/catalog/42557,matched
Puducherry,district_missing,,,,,,,,unresolved
Tamil Nadu,Chennai,603,4646732.0,4646732.0,0.0,1.0,2011.0,census_2011_official;file=census_2011_district_urban_rural.xlsx;sha256=acb01ddb965be41cf22a20f0e641fdbcc1f4a16e6b7bc9cf91478ce289f853e8;catalog=https://censusindia.gov.in/nada/index.php/catalog/42557,matched
Tamil Nadu,Cuddalore,617,2605914.0,885189.0,1720725.0,0.33968465574842455,2011.0,census_2011_official;file=census_2011_district_urban_rural.xlsx;sha256=acb01ddb965be41cf22a20f0e641fdbcc1f4a16e6b7bc9cf91478ce289f853e8;catalog=https://censusindia.gov.in/nada/index.php/catalog/42557,matched
Tamil Nadu,Kancheepuram,604,3998252.0,2538336.0,1459916.0,0.6348614344468533,2011.0,census_2011_official;file=census_2011_district_urban_rural.xlsx;sha256=acb01ddb965be41cf22a20f0e641fdbcc1f4a16e6b7bc9cf91478ce289f853e8;catalog=https://censusindia.gov.in/nada/index.php/catalog/42557,matched
Tamil Nadu,Nagappattinam,,,,,,2011.0,census_2011_official,unmatched
Tamil Nadu,Thiruvallur,602,3728104.0,2428395.0,1299709.0,0.6513753371687055,2011.0,census_2011_official;file=census_2011_district_urban_rural.xlsx;sha256=acb01ddb965be41cf22a20f0e641fdbcc1f4a16e6b7bc9cf91478ce289f853e8;catalog=https://censusindia.gov.in/nada/index.php/catalog/42557,matched
Tamil Nadu,Thiruvarur,619,1264277.0,257795.0,1006482.0,0.2039070551785724,2011.0,census_2011_official;file=census_2011_district_urban_rural.xlsx;sha256=acb01ddb965be41cf22a20f0e641fdbcc1f4a16e6b7bc9cf91478ce289f853e8;catalog=https://censusindia.gov.in/nada/index.php/catalog/42557,matched
Tamil Nadu,Viluppuram,607,3458873.0,519088.0,2939785.0,0.1500743161139481,2011.0,census_2011_official;file=census_2011_district_urban_rural.xlsx;sha256=acb01ddb965be41cf22a20f0e641fdbcc1f4a16e6b7bc9cf91478ce289f853e8;catalog=https://censusindia.gov.in/nada/index.php/catalog/42557,matched
Nagaland,district_missing,,,,,,,,unresolved
Uttarakhand,Chamoli,057,391605.0,59396.0,332209.0,0.1516732421700438,2011.0,census_2011_official;file=census_2011_district_urban_rural.xlsx;sha256=acb01ddb965be41cf22a20f0e641fdbcc1f4a16e6b7bc9cf91478ce289f853e8;catalog=https://censusindia.gov.in/nada/index.php/catalog/42557,matched
Uttarakhand,Pithoragarh,062,483439.0,69605.0,413834.0,0.14397886806815338,2011.0,census_2011_official;file=census_2011_district_urban_rural.xlsx;sha256=acb01ddb965be41cf22a20f0e641fdbcc1f4a16e6b7bc9cf91478ce289f853e8;catalog=https://censusindia.gov.in/nada/index.php/catalog/42557,matched
Madhya Pradesh,Agar Malwa,,,,,,2011.0,census_2011_official,unmatched
Madhya Pradesh,Bhopal,444,2371061.0,1917051.0,454010.0,0.8085203206497007,2011.0,census_2011_official;file=census_2011_district_urban_rural.xlsx;sha256=acb01ddb965be41cf22a20f0e641fdbcc1f4a16e6b7bc9cf91478ce289f853e8;catalog=https://censusindia.gov.in/nada/index.php/catalog/42557,matched
Madhya Pradesh,Damoh,428,1264219.0,250551.0,1013668.0,0.19818639017448716,2011.0,census_2011_official;file=census_2011_district_urban_rural.xlsx;sha256=acb01ddb965be41cf22a20f0e641fdbcc1f4a16e6b7bc9cf91478ce289f853e8;catalog=https://censusindia.gov.in/nada/index.php/catalog/42557,matched
Madhya Pradesh,Harda,448,570465.0,119364.0,451101.0,0.20923983066445795,2011.0,census_2011_official;file=census_2011_district_urban_rural.xlsx;sha256=acb01ddb965be41cf22a20f0e641fdbcc1f4a16e6b7bc9cf91478ce289f853e8;catalog=https://censusindia.gov.in/nada/index.php/catalog/42557,matched
Madhya Pradesh,Hoshangabad,449,1241350.0,389986.0,851364.0,0.314162806621823,2011.0,census_2011_official;file=census_2011_district_urban_rural.xlsx;sha256=acb01ddb965be41cf22a20f0e641fdbcc1f4a16e6b7bc9cf91478ce289f853e8;catalog=https://censusindia.gov.in/nada/index.php/catalog/42557,matched
Madhya Pradesh,Jabalpur,451,2463289.0,1440034.0,1023255.0,0.5845980719274109,2011.0,census_2011_official;file=census_2011_district_urban_rural.xlsx;sha256=acb01ddb965be41cf22a20f0e641fdbcc1f4a16e6b7bc9cf91478ce289f853e8;catalog=https://censusindia.gov.in/nada/index.php/catalog/42557,matched
Madhya Pradesh,Mandla,454,1054905.0,130189.0,924716.0,0.12341300875434282,2011.0,census_2011_official;file=census_2011_district_urban_rural.xlsx;sha256=acb01ddb965be41cf22a20f0e641fdbcc1f4a16e6b7bc9cf91478ce289f853e8;catalog=https://censusindia.gov.in/nada/index.php/catalog/42557,matched
Madhya Pradesh,Panna,426,1016520.0,125335.0,891185.0,0.12329811513792154,2011.0,census_2011_official;file=census_2011_district_urban_rural.xlsx;sha256=acb01ddb965be41cf22a20f0e641fdbcc1f4a16e6b7bc9cf91478ce289f853e8;catalog=https://censusindia.gov.in/nada/index.php/catalog/42557,matched
Madhya Pradesh,Raisen,446,1331597.0,303425.0,1028172.0,0.2278654878315286,2011.0,census_2011_official;file=census_2011_district_urban_rural.xlsx;sha256=acb01ddb965be41cf22a20f0e641fdbcc1f4a16e6b7bc9cf91478ce289f853e8;catalog=https://censusindia.gov.in/nada/index.php/catalog/42557,matched
Madhya Pradesh,Rewa,430,2365106.0,395785.0,1969321.0,0.16734345099120293,2011.0,census_2011_official;file=census_2011_district_urban_rural.xlsx;sha256=acb01ddb965be41cf22a20f0e641fdbcc1f4a16e6b7bc9cf91478ce289f853e8;catalog=https://censusindia.gov.in/nada/index.php/catalog/42557,matched
Madhya Pradesh,Sagar,427,2378458.0,708796.0,1669662.0,0.2980065235543365,2011.0,census_2011_official;file=census_2011_district_urban_rural.xlsx;sha256=acb01ddb965be41cf22a20f0e641fdbcc1f4a16e6b7bc9cf91478ce289f853e8;catalog=https://censusindia.gov.in/nada/index.php/catalog/42557,matched
Madhya Pradesh,Satna,429,2228935.0,474418.0,1754517.0,0.21284514801912124,2011.0,census_2011_official;file=census_2011_district_urban_rural.xlsx;sha256=acb01ddb965be41cf22a20f0e641fdbcc1f4a16e6b7bc9cf91478ce289f853e8;catalog=https://censusindia.gov.in/nada/index.php/catalog/42557,matched
Madhya Pradesh,Sehore,445,1311332.0,248462.0,1062870.0,0.18947299387187988,2011.0,census_2011_official;file=census_2011_district_urban_rural.xlsx;sha256=acb01ddb965be41cf22a20f0e641fdbcc1f4a16e6b7bc9cf91478ce289f853e8;catalog=https://censusindia.gov.in/nada/index.php/catalog/42557,matched
Madhya Pradesh,Seoni,456,1379131.0,163890.0,1215241.0,0.11883570161210211,2011.0,census_2011_official;file=census_2011_district_urban_rural.xlsx;sha256=acb01ddb965be41cf22a20f0e641fdbcc1f4a16e6b7bc9cf91478ce289f853e8;catalog=https://censusindia.gov.in/nada/index.php/catalog/42557,matched
Madhya Pradesh,Shajapur,436,1512681.0,293548.0,1219133.0,0.19405809949354821,2011.0,census_2011_official;file=census_2011_district_urban_rural.xlsx;sha256=acb01ddb965be41cf22a20f0e641fdbcc1f4a16e6b7bc9cf91478ce289f853e8;catalog=https://censusindia.gov.in/nada/index.php/catalog/42557,matched
Madhya Pradesh,Tikamgarh,424,1445166.0,249873.0,1195293.0,0.17290262848696966,2011.0,census_2011_official;file=census_2011_district_urban_rural.xlsx;sha256=acb01ddb965be41cf22a20f0e641fdbcc1f4a16e6b7bc9cf91478ce289f853e8;catalog=https://censusindia.gov.in/nada/index.php/catalog/42557,matched
Madhya Pradesh,Vidisha,443,1458875.0,339618.0,1119257.0,0.23279444777654015,2011.0,census_2011_official;file=census_2011_district_urban_rural.xlsx;sha256=acb01ddb965be41cf22a20f0e641fdbcc1f4a16e6b7bc9cf91478ce289f853e8;catalog=https://censusindia.gov.in/nada/index.php/catalog/42557,matched
Bihar,district_missing,,,,,,,,unresolved
Assam,Golaghat,313,1066888.0,97736.0,969152.0,0.09160849123806811,2011.0,census_2011_official;file=census_2011_district_urban_rural.xlsx;sha256=acb01ddb965be41cf22a20f0e641fdbcc1f4a16e6b7bc9cf91478ce289f853e8;catalog=https://censusindia.gov.in/nada/index.php/catalog/42557,matched
Assam,Dhuburi,,,,,,2011.0,census_2011_official,unmatched
Gujarat,Chhota Udaipur,,,,,,2011.0,census_2011_official,unmatched
Gujarat,Navsari,490,1329672.0,409137.0,920535.0,0.3076976878508384,2011.0,census_2011_official;file=census_2011_district_urban_rural.xlsx;sha256=acb01ddb965be41cf22a20f0e641fdbcc1f4a16e6b7bc9cf91478ce289f853e8;catalog=https://censusindia.gov.in/nada/index.php/catalog/42557,matched
Gujarat,Vadodara,486,4165626.0,2065771.0,2099855.0,0.49590889820641604,2011.0,census_2011_official;file=census_2011_district_urban_rural.xlsx;sha256=acb01ddb965be41cf22a20f0e641fdbcc1f4a16e6b7bc9cf91478ce289f853e8;catalog=https://censusindia.gov.in/nada/index.php/catalog/42557,matched
Gujarat,Valsad,491,1705678.0,635501.0,1070177.0,0.3725797014442351,2011.0,census_2011_official;file=census_2011_district_urban_rural.xlsx;sha256=acb01ddb965be41cf22a20f0e641fdbcc1f4a16e6b7bc9cf91478ce289f853e8;catalog=https://censusindia.gov.in/nada/index.php/catalog/42557,matched
Maharashtra,Kolhapur,530,3876001.0,1230009.0,2645992.0,0.3173397014087458,2011.0,census_2011_official;file=census_2011_district_urban_rural.xlsx;sha256=acb01ddb965be41cf22a20f0e641fdbcc1f4a16e6b7bc9cf91478ce289f853e8;catalog=https://censusindia.gov.in/nada/index.php/catalog/42557,matched
Maharashtra,Nashik,516,6107187.0,2597373.0,3509814.0,0.42529776802315045,2011.0,census_2011_official;file=census_2011_district_urban_rural.xlsx;sha256=acb01ddb965be41cf22a20f0e641fdbcc1f4a16e6b7bc9cf91478ce289f853e8;catalog=https://censusindia.gov.in/nada/index.php/catalog/42557,matched
Maharashtra,Palghar,,,,,,2011.0,census_2011_official,unmatched
Maharashtra,Pune,521,9429408.0,5751182.0,3678226.0,0.6099197319704482,2011.0,census_2011_official;file=census_2011_district_urban_rural.xlsx;sha256=acb01ddb965be41cf22a20f0e641fdbcc1f4a16e6b7bc9cf91478ce289f853e8;catalog=https://censusindia.gov.in/nada/index.php/catalog/42557,matched
Maharashtra,Raigarh,520,2634200.0,970195.0,1664005.0,0.36830726596310076,2011.0,census_2011_official;file=census_2011_district_urban_rural.xlsx;sha256=acb01ddb965be41cf22a20f0e641fdbcc1f4a16e6b7bc9cf91478ce289f853e8;catalog=https://censusindia.gov.in/nada/index.php/catalog/42557,matched
Maharashtra,Ratnagiri,528,1615069.0,263723.0,1351346.0,0.16328899879819375,2011.0,census_2011_official;file=census_2011_district_urban_rural.xlsx;sha256=acb01ddb965be41cf22a20f0e641fdbcc1f4a16e6b7bc9cf91478ce289f853e8;catalog=https://censusindia.gov.in/nada/index.php/catalog/42557,matched
Maharashtra,Satara,527,3003741.0,570378.0,2433363.0,0.18988920815742769,2011.0,census_2011_official;file=census_2011_district_urban_rural.xlsx;sha256=acb01ddb965be41cf22a20f0e641fdbcc1f4a16e6b7bc9cf91478ce289f853e8;catalog=https://censusindia.gov.in/nada/index.php/catalog/42557,matched
Maharashtra,Thane,517,11060148.0,8514678.0,2545470.0,0.7698520851619707,2011.0,census_2011_official;file=census_2011_district_urban_rural.xlsx;sha256=acb01ddb965be41cf22a20f0e641fdbcc1f4a16e6b7bc9cf91478ce289f853e8;catalog=https://censusindia.gov.in/nada/index.php/catalog/42557,matched
Andhra Pradesh,district_missing,,,,,,,,unresolved
Telangana,district_missing,,,,,,,,unresolved
Gujarat,district_missing,,,,,,,,unresolved
Gujarat,Banaskantha,,,,,,2011.0,census_2011_official,unmatched
Gujarat,Sabarkantha,,,,,,2011.0,census_2011_official,unmatched
Rajasthan,Barmer,115,2603751.0,181837.0,2421914.0,0.06983655503156792,2011.0,census_2011_official;file=census_2011_district_urban_rural.xlsx;sha256=acb01ddb965be41cf22a20f0e641fdbcc1f4a16e6b7bc9cf91478ce289f853e8;catalog=https://censusindia.gov.in/nada/index.php/catalog/42557,matched
Rajasthan,Jalore,,,,,,2011.0,census_2011_official,unmatched
Rajasthan,Pali,118,2037573.0,460006.0,1577567.0,0.2257617273098927,2011.0,census_2011_official;file=census_2011_district_urban_rural.xlsx;sha256=acb01ddb965be41cf22a20f0e641fdbcc1f4a16e6b7bc9cf91478ce289f853e8;catalog=https://censusindia.gov.in/nada/index.php/catalog/42557,matched
Rajasthan,Sirohi,117,1036346.0,208654.0,827692.0,0.201336233265724,2011.0,census_2011_official;file=census_2011_district_urban_rural.xlsx;sha256=acb01ddb965be41cf22a20f0e641fdbcc1f4a16e6b7bc9cf91478ce289f853e8;catalog=https://censusindia.gov.in/nada/index.php/catalog/42557,matched
Rajasthan,Udaipur,130,3068420.0,608426.0,2459994.0,0.19828641450648868,2011.0,census_2011_official;file=census_2011_district_urban_rural.xlsx;sha256=acb01ddb965be41cf22a20f0e641fdbcc1f4a16e6b7bc9cf91478ce289f853e8;catalog=https://censusindia.gov.in/nada/index.php/catalog/42557,matched
West Bengal,Kolkata,342,4496694.0,4496694.0,0.0,1.0,2011.0,census_2011_official;file=census_2011_district_urban_rural.xlsx;sha256=acb01ddb965be41cf22a20f0e641fdbcc1f4a16e6b7bc9cf91478ce289f853e8;catalog=https://censusindia.gov.in/nada/index.php/catalog/42557,matched
Assam,Karimganj,317,1228686.0,109700.0,1118986.0,0.08928237157418575,2011.0,census_2011_official;file=census_2011_district_urban_rural.xlsx;sha256=acb01ddb965be41cf22a20f0e641fdbcc1f4a16e6b7bc9cf91478ce289f853e8;catalog=https://censusindia.gov.in/nada/index.php/catalog/42557,matched
Jharkhand,district_missing,,,,,,,,unresolved
Assam,Charaideo,,,,,,2011.0,census_2011_official,unmatched
Assam,Chirang,320,482162.0,35337.0,446825.0,0.07328864572488085,2011.0,census_2011_official;file=census_2011_district_urban_rural.xlsx;sha256=acb01ddb965be41cf22a20f0e641fdbcc1f4a16e6b7bc9cf91478ce289f853e8;catalog=https://censusindia.gov.in/nada/index.php/catalog/42557,matched
Assam,Majuli,,,,,,2011.0,census_2011_official,unmatched
Assam,Nagaon,305,2823768.0,369534.0,2454234.0,0.13086556685960035,2011.0,census_2011_official;file=census_2011_district_urban_rural.xlsx;sha256=acb01ddb965be41cf22a20f0e641fdbcc1f4a16e6b7bc9cf91478ce289f853e8;catalog=https://censusindia.gov.in/nada/index.php/catalog/42557,matched
Assam,Sivasagar,311,1151050.0,110096.0,1040954.0,0.09564832109812779,2011.0,census_2011_official;file=census_2011_district_urban_rural.xlsx;sha256=acb01ddb965be41cf22a20f0e641fdbcc1f4a16e6b7bc9cf91478ce289f853e8;catalog=https://censusindia.gov.in/nada/index.php/catalog/42557,matched
Assam,South Salmara,,,,,,2011.0,census_2011_official,unmatched
Manipur,Bishnupur,275,237399.0,87505.0,149894.0,0.3685988567769873,2011.0,census_2011_official;file=census_2011_district_urban_rural.xlsx;sha256=acb01ddb965be41cf22a20f0e641fdbcc1f4a16e6b7bc9cf91478ce289f853e8;catalog=https://censusindia.gov.in/nada/index.php/catalog/42557,matched
Manipur,East Imphal,,,,,,2011.0,census_2011_official,unmatched
Manipur,Imphal East,278,456113.0,183207.0,272906.0,0.4016702001477704,2011.0,census_2011_official;file=census_2011_district_urban_rural.xlsx;sha256=acb01ddb965be41cf22a20f0e641fdbcc1f4a16e6b7bc9cf91478ce289f853e8;catalog=https://censusindia.gov.in/nada/index.php/catalog/42557,matched
Manipur,Imphal West,277,517992.0,322879.0,195113.0,0.6233281595082549,2011.0,census_2011_official;file=census_2011_district_urban_rural.xlsx;sha256=acb01ddb965be41cf22a20f0e641fdbcc1f4a16e6b7bc9cf91478ce289f853e8;catalog=https://censusindia.gov.in/nada/index.php/catalog/42557,matched
Manipur,Thoubal,276,422168.0,151333.0,270835.0,0.35846629777718825,2011.0,census_2011_official;file=census_2011_district_urban_rural.xlsx;sha256=acb01ddb965be41cf22a20f0e641fdbcc1f4a16e6b7bc9cf91478ce289f853e8;catalog=https://censusindia.gov.in/nada/index.php/catalog/42557,matched
Manipur,West Imphal,,,,,,2011.0,census_2011_official,unmatched
Bihar,Araria,209,2811569.0,168777.0,2642792.0,0.06002947108891868,2011.0,census_2011_official;file=census_2011_district_urban_rural.xlsx;sha256=acb01ddb965be41cf22a20f0e641fdbcc1f4a16e6b7bc9cf91478ce289f853e8;catalog=https://censusindia.gov.in/nada/index.php/catalog/42557,matched
Bihar,Jogbani,,,,,,2011.0,census_2011_official,unmatched
West Bengal,district_missing,,,,,,,,unresolved
Uttar Pradesh,Ambedkar Nagar,178,2397888.0,280730.0,2117158.0,0.11707385832866256,2011.0,census_2011_official;file=census_2011_district_urban_rural.xlsx;sha256=acb01ddb965be41cf22a20f0e641fdbcc1f4a16e6b7bc9cf91478ce289f853e8;catalog=https://censusindia.gov.in/nada/index.php/catalog/42557,matched
Uttar Pradesh,Azamgarh,191,4613913.0,393401.0,4220512.0,0.08526406978198332,2011.0,census_2011_official;file=census_2011_district_urban_rural.xlsx;sha256=acb01ddb965be41cf22a20f0e641fdbcc1f4a16e6b7bc9cf91478ce289f853e8;catalog=https://censusindia.gov.in/nada/index.php/catalog/42557,matched
Uttar Pradesh,Badaun,,,,,,2011.0,census_2011_official,unmatched
Uttar Pradesh,Bahraich,180,3487731.0,284044.0,3203687.0,0.08144091387781913,2011.0,census_2011_official;file=census_2011_district_urban_rural.xlsx;sha256=acb01ddb965be41cf22a20f0e641fdbcc1f4a16e6b7bc9cf91478ce289f853e8;catalog=https://censusindia.gov.in/nada/index.php/catalog/42557,matched
Uttar Pradesh,Ballia,193,3239774.0,304109.0,2935665.0,0.0938673500065128,2011.0,census_2011_official;file=census_2011_district_urban_rural.xlsx;sha256=acb01ddb965be41cf22a20f0e641fdbcc1f4a16e6b7bc9cf91478ce289f853e8;catalog=https://censusindia.gov.in/nada/index.php/catalog/42557,matched
Uttar Pradesh,Balrampur,182,2148665.0,166391.0,1982274.0,0.07743924716044613,2011.0,census_2011_official;file=census_2011_district_urban_rural.xlsx;sha256=acb01ddb965be41cf22a20f0e641fdbcc1f4a16e6b7bc9cf91478ce289f853e8;catalog=https://censusindia.gov.in/nada/index.php/catalog/42557,matched
Uttar Pradesh,Bara Banki,176,3260699.0,330803.0,2929896.0,0.1014515599262612,2011.0,census_2011_official;file=census_2011_district_urban_rural.xlsx;sha256=acb01ddb965be41cf22a20f0e641fdbcc1f4a16e6b7bc9cf91478ce289f853e8;catalog=https://censusindia.gov.in/nada/index.php/catalog/42557,matched
Uttar Pradesh,Barabanki,,,,,,2011.0,census_2011_official,unmatched
Uttar Pradesh,Basti,185,2464464.0,138097.0,2326367.0,0.05603530828610197,2011.0,census_2011_official;file=census_2011_district_urban_rural.xlsx;sha256=acb01ddb965be41cf22a20f0e641fdbcc1f4a16e6b7bc9cf91478ce289f853e8;catalog=https://censusindia.gov.in/nada/index.php/catalog/42557,matched
Uttar Pradesh,Bijnor,134,3682713.0,925312.0,2757401.0,0.25125824358292376,2011.0,census_2011_official;file=census_2011_district_urban_rural.xlsx;sha256=acb01ddb965be41cf22a20f0e641fdbcc1f4a16e6b7bc9cf91478ce289f853e8;catalog=https://censusindia.gov.in/nada/index.php/catalog/42557,matched
Uttar Pradesh,Budaun,149,3681896.0,644595.0,3037301.0,0.17507148490886218,2011.0,census_2011_official;file=census_2011_district_urban_rural.xlsx;sha256=acb01ddb965be41cf22a20f0e641fdbcc1f4a16e6b7bc9cf91478ce289f853e8;catalog=https://censusindia.gov.in/nada/index.php/catalog/42557,matched
Uttar Pradesh,Deoria,190,3100946.0,316803.0,2784143.0,0.10216333983242533,2011.0,census_2011_official;file=census_2011_district_urban_rural.xlsx;sha256=acb01ddb965be41cf22a20f0e641fdbcc1f4a16e6b7bc9cf91478ce289f853e8;catalog=https://censusindia.gov.in/nada/index.php/catalog/42557,matched
Uttar Pradesh,Faizabad,177,2470996.0,340253.0,2130743.0,0.13769872553415707,2011.0,census_2011_official;file=census_2011_district_urban_rural.xlsx;sha256=acb01ddb965be41cf22a20f0e641fdbcc1f4a16e6b7bc9cf91478ce289f853e8;catalog=https://censusindia.gov.in/nada/index.php/catalog/42557,matched
Uttar Pradesh,Farrukhabad,159,1885204.0,416185.0,1469019.0,0.22076390671778756,2011.0,census_2011_official;file=census_2011_district_urban_rural.xlsx;sha256=acb01ddb965be41cf22a20f0e641fdbcc1f4a16e6b7bc9cf91478ce289f853e8;catalog=https://censusindia.gov.in/nada/index.php/catalog/42557,matched
Uttar Pradesh,Ghazipur,195,3620268.0,274360.0,3345908.0,0.07578444468752037,2011.0,census_2011_official;file=census_2011_district_urban_rural.xlsx;sha256=acb01ddb965be41cf22a20f0e641fdbcc1f4a16e6b7bc9cf91478ce289f853e8;catalog=https://censusindia.gov.in/nada/index.php/catalog/42557,matched
Uttar Pradesh,Gonda,183,3433919.0,225029.0,3208890.0,0.06553124869864432,2011.0,census_2011_official;file=census_2011_district_urban_rural.xlsx;sha256=acb01ddb965be41cf22a20f0e641fdbcc1f4a16e6b7bc9cf91478ce289f853e8;catalog=https://censusindia.gov.in/nada/index.php/catalog/42557,matched
Uttar Pradesh,Gorakhpur,188,4440895.0,836129.0,3604766.0,0.1882793896275413,2011.0,census_2011_official;file=census_2011_district_urban_rural.xlsx;sha256=acb01ddb965be41cf22a20f0e641fdbcc1f4a16e6b7bc9cf91478ce289f853e8;catalog=https://censusindia.gov.in/nada/index.php/catalog/42557,matched
Uttar Pradesh,Kushinagar,189,3564544.0,168107.0,3396437.0,0.047160871067940244,2011.0,census_2011_official;file=census_2011_district_urban_rural.xlsx;sha256=acb01ddb965be41cf22a20f0e641fdbcc1f4a16e6b7bc9cf91478ce289f853e8;catalog=https://censusindia.gov.in/nada/index.php/catalog/42557,matched
Uttar Pradesh,Lakhimpur Kheri,,,,,,2011.0,census_2011_official,unmatched
Uttar Pradesh,Maharajganj,,,,,,2011.0,census_2011_official,unmatched
Uttar Pradesh,Mau,192,2205968.0,499208.0,1706760.0,0.22629884023702973,2011.0,census_2011_official;file=census_2011_district_urban_rural.xlsx;sha256=acb01ddb965be41cf22a20f0e641fdbcc1f4a16e6b7bc9cf91478ce289f853e8;catalog=https://censusindia.gov.in/nada/index.php/catalog/42557,matched
Uttar Pradesh,Mirzapur,199,2496970.0,347567.0,2149403.0,0.13919550495200184,2011.0,census_2011_official;file=census_2011_district_urban_rural.xlsx;sha256=acb01ddb965be41cf22a20f0e641fdbcc1f4a16e6b7bc9cf91478ce289f853e8;catalog=https://censusindia.gov.in/nada/index.php/catalog/42557,matched
Uttar Pradesh,Muzaffarnagar,133,4143512.0,1191312.0,2952200.0,0.28751262214276196,2011.0,census_2011_official;file=census_2011_district_urban_rural.xlsx;sha256=acb01ddb965be41cf22a20f0e641fdbcc1f4a16e6b7bc9cf91478ce289f853e8;catalog=https://censusindia.gov.in/nada/index.php/catalog/42557,matched
Uttar Pradesh,Pilibhit,151,2031007.0,351415.0,1679592.0,0.17302500680696817,2011.0,census_2011_official;file=census_2011_district_urban_rural.xlsx;sha256=acb01ddb965be41cf22a20f0e641fdbcc1f4a16e6b7bc9cf91478ce289f853e8;catalog=https://censusindia.gov.in/nada/index.php/catalog/42557,matched
Uttar Pradesh,Sant Kabir Nagar,186,1715183.0,128531.0,1586652.0,0.07493719329074507,2011.0,census_2011_official;file=census_2011_district_urban_rural.xlsx;sha256=acb01ddb965be41cf22a20f0e641fdbcc1f4a16e6b7bc9cf91478ce289f853e8;catalog=https://censusindia.gov.in/nada/index.php/catalog/42557,matched
Uttar Pradesh,Shamli,,,,,,2011.0,census_2011_official,unmatched
Uttar Pradesh,Shravasti,,,,,,2011.0,census_2011_official,unmatched
Uttar Pradesh,Siddharth Nagar,,,,,,2011.0,census_2011_official,unmatched
Uttar Pradesh,Sitapur,154,4483992.0,530784.0,3953208.0,0.11837309254789036,2011.0,census_2011_official;file=census_2011_district_urban_rural.xlsx;sha256=acb01ddb965be41cf22a20f0e641fdbcc1f4a16e6b7bc9cf91478ce289f853e8;catalog=https://censusindia.gov.in/nada/index.php/catalog/42557,matched
Maharashtra,Mumbai City,,,,,,2011.0,census_2011_official,unmatched
Maharashtra,Mumbai Suburban,518,9356962.0,9356962.0,0.0,1.0,2011.0,census_2011_official;file=census_2011_district_urban_rural.xlsx;sha256=acb01ddb965be41cf22a20f0e641fdbcc1f4a16e6b7bc9cf91478ce289f853e8;catalog=https://censusindia.gov.in/nada/index.php/catalog/42557,matched
Tamil Nadu,Chenai,,,,,,2011.0,census_2011_official,unmatched
Tripura,district_missing,,,,,,,,unresolved
Karnataka,Dakshin Kannad,,,,,,2011.0,census_2011_official,unmatched
Karnataka,Dakshina Kannada,575,2089649.0,996086.0,1093563.0,0.47667622648588354,2011.0,census_2011_official;file=census_2011_district_urban_rural.xlsx;sha256=acb01ddb965be41cf22a20f0e641fdbcc1f4a16e6b7bc9cf91478ce289f853e8;catalog=https://censusindia.gov.in/nada/index.php/catalog/42557,matched
Karnataka,Udupi,569,1177361.0,334061.0,843300.0,0.2837371035731607,2011.0,census_2011_official;file=census_2011_district_urban_rural.xlsx;sha256=acb01ddb965be41cf22a20f0e641fdbcc1f4a16e6b7bc9cf91478ce289f853e8;catalog=https://censusindia.gov.in/nada/index.php/catalog/42557,matched
Kerala,Alappuzha,598,2127789.0,1148146.0,979643.0,0.5395957963877057,2011.0,census_2011_official;file=census_2011_district_urban_rural.xlsx;sha256=acb01ddb965be41cf22a20f0e641fdbcc1f4a16e6b7bc9cf91478ce289f853e8;catalog=https://censusindia.gov.in/nada/index.php/catalog/42557,matched
Kerala,Chengannur,,,,,,2011.0,census_2011_official,unmatched
Kerala,Thrissur,594,3121200.0,2096406.0,1024794.0,0.6716666666666666,2011.0,census_2011_official;file=census_2011_district_urban_rural.xlsx;sha256=acb01ddb965be41cf22a20f0e641fdbcc1f4a16e6b7bc9cf91478ce289f853e8;catalog=https://censusindia.gov.in/nada/index.php/catalog/42557,matched
Maharashtra,Mumbai,519,3085411.0,3085411.0,0.0,1.0,2011.0,census_2011_official;file=census_2011_district_urban_rural.xlsx;sha256=acb01ddb965be41cf22a20f0e641fdbcc1f4a16e6b7bc9cf91478ce289f853e8;catalog=https://censusindia.gov.in/nada/index.php/catalog/42557,matched
Assam,Baksa,324,950075.0,12242.0,937833.0,0.012885298529063494,2011.0,census_2011_official;file=census_2011_district_urban_rural.xlsx;sha256=acb01ddb965be41cf22a20f0e641fdbcc1f4a16e6b7bc9cf91478ce289f853e8;catalog=https://censusindia.gov.in/nada/index.php/catalog/42557,matched
Assam,Biswanath,,,,,,2011.0,census_2011_official,unmatched
Assam,Golaghat Jorhat,,,,,,2011.0,census_2011_official,unmatched
Assam,Hailakandi,318,659296.0,48140.0,611156.0,0.07301727903703344,2011.0,census_2011_official;file=census_2011_district_urban_rural.xlsx;sha256=acb01ddb965be41cf22a20f0e641fdbcc1f4a16e6b7bc9cf91478ce289f853e8;catalog=https://censusindia.gov.in/nada/index.php/catalog/42557,matched
Assam,Hojai,,,,,,2011.0,census_2011_official,unmatched
Assam,KarbiAnglrng,,,,,,2011.0,census_2011_official,unmatched
Assam,Sivsagar,,,,,,2011.0,census_2011_official,unmatched
Assam,West Karbi-Anglong,,,,,,2011.0,census_2011_official,unmatched
Bihar,Darbhanga,215,3937385.0,383328.0,3554057.0,0.09735598627007519,2011.0,census_2011_official;file=census_2011_district_urban_rural.xlsx;sha256=acb01ddb965be41cf22a20f0e641fdbcc1f4a16e6b7bc9cf91478ce289f853e8;catalog=https://censusindia.gov.in/nada/index.php/catalog/42557,matched
Bihar,East Champaran,,,,,,2011.0,census_2011_official,unmatched
Bihar,Katihar,212,3071029.0,273822.0,2797207.0,0.08916294831471797,2011.0,census_2011_official;file=census_2011_district_urban_rural.xlsx;sha256=acb01ddb965be41cf22a20f0e641fdbcc1f4a16e6b7bc9cf91478ce289f853e8;catalog=https://censusindia.gov.in/nada/index.php/catalog/42557,matched
Bihar,Kishanganj,210,1690400.0,161123.0,1529277.0,0.09531649313771888,2011.0,census_2011_official;file=census_2011_district_urban_rural.xlsx;sha256=acb01ddb965be41cf22a20f0e641fdbcc1f4a16e6b7bc9cf91478ce289f853e8;catalog=https://censusindia.gov.in/nada/index.php/catalog/42557,matched
Bihar,Madhubani,207,4487379.0,161495.0,4325884.0,0.035988714124659406,2011.0,census_2011_official;file=census_2011_district_urban_rural.xlsx;sha256=acb01ddb965be41cf22a20f0e641fdbcc1f4a16e6b7bc9cf91478ce289f853e8;catalog=https://censusindia.gov.in/nada/index.php/catalog/42557,matched
Bihar,Muzaffarpur,216,4801062.0,473437.0,4327625.0,0.09861089067377177,2011.0,census_2011_official;file=census_2011_district_urban_rural.xlsx;sha256=acb01ddb965be41cf22a20f0e641fdbcc1f4a16e6b7bc9cf91478ce289f853e8;catalog=https://censusindia.gov.in/nada/index.php/catalog/42557,matched
Bihar,Purba Champaran,204,5099371.0,401343.0,4698028.0,0.07870441275992666,2011.0,census_2011_official;file=census_2011_district_urban_rural.xlsx;sha256=acb01ddb965be41cf22a20f0e641fdbcc1f4a16e6b7bc9cf91478ce289f853e8;catalog=https://censusindia.gov.in/nada/index.php/catalog/42557,matched
Bihar,Purnia,211,3264619.0,343005.0,2921614.0,0.10506739071236185,2011.0,census_2011_official;file=census_2011_district_urban_rural.xlsx;sha256=acb01ddb965be41cf22a20f0e641fdbcc1f4a16e6b7bc9cf91478ce289f853e8;catalog=https://censusindia.gov.in/nada/index.php/catalog/42557,matched
Bihar,Saharsa,214,1900661.0,156540.0,1744121.0,0.08236082078813634,2011.0,census_2011_official;file=census_2011_district_urban_rural.xlsx;sha256=acb01ddb965be41cf22a20f0e641fdbcc1f4a16e6b7bc9cf91478ce289f853e8;catalog=https://censusindia.gov.in/nada/index.php/catalog/42557,matched
Bihar,Sahersa,,,,,,2011.0,census_2011_official,unmatched
Bihar,Sheohar,205,656246.0,28116.0,628130.0,0.042843689713918255,2011.0,census_2011_official;file=census_2011_district_urban_rural.xlsx;sha256=acb01ddb965be41cf22a20f0e641fdbcc1f4a16e6b7bc9cf91478ce289f853e8;catalog=https://censusindia.gov.in/nada/index.php/catalog/42557,matched
Bihar,Sitamarhi,206,3423574.0,190498.0,3233076.0,0.055643021006702355,2011.0,census_2011_official;file=census_2011_district_urban_rural.xlsx;sha256=acb01ddb965be41cf22a20f0e641fdbcc1f4a16e6b7bc9cf91478ce289f853e8;catalog=https://censusindia.gov.in/nada/index.php/catalog/42557,matched
Bihar,Supaul,208,2229076.0,105558.0,2123518.0,0.04735504756230833,2011.0,census_2011_official;file=census_2011_district_urban_rural.xlsx;sha256=acb01ddb965be41cf22a20f0e641fdbcc1f4a16e6b7bc9cf91478ce289f853e8;catalog=https://censusindia.gov.in/nada/index.php/catalog/42557,matched
Karnataka,district_missing,,,,,,,,unresolved
Kerala,district_missing,,,,,,,,unresolved
Karnataka,Belagavi,,,,,,2011.0,census_2011_official,unmatched
Karnataka,Belgaum,555,4779661.0,1211195.0,3568466.0,0.25340604699789376,2011.0,census_2011_official;file=census_2011_district_urban_rural.xlsx;sha256=acb01ddb965be41cf22a20f0e641fdbcc1f4a16e6b7bc9cf91478ce289f853e8;catalog=https://censusindia.gov.in/nada/index.php/catalog/42557,matched
Karnataka,Gadag,561,1064570.0,379309.0,685261.0,0.3563025446894051,2011.0,census_2011_official;file=census_2011_district_urban_rural.xlsx;sha256=acb01ddb965be41cf22a20f0e641fdbcc1f4a16e6b7bc9cf91478ce289f853e8;catalog=https://censusindia.gov.in/nada/index.php/catalog/42557,matched
Karnataka,Koppal,560,1389920.0,233704.0,1156216.0,0.16814205134108437,2011.0,census_2011_official;file=census_2011_district_urban_rural.xlsx;sha256=acb01ddb965be41cf22a20f0e641fdbcc1f4a16e6b7bc9cf91478ce289f853e8;catalog=https://censusindia.gov.in/nada/index.php/catalog/42557,matched
Tamil Nadu,district_missing,,,,,,,,unresolved
Tamil Nadu,Coimbatore,632,3458045.0,2618940.0,839105.0,0.7573469980870694,2011.0,census_2011_official;file=census_2011_district_urban_rural.xlsx;sha256=acb01ddb965be41cf22a20f0e641fdbcc1f4a16e6b7bc9cf91478ce289f853e8;catalog=https://censusindia.gov.in/nada/index.php/catalog/42557,matched
Tamil Nadu,Nagapattinam,618,1616450.0,364624.0,1251826.0,0.2255708497015064,2011.0,census_2011_official;file=census_2011_district_urban_rural.xlsx;sha256=acb01ddb965be41cf22a20f0e641fdbcc1f4a16e6b7bc9cf91478ce289f853e8;catalog=https://censusindia.gov.in/nada/index.php/catalog/42557,matched
Tamil Nadu,Thoothukkudi,627,1750176.0,876802.0,873374.0,0.5009793300788035,2011.0,census_2011_official;file=census_2011_district_urban_rural.xlsx;sha256=acb01ddb965be41cf22a20f0e641fdbcc1f4a16e6b7bc9cf91478ce289f853e8;catalog=https://censusindia.gov.in/nada/index.php/catalog/42557,matched
Tamil Nadu,Tiruppur,633,2479052.0,1521111.0,957941.0,0.6135857577816036,2011.0,census_2011_official;file=census_2011_district_urban_rural.xlsx;sha256=acb01ddb965be41cf22a20f0e641fdbcc1f4a16e6b7bc9cf91478ce289f853e8;catalog=https://censusindia.gov.in/nada/index.php/catalog/42557,matched
Assam,Sontipur,,,,,,2011.0,census_2011_official,unmatched
Sikkim,district_missing,,,,,,,,unresolved
Chhattisgarh,district_missing,,,,,,,,unresolved
Odisha,Bauda,,,,,,2011.0,census_2011_official,unmatched
Odisha,Gajapati,389,577817.0,70666.0,507151.0,0.1222982362928055,2011.0,census_2011_official;file=census_2011_district_urban_rural.xlsx;sha256=acb01ddb965be41cf22a20f0e641fdbcc1f4a16e6b7bc9cf91478ce289f853e8;catalog=https://censusindia.gov.in/nada/index.php/catalog/42557,matched
Odisha,Ganjam,388,3529031.0,768001.0,2761030.0,0.21762376131011602,2011.0,census_2011_official;file=census_2011_district_urban_rural.xlsx;sha256=acb01ddb965be41cf22a20f0e641fdbcc1f4a16e6b7bc9cf91478ce289f853e8;catalog=https://censusindia.gov.in/nada/index.php/catalog/42557,matched
Odisha,Kalahandi,395,1576869.0,121987.0,1454882.0,0.07736026264705566,2011.0,census_2011_official;file=census_2011_district_urban_rural.xlsx;sha256=acb01ddb965be41cf22a20f0e641fdbcc1f4a16e6b7bc9cf91478ce289f853e8;catalog=https://censusindia.gov.in/nada/index.php/catalog/42557,matched
Odisha,Kandhamal,390,733110.0,72279.0,660831.0,0.09859229856365348,2011.0,census_2011_official;file=census_2011_district_urban_rural.xlsx;sha256=acb01ddb965be41cf22a20f0e641fdbcc1f4a16e6b7bc9cf91478ce289f853e8;catalog=https://censusindia.gov.in/nada/index.php/catalog/42557,matched
Odisha,Koraput,398,1379647.0,226169.0,1153478.0,0.1639325131718476,2011.0,census_2011_official;file=census_2011_district_urban_rural.xlsx;sha256=acb01ddb965be41cf22a20f0e641fdbcc1f4a16e6b7bc9cf91478ce289f853e8;catalog=https://censusindia.gov.in/nada/index.php/catalog/42557,matched
Odisha,Malkangiri,399,613192.0,49528.0,563664.0,0.08077078631162833,2011.0,census_2011_official;file=census_2011_district_urban_rural.xlsx;sha256=acb01ddb965be41cf22a20f0e641fdbcc1f4a16e6b7bc9cf91478ce289f853e8;catalog=https://censusindia.gov.in/nada/index.php/catalog/42557,matched
Odisha,Nabarangapur,397,1220946.0,87625.0,1133321.0,0.07176812078503063,2011.0,census_2011_official;file=census_2011_district_urban_rural.xlsx;sha256=acb01ddb965be41cf22a20f0e641fdbcc1f4a16e6b7bc9cf91478ce289f853e8;catalog=https://censusindia.gov.in/nada/index.php/catalog/42557,matched
Odisha,Nuapada,394,610382.0,34054.0,576328.0,0.05579129135524966,2011.0,census_2011_official;file=census_2011_district_urban_rural.xlsx;sha256=acb01ddb965be41cf22a20f0e641fdbcc1f4a16e6b7bc9cf91478ce289f853e8;catalog=https://censusindia.gov.in/nada/index.php/catalog/42557,matched
Odisha,Rayagada,396,967911.0,146966.0,820945.0,0.1518383405085798,2011.0,census_2011_official;file=census_2011_district_urban_rural.xlsx;sha256=acb01ddb965be41cf22a20f0e641fdbcc1f4a16e6b7bc9cf91478ce289f853e8;catalog=https://censusindia.gov.in/nada/index.php/catalog/42557,matched
Goa,district_missing,,,,,,,,unresolved
Assam,Dhemaji and Dibrugarh,,,,,,2011.0,census_2011_official,unmatched
Gujarat,Devbhumi Dwarka,,,,,,2011.0,census_2011_official,unmatched
Gujarat,Gir Somnath,,,,,,2011.0,census_2011_official,unmatched
Gujarat,Jamnagar,477,2160119.0,971065.0,1189054.0,0.4495423631753621,2011.0,census_2011_official;file=census_2011_district_urban_rural.xlsx;sha256=acb01ddb965be41cf22a20f0e641fdbcc1f4a16e6b7bc9cf91478ce289f853e8;catalog=https://censusindia.gov.in/nada/index.php/catalog/42557,matched
Gujarat,Junagadh,479,2743082.0,906412.0,1836670.0,0.33043561949661004,2011.0,census_2011_official;file=census_2011_district_urban_rural.xlsx;sha256=acb01ddb965be41cf22a20f0e641fdbcc1f4a16e6b7bc9cf91478ce289f853e8;catalog=https://censusindia.gov.in/nada/index.php/catalog/42557,matched
Gujarat,Porbandar,478,585449.0,285674.0,299775.0,0.4879571064260081,2011.0,census_2011_official;file=census_2011_district_urban_rural.xlsx;sha256=acb01ddb965be41cf22a20f0e641fdbcc1f4a16e6b7bc9cf91478ce289f853e8;catalog=https://censusindia.gov.in/nada/index.php/catalog/42557,matched
Kerala,Achankovil,,,,,,2011.0,census_2011_official,unmatched
Kerala,Idukki,596,1108974.0,52045.0,1056929.0,0.046930766636548736,2011.0,census_2011_official;file=census_2011_district_urban_rural.xlsx;sha256=acb01ddb965be41cf22a20f0e641fdbcc1f4a16e6b7bc9cf91478ce289f853e8;catalog=https://censusindia.gov.in/nada/index.php/catalog/42557,matched
Kerala,Kollam,600,2635375.0,1187158.0,1448217.0,0.45047023668358394,2011.0,census_2011_official;file=census_2011_district_urban_rural.xlsx;sha256=acb01ddb965be41cf22a20f0e641fdbcc1f4a16e6b7bc9cf91478ce289f853e8;catalog=https://censusindia.gov.in/nada/index.php/catalog/42557,matched
Kerala,Kottayam,597,1974551.0,565393.0,1409158.0,0.2863400337595737,2011.0,census_2011_official;file=census_2011_district_urban_rural.xlsx;sha256=acb01ddb965be41cf22a20f0e641fdbcc1f4a16e6b7bc9cf91478ce289f853e8;catalog=https://censusindia.gov.in/nada/index.php/catalog/42557,matched
Kerala,Pathanamthitta,599,1197412.0,131613.0,1065799.0,0.10991454904410512,2011.0,census_2011_official;file=census_2011_district_urban_rural.xlsx;sha256=acb01ddb965be41cf22a20f0e641fdbcc1f4a16e6b7bc9cf91478ce289f853e8;catalog=https://censusindia.gov.in/nada/index.php/catalog/42557,matched
Kerala,Pattanamtitta,,,,,,2011.0,census_2011_official,unmatched
Kerala,Thiruvananthapuram,601,3301427.0,1771596.0,1529831.0,0.5366152272941368,2011.0,census_2011_official;file=census_2011_district_urban_rural.xlsx;sha256=acb01ddb965be41cf22a20f0e641fdbcc1f4a16e6b7bc9cf91478ce289f853e8;catalog=https://censusindia.gov.in/nada/index.php/catalog/42557,matched
Uttarakhand,Naini Tal,,,,,,2011.0,census_2011_official,unmatched
Uttarakhand,Nainital,066,954605.0,371734.0,582871.0,0.3894113271981605,2011.0,census_2011_official;file=census_2011_district_urban_rural.xlsx;sha256=acb01ddb965be41cf22a20f0e641fdbcc1f4a16e6b7bc9cf91478ce289f853e8;catalog=https://censusindia.gov.in/nada/index.php/catalog/42557,matched
Andhra Pradesh,Anantapur,553,4081148.0,1145711.0,2935437.0,0.2807325291805149,2011.0,census_2011_official;file=census_2011_district_urban_rural.xlsx;sha256=acb01ddb965be41cf22a20f0e641fdbcc1f4a16e6b7bc9cf91478ce289f853e8;catalog=https://censusindia.gov.in/nada/index.php/catalog/42557,matched
Andhra Pradesh,Cuddapah,,,,,,2011.0,census_2011_official,unmatched
Andhra Pradesh,Kadapa,,,,,,2011.0,census_2011_official,unmatched
Assam,Dima Hasao,315,214102.0,62489.0,151613.0,0.2918655594062643,2011.0,census_2011_official;file=census_2011_district_urban_rural.xlsx;sha256=acb01ddb965be41cf22a20f0e641fdbcc1f4a16e6b7bc9cf91478ce289f853e8;catalog=https://censusindia.gov.in/nada/index.php/catalog/42557,matched
Meghalaya,East Khasi Hills,298,825922.0,366481.0,459441.0,0.4437234993134945,2011.0,census_2011_official;file=census_2011_district_urban_rural.xlsx;sha256=acb01ddb965be41cf22a20f0e641fdbcc1f4a16e6b7bc9cf91478ce289f853e8;catalog=https://censusindia.gov.in/nada/index.php/catalog/42557,matched
Meghalaya,Ri Bhoi,,,,,,2011.0,census_2011_official,unmatched
Meghalaya,Ri-Bhoi,,,,,,2011.0,census_2011_official,unmatched
Assam,Bajali,,,,,,2011.0,census_2011_official,unmatched
Assam,Barpet distrcits,,,,,,2011.0,census_2011_official,unmatched
Delhi,district_missing,,,,,,,,unresolved
Himachal Pradesh,Hamirpur,028,454768.0,31430.0,423338.0,0.06911216268514934,2011.0,census_2011_official;file=census_2011_district_urban_rural.xlsx;sha256=acb01ddb965be41cf22a20f0e641fdbcc1f4a16e6b7bc9cf91478ce289f853e8;catalog=https://censusindia.gov.in/nada/index.php/catalog/42557,matched
Himachal Pradesh,Mandi,027,999777.0,62637.0,937140.0,0.06265097116657015,2011.0,census_2011_official;file=census_2011_district_urban_rural.xlsx;sha256=acb01ddb965be41cf22a20f0e641fdbcc1f4a16e6b7bc9cf91478ce289f853e8;catalog=https://censusindia.gov.in/nada/index.php/catalog/42557,matched
Himachal Pradesh,Solan,031,580320.0,102147.0,478173.0,0.17601840363937138,2011.0,census_2011_official;file=census_2011_district_urban_rural.xlsx;sha256=acb01ddb965be41cf22a20f0e641fdbcc1f4a16e6b7bc9cf91478ce289f853e8;catalog=https://censusindia.gov.in/nada/index.php/catalog/42557,matched
Himachal Pradesh,Solan and Hamirpur,,,,,,2011.0,census_2011_official,unmatched
Tamil Nadu,Kanniyakumari,629,1870374.0,1539802.0,330572.0,0.8232588776362375,2011.0,census_2011_official;file=census_2011_district_urban_rural.xlsx;sha256=acb01ddb965be41cf22a20f0e641fdbcc1f4a16e6b7bc9cf91478ce289f853e8;catalog=https://censusindia.gov.in/nada/index.php/catalog/42557,matched
Tamil Nadu,Kanniyakumari and Tenkasi,,,,,,2011.0,census_2011_official,unmatched
Tamil Nadu,Thoothukudi,,,,,,2011.0,census_2011_official,unmatched
Tamil Nadu,Tirunelveli,628,3077233.0,1520229.0,1557004.0,0.49402466436568176,2011.0,census_2011_official;file=census_2011_district_urban_rural.xlsx;sha256=acb01ddb965be41cf22a20f0e641fdbcc1f4a16e6b7bc9cf91478ce289f853e8;catalog=https://censusindia.gov.in/nada/index.php/catalog/42557,matched
Meghalaya,district_missing,,,,,,,,unresolved
Uttar Pradesh,Auraiya,162,1379545.0,234222.0,1145323.0,0.16978206582605135,2011.0,census_2011_official;file=census_2011_district_urban_rural.xlsx;sha256=acb01ddb965be41cf22a20f0e641fdbcc1f4a16e6b7bc9cf91478ce289f853e8;catalog=https://censusindia.gov.in/nada/index.php/catalog/42557,matched
Uttar Pradesh,Chandauli,196,1952756.0,242553.0,1710203.0,0.12421060286077729,2011.0,census_2011_official;file=census_2011_district_urban_rural.xlsx;sha256=acb01ddb965be41cf22a20f0e641fdbcc1f4a16e6b7bc9cf91478ce289f853e8;catalog=https://censusindia.gov.in/nada/index.php/catalog/42557,matched
Uttar Pradesh,Hathras,,,,,,2011.0,census_2011_official,unmatched
Uttar Pradesh,Mainpuri,148,1868529.0,288442.0,1580087.0,0.15436848986555735,2011.0,census_2011_official;file=census_2011_district_urban_rural.xlsx;sha256=acb01ddb965be41cf22a20f0e641fdbcc1f4a16e6b7bc9cf91478ce289f853e8;catalog=https://censusindia.gov.in/nada/index.php/catalog/42557,matched
Uttar Pradesh,Pratapgarh,173,3209141.0,175242.0,3033899.0,0.054607136302206725,2011.0,census_2011_official;file=census_2011_district_urban_rural.xlsx;sha256=acb01ddb965be41cf22a20f0e641fdbcc1f4a16e6b7bc9cf91478ce289f853e8;catalog=https://censusindia.gov.in/nada/index.php/catalog/42557,matched
Uttar Pradesh,Prayagraj,,,,,,2011.0,census_2011_official,unmatched
Uttar Pradesh,Sultanpur,179,3797117.0,199916.0,3597201.0,0.05264941796631497,2011.0,census_2011_official;file=census_2011_district_urban_rural.xlsx;sha256=acb01ddb965be41cf22a20f0e641fdbcc1f4a16e6b7bc9cf91478ce289f853e8;catalog=https://censusindia.gov.in/nada/index.php/catalog/42557,matched
Uttar Pradesh,Varanasi and Siddharthnagar,,,,,,2011.0,census_2011_official,unmatched
Himachal Pradesh,Kullu,026,437903.0,41391.0,396512.0,0.09452093271797636,2011.0,census_2011_official;file=census_2011_district_urban_rural.xlsx;sha256=acb01ddb965be41cf22a20f0e641fdbcc1f4a16e6b7bc9cf91478ce289f853e8;catalog=https://censusindia.gov.in/nada/index.php/catalog/42557,matched
Himachal Pradesh,Shimla,033,814010.0,201351.0,612659.0,0.24735691207724722,2011.0,census_2011_official;file=census_2011_district_urban_rural.xlsx;sha256=acb01ddb965be41cf22a20f0e641fdbcc1f4a16e6b7bc9cf91478ce289f853e8;catalog=https://censusindia.gov.in/nada/index.php/catalog/42557,matched
Mizoram,district_missing,,,,,,,,unresolved
Jammu and Kashmir,Kishtwar,018,230696.0,14865.0,215831.0,0.06443544751534487,2011.0,census_2011_official;file=census_2011_district_urban_rural.xlsx;sha256=acb01ddb965be41cf22a20f0e641fdbcc1f4a16e6b7bc9cf91478ce289f853e8;catalog=https://censusindia.gov.in/nada/index.php/catalog/42557,matched
Uttarakhand,and Udham Singh Nagar,,,,,,2011.0,census_2011_official,unmatched
Uttarakhand,Bageshwar,063,259898.0,9079.0,250819.0,0.03493293522843577,2011.0,census_2011_official;file=census_2011_district_urban_rural.xlsx;sha256=acb01ddb965be41cf22a20f0e641fdbcc1f4a16e6b7bc9cf91478ce289f853e8;catalog=https://censusindia.gov.in/nada/index.php/catalog/42557,matched
Uttarakhand,Champawat,065,259648.0,38343.0,221305.0,0.14767300345082573,2011.0,census_2011_official;file=census_2011_district_urban_rural.xlsx;sha256=acb01ddb965be41cf22a20f0e641fdbcc1f4a16e6b7bc9cf91478ce289f853e8;catalog=https://censusindia.gov.in/nada/index.php/catalog/42557,matched
Uttarakhand,Dehradun,060,1696694.0,941941.0,754753.0,0.5551625690902425,2011.0,census_2011_official;file=census_2011_district_urban_rural.xlsx;sha256=acb01ddb965be41cf22a20f0e641fdbcc1f4a16e6b7bc9cf91478ce289f853e8;catalog=https://censusindia.gov.in/nada/index.php/catalog/42557,matched
Uttarakhand,Haridwar,,,,,,2011.0,census_2011_official,unmatched
Uttarakhand,Pauri Garhwal,,,,,,2011.0,census_2011_official,unmatched
West Bengal,Darjeeling,,,,,,2011.0,census_2011_official,unmatched
