event_id,left_id,right_id,left_source,right_source,overlap_fraction_of_smaller,overlap_km2,warning
E004,E004::thane,E004::palghar,GAUL_reference,GB2021_reference,0.96921,5175.062,Do not sum district flood areas; reference geometries overlap. Recompute on common boundaries or union pixel masks.
E003,E003::rajkot,E003::morbi,GAUL_reference,GB2021_reference,0.718274,3473.294,Do not sum district flood areas; reference geometries overlap. Recompute on common boundaries or union pixel masks.
E003,E003::surat,E003::tapi,GAUL_reference,GB2021_reference,0.974441,3131.258,Do not sum district flood areas; reference geometries overlap. Recompute on common boundaries or union pixel masks.
E016,E016::darrang,E016::udalguri,GAUL_reference,GB2021_reference,0.899211,1845.907,Do not sum district flood areas; reference geometries overlap. Recompute on common boundaries or union pixel masks.
E016,E016::barpeta,E016::baksa,GAUL_reference,GB2021_reference,0.368313,881.69,Do not sum district flood areas; reference geometries overlap. Recompute on common boundaries or union pixel masks.
E016,E016::goalpara,E016::dhubri,GAUL_reference,GB2021_reference,0.013315,23.8,Do not sum district flood areas; reference geometries overlap. Recompute on common boundaries or union pixel masks.
E016,E016::kamrup,E016::baksa,GAUL_reference,GB2021_reference,0.11719,280.811,Do not sum district flood areas; reference geometries overlap. Recompute on common boundaries or union pixel masks.
E016,E016::kokrajhar,E016::dhubri,GAUL_reference,GB2021_reference,0.057986,103.472,Do not sum district flood areas; reference geometries overlap. Recompute on common boundaries or union pixel masks.
E016,E016::nalbari,E016::baksa,GAUL_reference,GB2021_reference,0.516814,1205.822,Do not sum district flood areas; reference geometries overlap. Recompute on common boundaries or union pixel masks.
E016,E016::nagaon,E016::morigaon,GAUL_reference,GB2021_reference,0.029263,44.046,Do not sum district flood areas; reference geometries overlap. Recompute on common boundaries or union pixel masks.
E016,E016::sonitpur,E016::udalguri,GAUL_reference,GB2021_reference,0.032417,66.585,Do not sum district flood areas; reference geometries overlap. Recompute on common boundaries or union pixel masks.
E019,E019::churachandpur,E019::jiribam,GAUL_reference,GB2021_reference,0.071308,10.416,Do not sum district flood areas; reference geometries overlap. Recompute on common boundaries or union pixel masks.
E017,E017::patan,E017::kutch,GAUL_reference,GB2021_reference,0.020878,125.423,Do not sum district flood areas; reference geometries overlap. Recompute on common boundaries or union pixel masks.
E020,E020::mayurbhanj,E020::balasore,GAUL_reference,GB2021_reference,0.012959,47.493,Do not sum district flood areas; reference geometries overlap. Recompute on common boundaries or union pixel masks.
E021,E021::barmer,E021::jalore,GAUL_reference,GB2021_reference,0.011027,118.388,Do not sum district flood areas; reference geometries overlap. Recompute on common boundaries or union pixel masks.
E023,E023::barpeta,E023::baksa,GAUL_reference,GB2021_reference,0.368313,881.69,Do not sum district flood areas; reference geometries overlap. Recompute on common boundaries or union pixel masks.
E023,E023::darrang,E023::udalguri,GAUL_reference,GB2021_reference,0.899211,1845.907,Do not sum district flood areas; reference geometries overlap. Recompute on common boundaries or union pixel masks.
E023,E023::kamrup,E023::baksa,GAUL_reference,GB2021_reference,0.11719,280.811,Do not sum district flood areas; reference geometries overlap. Recompute on common boundaries or union pixel masks.
E023,E023::nalbari,E023::baksa,GAUL_reference,GB2021_reference,0.516814,1205.822,Do not sum district flood areas; reference geometries overlap. Recompute on common boundaries or union pixel masks.
E023,E023::nagaon,E023::morigaon,GAUL_reference,GB2021_reference,0.029263,44.046,Do not sum district flood areas; reference geometries overlap. Recompute on common boundaries or union pixel masks.
E023,E023::sonitpur,E023::udalguri,GAUL_reference,GB2021_reference,0.032417,66.585,Do not sum district flood areas; reference geometries overlap. Recompute on common boundaries or union pixel masks.
E022,E022::jalpaiguri,E022::alipurduar,GAUL_reference,GB2021_reference,0.985174,2759.042,Do not sum district flood areas; reference geometries overlap. Recompute on common boundaries or union pixel masks.
E024,E024::jorhat,E024::sivasagar,GAUL_reference,GB2021_reference,0.02156,32.874,Do not sum district flood areas; reference geometries overlap. Recompute on common boundaries or union pixel masks.
E027,E027::nagapattinam,E027::thiruvarur,GAUL_reference,GB2021_reference,0.948031,2157.928,Do not sum district flood areas; reference geometries overlap. Recompute on common boundaries or union pixel masks.
E027,E027::kancheepuram,E027::viluppuram,GAUL_reference,GB2021_reference,0.020407,81.092,Do not sum district flood areas; reference geometries overlap. Recompute on common boundaries or union pixel masks.
E025,E025::nellore,E025::ysr%20kadapa,GAUL_reference,GB2021_reference,0.013769,184.634,Do not sum district flood areas; reference geometries overlap. Recompute on common boundaries or union pixel masks.
E032,E032::goalpara,E032::dhubri,GAUL_reference,GB2021_reference,0.013315,23.8,Do not sum district flood areas; reference geometries overlap. Recompute on common boundaries or union pixel masks.
E034,E034::shajapur,E034::agar%20malwa,GAUL_reference,GB2021_reference,0.977886,2694.776,Do not sum district flood areas; reference geometries overlap. Recompute on common boundaries or union pixel masks.
E035,E035::kishanganj,E035::purnea,GAUL_reference,GB2021_reference,0.015147,29.274,Do not sum district flood areas; reference geometries overlap. Recompute on common boundaries or union pixel masks.
E035,E035::katihar,E035::purnea,GAUL_reference,GB2021_reference,0.01992,60.957,Do not sum district flood areas; reference geometries overlap. Recompute on common boundaries or union pixel masks.
E038,E038::goalpara,E038::dhubri,GAUL_reference,GB2021_reference,0.013315,23.8,Do not sum district flood areas; reference geometries overlap. Recompute on common boundaries or union pixel masks.
E039,E039::surat,E039::tapi,GAUL_reference,GB2021_reference,0.974441,3131.258,Do not sum district flood areas; reference geometries overlap. Recompute on common boundaries or union pixel masks.
E039,E039::vadodara,E039::chhota%20udaipur,GAUL_reference,GB2021_reference,0.989893,3430.364,Do not sum district flood areas; reference geometries overlap. Recompute on common boundaries or union pixel masks.
E040,E040::thane,E040::palghar,GAUL_reference,GB2021_reference,0.96921,5175.062,Do not sum district flood areas; reference geometries overlap. Recompute on common boundaries or union pixel masks.
E047,E047::bongaigaon,E047::chirang,GAUL_reference,GB2021_reference,0.68306,1081.991,Do not sum district flood areas; reference geometries overlap. Recompute on common boundaries or union pixel masks.
E047,E047::darrang,E047::udalguri,GAUL_reference,GB2021_reference,0.899211,1845.907,Do not sum district flood areas; reference geometries overlap. Recompute on common boundaries or union pixel masks.
E047,E047::goalpara,E047::dhubri,GAUL_reference,GB2021_reference,0.013315,23.8,Do not sum district flood areas; reference geometries overlap. Recompute on common boundaries or union pixel masks.
E047,E047::dibrugarh,E047::charaideo,GAUL_reference,GB2021_reference,0.012068,12.656,Do not sum district flood areas; reference geometries overlap. Recompute on common boundaries or union pixel masks.
E047,E047::golaghat,E047::biswanath,GAUL_reference,GB2021_reference,0.039791,71.373,Do not sum district flood areas; reference geometries overlap. Recompute on common boundaries or union pixel masks.
E047,E047::golaghat,E047::majuli,GAUL_reference,GB2021_reference,0.223991,279.973,Do not sum district flood areas; reference geometries overlap. Recompute on common boundaries or union pixel masks.
E047,E047::jorhat,E047::majuli,GAUL_reference,GB2021_reference,0.745795,930.79,Do not sum district flood areas; reference geometries overlap. Recompute on common boundaries or union pixel masks.
E047,E047::jorhat,E047::sivasagar,GAUL_reference,GB2021_reference,0.02156,32.874,Do not sum district flood areas; reference geometries overlap. Recompute on common boundaries or union pixel masks.
E047,E047::kamrup,E047::kamrup%20metropolitan,GAUL_reference,GB2021_reference,0.986026,1113.615,Do not sum district flood areas; reference geometries overlap. Recompute on common boundaries or union pixel masks.
E047,E047::lakhimpur,E047::majuli,GAUL_reference,GB2021_reference,0.021383,26.658,Do not sum district flood areas; reference geometries overlap. Recompute on common boundaries or union pixel masks.
E047,E047::kokrajhar,E047::chirang,GAUL_reference,GB2021_reference,0.30944,489.955,Do not sum district flood areas; reference geometries overlap. Recompute on common boundaries or union pixel masks.
E047,E047::kokrajhar,E047::dhubri,GAUL_reference,GB2021_reference,0.057986,103.472,Do not sum district flood areas; reference geometries overlap. Recompute on common boundaries or union pixel masks.
E047,E047::nagaon,E047::hojai,GAUL_reference,GB2021_reference,0.987832,1435.982,Do not sum district flood areas; reference geometries overlap. Recompute on common boundaries or union pixel masks.
E047,E047::nagaon,E047::morigaon,GAUL_reference,GB2021_reference,0.029263,44.046,Do not sum district flood areas; reference geometries overlap. Recompute on common boundaries or union pixel masks.
E047,E047::sonitpur,E047::biswanath,GAUL_reference,GB2021_reference,0.864095,1549.286,Do not sum district flood areas; reference geometries overlap. Recompute on common boundaries or union pixel masks.
E047,E047::sonitpur,E047::udalguri,GAUL_reference,GB2021_reference,0.032417,66.585,Do not sum district flood areas; reference geometries overlap. Recompute on common boundaries or union pixel masks.
E047,E047::karbi%20anglong,E047::hojai,GAUL_reference,GB2021_reference,0.010223,14.875,Do not sum district flood areas; reference geometries overlap. Recompute on common boundaries or union pixel masks.
E045,E045::barmer,E045::jalore,GAUL_reference,GB2021_reference,0.011027,118.388,Do not sum district flood areas; reference geometries overlap. Recompute on common boundaries or union pixel masks.
E049,E049::bishnupur,E049::imphal%20west,GAUL_reference,GB2021_reference,0.151301,72.706,Do not sum district flood areas; reference geometries overlap. Recompute on common boundaries or union pixel masks.
E049,E049::thoubal,E049::imphal%20east,GAUL_reference,GB2021_reference,0.060974,23.057,Do not sum district flood areas; reference geometries overlap. Recompute on common boundaries or union pixel masks.
E049,E049::thoubal,E049::imphal%20west,GAUL_reference,GB2021_reference,0.020727,10.459,Do not sum district flood areas; reference geometries overlap. Recompute on common boundaries or union pixel masks.
E051,E051::bongaigaon,E051::chirang,GAUL_reference,GB2021_reference,0.68306,1081.991,Do not sum district flood areas; reference geometries overlap. Recompute on common boundaries or union pixel masks.
E051,E051::goalpara,E051::dhubri,GAUL_reference,GB2021_reference,0.013315,23.8,Do not sum district flood areas; reference geometries overlap. Recompute on common boundaries or union pixel masks.
E051,E051::jorhat,E051::majuli,GAUL_reference,GB2021_reference,0.745795,930.79,Do not sum district flood areas; reference geometries overlap. Recompute on common boundaries or union pixel masks.
E051,E051::jorhat,E051::sivasagar,GAUL_reference,GB2021_reference,0.02156,32.874,Do not sum district flood areas; reference geometries overlap. Recompute on common boundaries or union pixel masks.
E051,E051::golaghat,E051::majuli,GAUL_reference,GB2021_reference,0.223991,279.973,Do not sum district flood areas; reference geometries overlap. Recompute on common boundaries or union pixel masks.
E051,E051::dibrugarh,E051::charaideo,GAUL_reference,GB2021_reference,0.012068,12.656,Do not sum district flood areas; reference geometries overlap. Recompute on common boundaries or union pixel masks.
E051,E051::lakhimpur,E051::majuli,GAUL_reference,GB2021_reference,0.021383,26.658,Do not sum district flood areas; reference geometries overlap. Recompute on common boundaries or union pixel masks.
E051,E051::kokrajhar,E051::dhubri,GAUL_reference,GB2021_reference,0.057986,103.472,Do not sum district flood areas; reference geometries overlap. Recompute on common boundaries or union pixel masks.
E051,E051::kokrajhar,E051::chirang,GAUL_reference,GB2021_reference,0.30944,489.955,Do not sum district flood areas; reference geometries overlap. Recompute on common boundaries or union pixel masks.
E051,E051::nagaon,E051::morigaon,GAUL_reference,GB2021_reference,0.029263,44.046,Do not sum district flood areas; reference geometries overlap. Recompute on common boundaries or union pixel masks.
E052,E052::bishnupur,E052::imphal%20west,GAUL_reference,GB2021_reference,0.151301,72.706,Do not sum district flood areas; reference geometries overlap. Recompute on common boundaries or union pixel masks.
E052,E052::thoubal,E052::imphal%20west,GAUL_reference,GB2021_reference,0.020727,10.459,Do not sum district flood areas; reference geometries overlap. Recompute on common boundaries or union pixel masks.
E052,E052::thoubal,E052::imphal%20east,GAUL_reference,GB2021_reference,0.060974,23.057,Do not sum district flood areas; reference geometries overlap. Recompute on common boundaries or union pixel masks.
E053,E053::gopalganj,E053::east%20champaran,GAUL_reference,GB2021_reference,0.069601,142.143,Do not sum district flood areas; reference geometries overlap. Recompute on common boundaries or union pixel masks.
E053,E053::kishanganj,E053::purnea,GAUL_reference,GB2021_reference,0.015147,29.274,Do not sum district flood areas; reference geometries overlap. Recompute on common boundaries or union pixel masks.
E053,E053::katihar,E053::purnea,GAUL_reference,GB2021_reference,0.01992,60.957,Do not sum district flood areas; reference geometries overlap. Recompute on common boundaries or union pixel masks.
E053,E053::sheohar,E053::east%20champaran,GAUL_reference,GB2021_reference,0.072964,41.903,Do not sum district flood areas; reference geometries overlap. Recompute on common boundaries or union pixel masks.
E053,E053::muzaffarpur,E053::east%20champaran,GAUL_reference,GB2021_reference,0.015933,50.698,Do not sum district flood areas; reference geometries overlap. Recompute on common boundaries or union pixel masks.
E053,E053::sitamarhi,E053::east%20champaran,GAUL_reference,GB2021_reference,0.016109,33.339,Do not sum district flood areas; reference geometries overlap. Recompute on common boundaries or union pixel masks.
E054,E054::ambedkar%20nagar,E054::ayodhya,GAUL_reference,GB2021_reference,0.017109,39.738,Do not sum district flood areas; reference geometries overlap. Recompute on common boundaries or union pixel masks.
E054,E054::balrampur,E054::shrawasti,GAUL_reference,GB2021_reference,0.030634,59.684,Do not sum district flood areas; reference geometries overlap. Recompute on common boundaries or union pixel masks.
E054,E054::barabanki,E054::ayodhya,GAUL_reference,GB2021_reference,0.198527,529.87,Do not sum district flood areas; reference geometries overlap. Recompute on common boundaries or union pixel masks.
E055,E055::birbhum,E055::paschim%20bardhaman,GAUL_reference,GB2021_reference,0.014133,23.094,Do not sum district flood areas; reference geometries overlap. Recompute on common boundaries or union pixel masks.
E055,E055::jalpaiguri,E055::alipurduar,GAUL_reference,GB2021_reference,0.985174,2759.042,Do not sum district flood areas; reference geometries overlap. Recompute on common boundaries or union pixel masks.
E056,E056::badaun,E056::budaun,GAUL_reference,GB2021_reference,0.96439,4084.931,Do not sum district flood areas; reference geometries overlap. Recompute on common boundaries or union pixel masks.
E056,E056::bara%20banki,E056::barabanki,GAUL_reference,GAUL_reference,1.0,4432.307,Do not sum district flood areas; reference geometries overlap. Recompute on common boundaries or union pixel masks.
E056,E056::muzaffarnagar,E056::shamli,GAUL_reference,GB2021_reference,0.989669,1322.153,Do not sum district flood areas; reference geometries overlap. Recompute on common boundaries or union pixel masks.
E057,E057::thane,E057::palghar,GAUL_reference,GB2021_reference,0.96921,5175.062,Do not sum district flood areas; reference geometries overlap. Recompute on common boundaries or union pixel masks.
E059,E059::dhalai,E059::khowai,GAUL_reference,GB2021_reference,0.049552,51.741,Do not sum district flood areas; reference geometries overlap. Recompute on common boundaries or union pixel masks.
E059,E059::north%20tripura,E059::unakoti,GAUL_reference,GB2021_reference,0.983768,645.812,Do not sum district flood areas; reference geometries overlap. Recompute on common boundaries or union pixel masks.
E059,E059::west%20tripura,E059::gomati,GAUL_reference,GB2021_reference,0.010832,17.458,Do not sum district flood areas; reference geometries overlap. Recompute on common boundaries or union pixel masks.
E059,E059::west%20tripura,E059::sepahijala,GAUL_reference,GB2021_reference,0.958996,1024.833,Do not sum district flood areas; reference geometries overlap. Recompute on common boundaries or union pixel masks.
E059,E059::west%20tripura,E059::khowai,GAUL_reference,GB2021_reference,0.940499,981.7,Do not sum district flood areas; reference geometries overlap. Recompute on common boundaries or union pixel masks.
E059,E059::south%20tripura,E059::gomati,GAUL_reference,GB2021_reference,0.986984,1593.171,Do not sum district flood areas; reference geometries overlap. Recompute on common boundaries or union pixel masks.
E059,E059::south%20tripura,E059::sepahijala,GAUL_reference,GB2021_reference,0.035452,37.897,Do not sum district flood areas; reference geometries overlap. Recompute on common boundaries or union pixel masks.
E061,E061::golaghat,E061::east%20karbi%20anglong,GAUL_reference,GB2021_reference,0.013508,47.744,Do not sum district flood areas; reference geometries overlap. Recompute on common boundaries or union pixel masks.
E061,E061::golaghat,E061::biswanath,GAUL_reference,GB2021_reference,0.039791,71.373,Do not sum district flood areas; reference geometries overlap. Recompute on common boundaries or union pixel masks.
E061,E061::nagaon,E061::hojai,GAUL_reference,GB2021_reference,0.987832,1435.982,Do not sum district flood areas; reference geometries overlap. Recompute on common boundaries or union pixel masks.
E060,E060::udupi,E060::dakshina%20kannada,GAUL_reference,GB2021_reference,0.12342,480.882,Do not sum district flood areas; reference geometries overlap. Recompute on common boundaries or union pixel masks.
E066,E066::bulandshahr,E066::hapur,GAUL_reference,GB2021_reference,0.03852,41.053,Do not sum district flood areas; reference geometries overlap. Recompute on common boundaries or union pixel masks.
E066,E066::ghaziabad,E066::hapur,GAUL_reference,GB2021_reference,0.927895,988.258,Do not sum district flood areas; reference geometries overlap. Recompute on common boundaries or union pixel masks.
E067,E067::darrang,E067::udalguri,GAUL_reference,GB2021_reference,0.899211,1845.907,Do not sum district flood areas; reference geometries overlap. Recompute on common boundaries or union pixel masks.
E067,E067::sonitpur,E067::udalguri,GAUL_reference,GB2021_reference,0.032417,66.585,Do not sum district flood areas; reference geometries overlap. Recompute on common boundaries or union pixel masks.
E069,E069::darrang,E069::udalguri,GAUL_reference,GB2021_reference,0.899211,1845.907,Do not sum district flood areas; reference geometries overlap. Recompute on common boundaries or union pixel masks.
E069,E069::golaghat,E069::biswanath,GAUL_reference,GB2021_reference,0.039791,71.373,Do not sum district flood areas; reference geometries overlap. Recompute on common boundaries or union pixel masks.
E069,E069::golaghat,E069::east%20karbi%20anglong,GAUL_reference,GB2021_reference,0.013508,47.744,Do not sum district flood areas; reference geometries overlap. Recompute on common boundaries or union pixel masks.
E069,E069::golaghat,E069::majuli,GAUL_reference,GB2021_reference,0.223991,279.973,Do not sum district flood areas; reference geometries overlap. Recompute on common boundaries or union pixel masks.
E069,E069::dibrugarh,E069::charaideo,GAUL_reference,GB2021_reference,0.012068,12.656,Do not sum district flood areas; reference geometries overlap. Recompute on common boundaries or union pixel masks.
E069,E069::jorhat,E069::sivasagar,GAUL_reference,GB2021_reference,0.02156,32.874,Do not sum district flood areas; reference geometries overlap. Recompute on common boundaries or union pixel masks.
E069,E069::jorhat,E069::majuli,GAUL_reference,GB2021_reference,0.745795,930.79,Do not sum district flood areas; reference geometries overlap. Recompute on common boundaries or union pixel masks.
E069,E069::kokrajhar,E069::chirang,GAUL_reference,GB2021_reference,0.30944,489.955,Do not sum district flood areas; reference geometries overlap. Recompute on common boundaries or union pixel masks.
E069,E069::lakhimpur,E069::majuli,GAUL_reference,GB2021_reference,0.021383,26.658,Do not sum district flood areas; reference geometries overlap. Recompute on common boundaries or union pixel masks.
E069,E069::nagaon,E069::hojai,GAUL_reference,GB2021_reference,0.987832,1435.982,Do not sum district flood areas; reference geometries overlap. Recompute on common boundaries or union pixel masks.
E069,E069::sonitpur,E069::biswanath,GAUL_reference,GB2021_reference,0.864095,1549.286,Do not sum district flood areas; reference geometries overlap. Recompute on common boundaries or union pixel masks.
E069,E069::sonitpur,E069::udalguri,GAUL_reference,GB2021_reference,0.032417,66.585,Do not sum district flood areas; reference geometries overlap. Recompute on common boundaries or union pixel masks.
E071,E071::kottayam,E071::pathanamthitta,GAUL_reference,GB2021_reference,0.022668,48.412,Do not sum district flood areas; reference geometries overlap. Recompute on common boundaries or union pixel masks.
E071,E071::idukki,E071::pathanamthitta,GAUL_reference,GB2021_reference,0.033987,90.126,Do not sum district flood areas; reference geometries overlap. Recompute on common boundaries or union pixel masks.
E072,E072::thane,E072::palghar,GAUL_reference,GB2021_reference,0.96921,5175.062,Do not sum district flood areas; reference geometries overlap. Recompute on common boundaries or union pixel masks.
E073,E073::dimapur,E073::peren,GAUL_reference,GB2021_reference,0.087298,75.736,Do not sum district flood areas; reference geometries overlap. Recompute on common boundaries or union pixel masks.
E073,E073::phek,E073::kiphire,GAUL_reference,GB2021_reference,0.018316,20.971,Do not sum district flood areas; reference geometries overlap. Recompute on common boundaries or union pixel masks.
E073,E073::kohima,E073::peren,GAUL_reference,GB2021_reference,0.913551,1636.344,Do not sum district flood areas; reference geometries overlap. Recompute on common boundaries or union pixel masks.
E073,E073::mon,E073::longleng,GAUL_reference,GB2021_reference,0.071324,36.332,Do not sum district flood areas; reference geometries overlap. Recompute on common boundaries or union pixel masks.
E073,E073::tuensang,E073::kiphire,GAUL_reference,GB2021_reference,0.924717,1057.828,Do not sum district flood areas; reference geometries overlap. Recompute on common boundaries or union pixel masks.
E073,E073::tuensang,E073::longleng,GAUL_reference,GB2021_reference,0.923596,470.615,Do not sum district flood areas; reference geometries overlap. Recompute on common boundaries or union pixel masks.
E075,E075::ambedkar%20nagar,E075::ayodhya,GAUL_reference,GB2021_reference,0.017109,39.738,Do not sum district flood areas; reference geometries overlap. Recompute on common boundaries or union pixel masks.
E075,E075::kanpur%20dehat,E075::kanpur%20nagar,GAUL_reference,GB2021_reference,0.613732,1779.31,Do not sum district flood areas; reference geometries overlap. Recompute on common boundaries or union pixel masks.
E075,E075::barabanki,E075::ayodhya,GAUL_reference,GB2021_reference,0.198527,529.87,Do not sum district flood areas; reference geometries overlap. Recompute on common boundaries or union pixel masks.
E076,E076::kolkata,E076::howrah,GAUL_reference,GB2021_reference,0.013262,1.215,Do not sum district flood areas; reference geometries overlap. Recompute on common boundaries or union pixel masks.
E076,E076::birbhum,E076::paschim%20bardhaman,GAUL_reference,GB2021_reference,0.014133,23.094,Do not sum district flood areas; reference geometries overlap. Recompute on common boundaries or union pixel masks.
E076,E076::jalpaiguri,E076::alipurduar,GAUL_reference,GB2021_reference,0.985174,2759.042,Do not sum district flood areas; reference geometries overlap. Recompute on common boundaries or union pixel masks.
E077,E077::ambedkar%20nagar,E077::ayodhya,GAUL_reference,GB2021_reference,0.017109,39.738,Do not sum district flood areas; reference geometries overlap. Recompute on common boundaries or union pixel masks.
E077,E077::kanpur%20dehat,E077::kanpur%20nagar,GAUL_reference,GB2021_reference,0.613732,1779.31,Do not sum district flood areas; reference geometries overlap. Recompute on common boundaries or union pixel masks.
E077,E077::unnao,E077::kanpur%20nagar,GAUL_reference,GB2021_reference,0.017044,49.333,Do not sum district flood areas; reference geometries overlap. Recompute on common boundaries or union pixel masks.
E077,E077::ayodhya,E077::barabanki,GB2021_reference,GAUL_reference,0.198527,529.87,Do not sum district flood areas; reference geometries overlap. Recompute on common boundaries or union pixel masks.
E079,E079::jalandhar,E079::ferozepur,GAUL_reference,GB2021_reference,0.010093,20.573,Do not sum district flood areas; reference geometries overlap. Recompute on common boundaries or union pixel masks.
E079,E079::amritsar,E079::tarn%20taran,GAUL_reference,GB2021_reference,0.939926,2279.015,Do not sum district flood areas; reference geometries overlap. Recompute on common boundaries or union pixel masks.
E079,E079::moga,E079::ferozepur,GAUL_reference,GB2021_reference,0.047752,97.509,Do not sum district flood areas; reference geometries overlap. Recompute on common boundaries or union pixel masks.
E079,E079::muktsar,E079::fazilka,GAUL_reference,GB2021_reference,0.031302,81.363,Do not sum district flood areas; reference geometries overlap. Recompute on common boundaries or union pixel masks.
E081,E081::bongaigaon,E081::chirang,GAUL_reference,GB2021_reference,0.68306,1081.991,Do not sum district flood areas; reference geometries overlap. Recompute on common boundaries or union pixel masks.
E081,E081::goalpara,E081::dhubri,GAUL_reference,GB2021_reference,0.013315,23.8,Do not sum district flood areas; reference geometries overlap. Recompute on common boundaries or union pixel masks.
E081,E081::golaghat,E081::biswanath,GAUL_reference,GB2021_reference,0.039791,71.373,Do not sum district flood areas; reference geometries overlap. Recompute on common boundaries or union pixel masks.
E081,E081::golaghat,E081::majuli,GAUL_reference,GB2021_reference,0.223991,279.973,Do not sum district flood areas; reference geometries overlap. Recompute on common boundaries or union pixel masks.
E081,E081::darrang,E081::udalguri,GAUL_reference,GB2021_reference,0.899211,1845.907,Do not sum district flood areas; reference geometries overlap. Recompute on common boundaries or union pixel masks.
E081,E081::barpeta,E081::baksa,GAUL_reference,GB2021_reference,0.368313,881.69,Do not sum district flood areas; reference geometries overlap. Recompute on common boundaries or union pixel masks.
E081,E081::dibrugarh,E081::charaideo,GAUL_reference,GB2021_reference,0.012068,12.656,Do not sum district flood areas; reference geometries overlap. Recompute on common boundaries or union pixel masks.
E081,E081::jorhat,E081::majuli,GAUL_reference,GB2021_reference,0.745795,930.79,Do not sum district flood areas; reference geometries overlap. Recompute on common boundaries or union pixel masks.
E081,E081::jorhat,E081::sivasagar,GAUL_reference,GB2021_reference,0.02156,32.874,Do not sum district flood areas; reference geometries overlap. Recompute on common boundaries or union pixel masks.
E081,E081::lakhimpur,E081::majuli,GAUL_reference,GB2021_reference,0.021383,26.658,Do not sum district flood areas; reference geometries overlap. Recompute on common boundaries or union pixel masks.
E081,E081::nalbari,E081::baksa,GAUL_reference,GB2021_reference,0.516814,1205.822,Do not sum district flood areas; reference geometries overlap. Recompute on common boundaries or union pixel masks.
E081,E081::kokrajhar,E081::chirang,GAUL_reference,GB2021_reference,0.30944,489.955,Do not sum district flood areas; reference geometries overlap. Recompute on common boundaries or union pixel masks.
E081,E081::kokrajhar,E081::dhubri,GAUL_reference,GB2021_reference,0.057986,103.472,Do not sum district flood areas; reference geometries overlap. Recompute on common boundaries or union pixel masks.
E081,E081::kamrup,E081::baksa,GAUL_reference,GB2021_reference,0.11719,280.811,Do not sum district flood areas; reference geometries overlap. Recompute on common boundaries or union pixel masks.
E081,E081::kamrup,E081::kamrup%20metropolitan,GAUL_reference,GB2021_reference,0.986026,1113.615,Do not sum district flood areas; reference geometries overlap. Recompute on common boundaries or union pixel masks.
E081,E081::nagaon,E081::hojai,GAUL_reference,GB2021_reference,0.987832,1435.982,Do not sum district flood areas; reference geometries overlap. Recompute on common boundaries or union pixel masks.
E081,E081::nagaon,E081::morigaon,GAUL_reference,GB2021_reference,0.029263,44.046,Do not sum district flood areas; reference geometries overlap. Recompute on common boundaries or union pixel masks.
E081,E081::sonitpur,E081::biswanath,GAUL_reference,GB2021_reference,0.864095,1549.286,Do not sum district flood areas; reference geometries overlap. Recompute on common boundaries or union pixel masks.
E081,E081::sonitpur,E081::udalguri,GAUL_reference,GB2021_reference,0.032417,66.585,Do not sum district flood areas; reference geometries overlap. Recompute on common boundaries or union pixel masks.
E081,E081::karbi%20anglong,E081::hojai,GAUL_reference,GB2021_reference,0.010223,14.875,Do not sum district flood areas; reference geometries overlap. Recompute on common boundaries or union pixel masks.
E081,E081::karbi%20anglong,E081::west%20karbi-anglong,GAUL_reference,GB2021_reference,0.990847,3072.286,Do not sum district flood areas; reference geometries overlap. Recompute on common boundaries or union pixel masks.
E081,E081::karbi%20anglong,E081::west%20karbi%20anglong,GAUL_reference,GB2021_reference,0.990847,3072.286,Do not sum district flood areas; reference geometries overlap. Recompute on common boundaries or union pixel masks.
E081,E081::west%20karbi-anglong,E081::west%20karbi%20anglong,GB2021_reference,GB2021_reference,1.0,3100.689,Do not sum district flood areas; reference geometries overlap. Recompute on common boundaries or union pixel masks.
E082,E082::sheohar,E082::east%20champaran,GAUL_reference,GB2021_reference,0.072964,41.903,Do not sum district flood areas; reference geometries overlap. Recompute on common boundaries or union pixel masks.
E082,E082::muzaffarpur,E082::east%20champaran,GAUL_reference,GB2021_reference,0.015933,50.698,Do not sum district flood areas; reference geometries overlap. Recompute on common boundaries or union pixel masks.
E082,E082::sitamarhi,E082::east%20champaran,GAUL_reference,GB2021_reference,0.016109,33.339,Do not sum district flood areas; reference geometries overlap. Recompute on common boundaries or union pixel masks.
E084,E084::udupi,E084::dakshina%20kannada,GAUL_reference,GB2021_reference,0.12342,480.882,Do not sum district flood areas; reference geometries overlap. Recompute on common boundaries or union pixel masks.
E086,E086::bhandara,E086::gondia,GAUL_reference,GB2021_reference,0.178612,838.787,Do not sum district flood areas; reference geometries overlap. Recompute on common boundaries or union pixel masks.
E086,E086::thane,E086::palghar,GAUL_reference,GB2021_reference,0.96921,5175.062,Do not sum district flood areas; reference geometries overlap. Recompute on common boundaries or union pixel masks.
E087,E087::sambalpur,E087::subarnapur,GAUL_reference,GB2021_reference,0.018169,42.668,Do not sum district flood areas; reference geometries overlap. Recompute on common boundaries or union pixel masks.
E088,E088::jalandhar,E088::ferozepur,GAUL_reference,GB2021_reference,0.010093,20.573,Do not sum district flood areas; reference geometries overlap. Recompute on common boundaries or union pixel masks.
E088,E088::hoshiarpur,E088::sbs%20nagar,GAUL_reference,GB2021_reference,0.018477,23.573,Do not sum district flood areas; reference geometries overlap. Recompute on common boundaries or union pixel masks.
E088,E088::gurdaspur,E088::pathankot,GAUL_reference,GB2021_reference,0.896664,896.025,Do not sum district flood areas; reference geometries overlap. Recompute on common boundaries or union pixel masks.
E088,E088::muktsar,E088::fazilka,GAUL_reference,GB2021_reference,0.031302,81.363,Do not sum district flood areas; reference geometries overlap. Recompute on common boundaries or union pixel masks.
E088,E088::moga,E088::ferozepur,GAUL_reference,GB2021_reference,0.047752,97.509,Do not sum district flood areas; reference geometries overlap. Recompute on common boundaries or union pixel masks.
E088,E088::rupnagar,E088::sas%20nagar,GAUL_reference,GB2021_reference,0.570178,626.977,Do not sum district flood areas; reference geometries overlap. Recompute on common boundaries or union pixel masks.
E088,E088::rupnagar,E088::sbs%20nagar,GAUL_reference,GB2021_reference,0.029777,38.04,Do not sum district flood areas; reference geometries overlap. Recompute on common boundaries or union pixel masks.
E088,E088::patiala,E088::sas%20nagar,GAUL_reference,GB2021_reference,0.338376,372.971,Do not sum district flood areas; reference geometries overlap. Recompute on common boundaries or union pixel masks.
E090,E090::ambedkar%20nagar,E090::ayodhya,GAUL_reference,GB2021_reference,0.017109,39.738,Do not sum district flood areas; reference geometries overlap. Recompute on common boundaries or union pixel masks.
E090,E090::balrampur,E090::shrawasti,GAUL_reference,GB2021_reference,0.030634,59.684,Do not sum district flood areas; reference geometries overlap. Recompute on common boundaries or union pixel masks.
E090,E090::kanpur%20dehat,E090::kanpur%20nagar,GAUL_reference,GB2021_reference,0.613732,1779.31,Do not sum district flood areas; reference geometries overlap. Recompute on common boundaries or union pixel masks.
E090,E090::ayodhya,E090::barabanki,GB2021_reference,GAUL_reference,0.198527,529.87,Do not sum district flood areas; reference geometries overlap. Recompute on common boundaries or union pixel masks.
E092,E092::kolkata,E092::howrah,GAUL_reference,GB2021_reference,0.013262,1.215,Do not sum district flood areas; reference geometries overlap. Recompute on common boundaries or union pixel masks.
E092,E092::birbhum,E092::paschim%20bardhaman,GAUL_reference,GB2021_reference,0.014133,23.094,Do not sum district flood areas; reference geometries overlap. Recompute on common boundaries or union pixel masks.
E092,E092::jalpaiguri,E092::alipurduar,GAUL_reference,GB2021_reference,0.985174,2759.042,Do not sum district flood areas; reference geometries overlap. Recompute on common boundaries or union pixel masks.
E093,E093::kottayam,E093::pathanamthitta,GAUL_reference,GB2021_reference,0.022668,48.412,Do not sum district flood areas; reference geometries overlap. Recompute on common boundaries or union pixel masks.
E093,E093::idukki,E093::pathanamthitta,GAUL_reference,GB2021_reference,0.033987,90.126,Do not sum district flood areas; reference geometries overlap. Recompute on common boundaries or union pixel masks.
E103,E103::darrang,E103::udalguri,GAUL_reference,GB2021_reference,0.899211,1845.907,Do not sum district flood areas; reference geometries overlap. Recompute on common boundaries or union pixel masks.
E103,E103::sonitpur,E103::udalguri,GAUL_reference,GB2021_reference,0.032417,66.585,Do not sum district flood areas; reference geometries overlap. Recompute on common boundaries or union pixel masks.
E101,E101::nagapattinam,E101::thiruvarur,GAUL_reference,GB2021_reference,0.948031,2157.928,Do not sum district flood areas; reference geometries overlap. Recompute on common boundaries or union pixel masks.
E101,E101::coimbatore,E101::tiruppur,GAUL_reference,GB2021_reference,0.486603,2520.928,Do not sum district flood areas; reference geometries overlap. Recompute on common boundaries or union pixel masks.
E107,E107::bongaigaon,E107::chirang,GAUL_reference,GB2021_reference,0.68306,1081.991,Do not sum district flood areas; reference geometries overlap. Recompute on common boundaries or union pixel masks.
E107,E107::barpeta,E107::baksa,GAUL_reference,GB2021_reference,0.368313,881.69,Do not sum district flood areas; reference geometries overlap. Recompute on common boundaries or union pixel masks.
E107,E107::darrang,E107::udalguri,GAUL_reference,GB2021_reference,0.899211,1845.907,Do not sum district flood areas; reference geometries overlap. Recompute on common boundaries or union pixel masks.
E107,E107::goalpara,E107::dhubri,GAUL_reference,GB2021_reference,0.013315,23.8,Do not sum district flood areas; reference geometries overlap. Recompute on common boundaries or union pixel masks.
E107,E107::dibrugarh,E107::charaideo,GAUL_reference,GB2021_reference,0.012068,12.656,Do not sum district flood areas; reference geometries overlap. Recompute on common boundaries or union pixel masks.
E107,E107::golaghat,E107::biswanath,GAUL_reference,GB2021_reference,0.039791,71.373,Do not sum district flood areas; reference geometries overlap. Recompute on common boundaries or union pixel masks.
E107,E107::golaghat,E107::majuli,GAUL_reference,GB2021_reference,0.223991,279.973,Do not sum district flood areas; reference geometries overlap. Recompute on common boundaries or union pixel masks.
E107,E107::jorhat,E107::majuli,GAUL_reference,GB2021_reference,0.745795,930.79,Do not sum district flood areas; reference geometries overlap. Recompute on common boundaries or union pixel masks.
E107,E107::jorhat,E107::sivasagar,GAUL_reference,GB2021_reference,0.02156,32.874,Do not sum district flood areas; reference geometries overlap. Recompute on common boundaries or union pixel masks.
E107,E107::lakhimpur,E107::majuli,GAUL_reference,GB2021_reference,0.021383,26.658,Do not sum district flood areas; reference geometries overlap. Recompute on common boundaries or union pixel masks.
E107,E107::nalbari,E107::baksa,GAUL_reference,GB2021_reference,0.516814,1205.822,Do not sum district flood areas; reference geometries overlap. Recompute on common boundaries or union pixel masks.
E107,E107::kamrup,E107::baksa,GAUL_reference,GB2021_reference,0.11719,280.811,Do not sum district flood areas; reference geometries overlap. Recompute on common boundaries or union pixel masks.
E107,E107::kamrup,E107::kamrup%20metropolitan,GAUL_reference,GB2021_reference,0.986026,1113.615,Do not sum district flood areas; reference geometries overlap. Recompute on common boundaries or union pixel masks.
E107,E107::kokrajhar,E107::chirang,GAUL_reference,GB2021_reference,0.30944,489.955,Do not sum district flood areas; reference geometries overlap. Recompute on common boundaries or union pixel masks.
E107,E107::kokrajhar,E107::dhubri,GAUL_reference,GB2021_reference,0.057986,103.472,Do not sum district flood areas; reference geometries overlap. Recompute on common boundaries or union pixel masks.
E107,E107::sonitpur,E107::biswanath,GAUL_reference,GB2021_reference,0.864095,1549.286,Do not sum district flood areas; reference geometries overlap. Recompute on common boundaries or union pixel masks.
E107,E107::sonitpur,E107::udalguri,GAUL_reference,GB2021_reference,0.032417,66.585,Do not sum district flood areas; reference geometries overlap. Recompute on common boundaries or union pixel masks.
E107,E107::nagaon,E107::hojai,GAUL_reference,GB2021_reference,0.987832,1435.982,Do not sum district flood areas; reference geometries overlap. Recompute on common boundaries or union pixel masks.
E107,E107::nagaon,E107::morigaon,GAUL_reference,GB2021_reference,0.029263,44.046,Do not sum district flood areas; reference geometries overlap. Recompute on common boundaries or union pixel masks.
E107,E107::karbi%20anglong,E107::hojai,GAUL_reference,GB2021_reference,0.010223,14.875,Do not sum district flood areas; reference geometries overlap. Recompute on common boundaries or union pixel masks.
E107,E107::karbi%20anglong,E107::west%20karbi%20anglong,GAUL_reference,GB2021_reference,0.990847,3072.286,Do not sum district flood areas; reference geometries overlap. Recompute on common boundaries or union pixel masks.
E108,E108::gopalganj,E108::east%20champaran,GAUL_reference,GB2021_reference,0.069601,142.143,Do not sum district flood areas; reference geometries overlap. Recompute on common boundaries or union pixel masks.
E108,E108::sheohar,E108::east%20champaran,GAUL_reference,GB2021_reference,0.072964,41.903,Do not sum district flood areas; reference geometries overlap. Recompute on common boundaries or union pixel masks.
E108,E108::sitamarhi,E108::east%20champaran,GAUL_reference,GB2021_reference,0.016109,33.339,Do not sum district flood areas; reference geometries overlap. Recompute on common boundaries or union pixel masks.
E108,E108::muzaffarpur,E108::east%20champaran,GAUL_reference,GB2021_reference,0.015933,50.698,Do not sum district flood areas; reference geometries overlap. Recompute on common boundaries or union pixel masks.
E109,E109::kanker,E109::narayanpur,GAUL_reference,GB2021_reference,0.045072,172.379,Do not sum district flood areas; reference geometries overlap. Recompute on common boundaries or union pixel masks.
E109,E109::bastar,E109::bijapur,GAUL_reference,GB2021_reference,0.031811,290.008,Do not sum district flood areas; reference geometries overlap. Recompute on common boundaries or union pixel masks.
E109,E109::bastar,E109::narayanpur,GAUL_reference,GB2021_reference,0.952417,3647.417,Do not sum district flood areas; reference geometries overlap. Recompute on common boundaries or union pixel masks.
E109,E109::bastar,E109::kondagaon,GAUL_reference,GB2021_reference,0.978613,5065.202,Do not sum district flood areas; reference geometries overlap. Recompute on common boundaries or union pixel masks.
E109,E109::bastar,E109::sukma,GAUL_reference,GB2021_reference,0.062664,353.456,Do not sum district flood areas; reference geometries overlap. Recompute on common boundaries or union pixel masks.
E109,E109::raipur,E109::balodabazar,GAUL_reference,GB2021_reference,0.988183,3922.587,Do not sum district flood areas; reference geometries overlap. Recompute on common boundaries or union pixel masks.
E109,E109::raipur,E109::gariyaband,GAUL_reference,GB2021_reference,0.963782,4694.576,Do not sum district flood areas; reference geometries overlap. Recompute on common boundaries or union pixel masks.
E109,E109::raipur,E109::mungeli,GAUL_reference,GB2021_reference,0.031094,79.449,Do not sum district flood areas; reference geometries overlap. Recompute on common boundaries or union pixel masks.
E109,E109::dantewada,E109::bijapur,GAUL_reference,GB2021_reference,0.964633,8815.568,Do not sum district flood areas; reference geometries overlap. Recompute on common boundaries or union pixel masks.
E109,E109::dantewada,E109::sukma,GAUL_reference,GB2021_reference,0.925645,5233.299,Do not sum district flood areas; reference geometries overlap. Recompute on common boundaries or union pixel masks.
E110,E110::gandhinagar,E110::ahmedabad,GAUL_reference,GB2021_reference,0.02573,44.376,Do not sum district flood areas; reference geometries overlap. Recompute on common boundaries or union pixel masks.
E110,E110::amreli,E110::botad,GAUL_reference,GB2021_reference,0.014048,36.996,Do not sum district flood areas; reference geometries overlap. Recompute on common boundaries or union pixel masks.
E110,E110::porbandar,E110::devbhumi%20dwarka,GAUL_reference,GB2021_reference,0.025824,60.924,Do not sum district flood areas; reference geometries overlap. Recompute on common boundaries or union pixel masks.
E110,E110::patan,E110::kutch,GAUL_reference,GB2021_reference,0.020878,125.423,Do not sum district flood areas; reference geometries overlap. Recompute on common boundaries or union pixel masks.
E110,E110::patan,E110::mehsana,GAUL_reference,GB2021_reference,0.096832,424.295,Do not sum district flood areas; reference geometries overlap. Recompute on common boundaries or union pixel masks.
E110,E110::junagadh,E110::gir%20somnath,GAUL_reference,GB2021_reference,0.85431,3220.689,Do not sum district flood areas; reference geometries overlap. Recompute on common boundaries or union pixel masks.
E110,E110::surat,E110::tapi,GAUL_reference,GB2021_reference,0.974441,3131.258,Do not sum district flood areas; reference geometries overlap. Recompute on common boundaries or union pixel masks.
E110,E110::bhavnagar,E110::botad,GAUL_reference,GB2021_reference,0.588842,1548.613,Do not sum district flood areas; reference geometries overlap. Recompute on common boundaries or union pixel masks.
E110,E110::rajkot,E110::botad,GAUL_reference,GB2021_reference,0.016261,42.748,Do not sum district flood areas; reference geometries overlap. Recompute on common boundaries or union pixel masks.
E110,E110::rajkot,E110::morbi,GAUL_reference,GB2021_reference,0.718274,3473.294,Do not sum district flood areas; reference geometries overlap. Recompute on common boundaries or union pixel masks.
E110,E110::surendranagar,E110::botad,GAUL_reference,GB2021_reference,0.016179,42.462,Do not sum district flood areas; reference geometries overlap. Recompute on common boundaries or union pixel masks.
E110,E110::surendranagar,E110::morbi,GAUL_reference,GB2021_reference,0.242551,1171.029,Do not sum district flood areas; reference geometries overlap. Recompute on common boundaries or union pixel masks.
E110,E110::surendranagar,E110::ahmedabad,GAUL_reference,GB2021_reference,0.029279,212.271,Do not sum district flood areas; reference geometries overlap. Recompute on common boundaries or union pixel masks.
E110,E110::jamnagar,E110::devbhumi%20dwarka,GAUL_reference,GB2021_reference,0.953073,4107.206,Do not sum district flood areas; reference geometries overlap. Recompute on common boundaries or union pixel masks.
E110,E110::jamnagar,E110::morbi,GAUL_reference,GB2021_reference,0.013557,65.558,Do not sum district flood areas; reference geometries overlap. Recompute on common boundaries or union pixel masks.
E112,E112::kottayam,E112::pathanamthitta,GAUL_reference,GB2021_reference,0.022668,48.412,Do not sum district flood areas; reference geometries overlap. Recompute on common boundaries or union pixel masks.
E112,E112::idukki,E112::pathanamthitta,GAUL_reference,GB2021_reference,0.033987,90.126,Do not sum district flood areas; reference geometries overlap. Recompute on common boundaries or union pixel masks.
E113,E113::jhabua,E113::alirajpur,GAUL_reference,GB2021_reference,0.982975,3263.141,Do not sum district flood areas; reference geometries overlap. Recompute on common boundaries or union pixel masks.
E113,E113::sidhi,E113::singrauli,GAUL_reference,GB2021_reference,0.98124,5864.145,Do not sum district flood areas; reference geometries overlap. Recompute on common boundaries or union pixel masks.
E116,E116::ambedkar%20nagar,E116::ayodhya,GAUL_reference,GB2021_reference,0.017109,39.738,Do not sum district flood areas; reference geometries overlap. Recompute on common boundaries or union pixel masks.
E116,E116::ayodhya,E116::barabanki,GB2021_reference,GAUL_reference,0.198527,529.87,Do not sum district flood areas; reference geometries overlap. Recompute on common boundaries or union pixel masks.
E117,E117::kolkata,E117::howrah,GAUL_reference,GB2021_reference,0.013262,1.215,Do not sum district flood areas; reference geometries overlap. Recompute on common boundaries or union pixel masks.
E117,E117::birbhum,E117::paschim%20bardhaman,GAUL_reference,GB2021_reference,0.014133,23.094,Do not sum district flood areas; reference geometries overlap. Recompute on common boundaries or union pixel masks.
E117,E117::jalpaiguri,E117::alipurduar,GAUL_reference,GB2021_reference,0.985174,2759.042,Do not sum district flood areas; reference geometries overlap. Recompute on common boundaries or union pixel masks.
E120,E120::kalahandi,E120::nabarangapur,GAUL_reference,GB2021_reference,0.013954,75.381,Do not sum district flood areas; reference geometries overlap. Recompute on common boundaries or union pixel masks.
E120,E120::koraput,E120::nabarangapur,GAUL_reference,GB2021_reference,0.018264,98.825,Do not sum district flood areas; reference geometries overlap. Recompute on common boundaries or union pixel masks.
E121,E121::hyderabad,E121::ranga%20reddy,GAUL_reference,GB2021_reference,0.14722,26.212,Do not sum district flood areas; reference geometries overlap. Recompute on common boundaries or union pixel masks.
E121,E121::nalgonda,E121::ranga%20reddy,GAUL_reference,GB2021_reference,0.01302,66.093,Do not sum district flood areas; reference geometries overlap. Recompute on common boundaries or union pixel masks.
E122,E122::gopalganj,E122::east%20champaran,GAUL_reference,GB2021_reference,0.069601,142.143,Do not sum district flood areas; reference geometries overlap. Recompute on common boundaries or union pixel masks.
E122,E122::sitamarhi,E122::east%20champaran,GAUL_reference,GB2021_reference,0.016109,33.339,Do not sum district flood areas; reference geometries overlap. Recompute on common boundaries or union pixel masks.
E122,E122::muzaffarpur,E122::east%20champaran,GAUL_reference,GB2021_reference,0.015933,50.698,Do not sum district flood areas; reference geometries overlap. Recompute on common boundaries or union pixel masks.
E126,E126::kottayam,E126::pathanamthitta,GAUL_reference,GB2021_reference,0.022668,48.412,Do not sum district flood areas; reference geometries overlap. Recompute on common boundaries or union pixel masks.
E126,E126::idukki,E126::pathanamthitta,GAUL_reference,GB2021_reference,0.033987,90.126,Do not sum district flood areas; reference geometries overlap. Recompute on common boundaries or union pixel masks.
E125,E125::dharwad,E125::uttara%20kannada,GAUL_reference,GB2021_reference,0.010347,44.11,Do not sum district flood areas; reference geometries overlap. Recompute on common boundaries or union pixel masks.
E125,E125::davanagere,E125::shivamogga,GAUL_reference,GB2021_reference,0.102188,676.589,Do not sum district flood areas; reference geometries overlap. Recompute on common boundaries or union pixel masks.
E128,E128::south%20tripura,E128::gomati,GAUL_reference,GB2021_reference,0.986984,1593.171,Do not sum district flood areas; reference geometries overlap. Recompute on common boundaries or union pixel masks.
E128,E128::west%20tripura,E128::gomati,GAUL_reference,GB2021_reference,0.010832,17.458,Do not sum district flood areas; reference geometries overlap. Recompute on common boundaries or union pixel masks.
E129,E129::barabanki,E129::ayodhya,GAUL_reference,GB2021_reference,0.198527,529.87,Do not sum district flood areas; reference geometries overlap. Recompute on common boundaries or union pixel masks.
E135,E135::davanagere,E135::shivamogga,GAUL_reference,GB2021_reference,0.102188,676.589,Do not sum district flood areas; reference geometries overlap. Recompute on common boundaries or union pixel masks.
E135,E135::dharwad,E135::uttara%20kannada,GAUL_reference,GB2021_reference,0.010347,44.11,Do not sum district flood areas; reference geometries overlap. Recompute on common boundaries or union pixel masks.
E139,E139::bongaigaon,E139::chirang,GAUL_reference,GB2021_reference,0.68306,1081.991,Do not sum district flood areas; reference geometries overlap. Recompute on common boundaries or union pixel masks.
E142,E142::junagadh,E142::gir%20somnath,GAUL_reference,GB2021_reference,0.85431,3220.689,Do not sum district flood areas; reference geometries overlap. Recompute on common boundaries or union pixel masks.
E142,E142::jamnagar,E142::devbhumi%20dwarka,GAUL_reference,GB2021_reference,0.953073,4107.206,Do not sum district flood areas; reference geometries overlap. Recompute on common boundaries or union pixel masks.
E142,E142::jamnagar,E142::morbi,GAUL_reference,GB2021_reference,0.013557,65.558,Do not sum district flood areas; reference geometries overlap. Recompute on common boundaries or union pixel masks.
E142,E142::rajkot,E142::morbi,GAUL_reference,GB2021_reference,0.718274,3473.294,Do not sum district flood areas; reference geometries overlap. Recompute on common boundaries or union pixel masks.
E142,E142::porbandar,E142::devbhumi%20dwarka,GAUL_reference,GB2021_reference,0.025824,60.924,Do not sum district flood areas; reference geometries overlap. Recompute on common boundaries or union pixel masks.
E143,E143::idukki,E143::pathanamthitta,GAUL_reference,GB2021_reference,0.033987,90.126,Do not sum district flood areas; reference geometries overlap. Recompute on common boundaries or union pixel masks.
E143,E143::kottayam,E143::pathanamthitta,GAUL_reference,GB2021_reference,0.022668,48.412,Do not sum district flood areas; reference geometries overlap. Recompute on common boundaries or union pixel masks.
E145,E145::cuddalore,E145::kallakurichi,GAUL_reference,GB2021_reference,0.014181,45.86,Do not sum district flood areas; reference geometries overlap. Recompute on common boundaries or union pixel masks.
E145,E145::cuddalore,E145::mayiladuthurai,GAUL_reference,GB2021_reference,0.023088,26.987,Do not sum district flood areas; reference geometries overlap. Recompute on common boundaries or union pixel masks.
E145,E145::dharmapuri,E145::krishnagiri,GAUL_reference,GB2021_reference,0.94968,4755.418,Do not sum district flood areas; reference geometries overlap. Recompute on common boundaries or union pixel masks.
E145,E145::nagapattinam,E145::mayiladuthurai,GAUL_reference,GB2021_reference,0.97431,1139.384,Do not sum district flood areas; reference geometries overlap. Recompute on common boundaries or union pixel masks.
E145,E145::nagapattinam,E145::tiruvarur,GAUL_reference,GB2021_reference,0.948031,2157.928,Do not sum district flood areas; reference geometries overlap. Recompute on common boundaries or union pixel masks.
E145,E145::madurai,E145::sivagangai,GAUL_reference,GB2021_reference,0.014493,53.449,Do not sum district flood areas; reference geometries overlap. Recompute on common boundaries or union pixel masks.
E145,E145::karur,E145::tiruchirappalli,GAUL_reference,GB2021_reference,0.017679,51.102,Do not sum district flood areas; reference geometries overlap. Recompute on common boundaries or union pixel masks.
E145,E145::perambalur,E145::tiruchirappalli,GAUL_reference,GB2021_reference,0.076208,133.579,Do not sum district flood areas; reference geometries overlap. Recompute on common boundaries or union pixel masks.
E145,E145::ramanathapuram,E145::sivagangai,GAUL_reference,GB2021_reference,0.065722,279.756,Do not sum district flood areas; reference geometries overlap. Recompute on common boundaries or union pixel masks.
E145,E145::thanjavur,E145::tiruchirappalli,GAUL_reference,GB2021_reference,0.012578,42.645,Do not sum district flood areas; reference geometries overlap. Recompute on common boundaries or union pixel masks.
E145,E145::thanjavur,E145::tiruvarur,GAUL_reference,GB2021_reference,0.02656,60.417,Do not sum district flood areas; reference geometries overlap. Recompute on common boundaries or union pixel masks.
E145,E145::thoothukudi,E145::tenkasi,GAUL_reference,GB2021_reference,0.022547,64.683,Do not sum district flood areas; reference geometries overlap. Recompute on common boundaries or union pixel masks.
E145,E145::thoothukudi,E145::tirunelveli,GAUL_reference,GB2021_reference,0.050381,190.193,Do not sum district flood areas; reference geometries overlap. Recompute on common boundaries or union pixel masks.
E145,E145::villupuram,E145::kallakurichi,GAUL_reference,GB2021_reference,0.966525,3124.285,Do not sum district flood areas; reference geometries overlap. Recompute on common boundaries or union pixel masks.
E145,E145::virudhunagar,E145::tenkasi,GAUL_reference,GB2021_reference,0.031021,88.924,Do not sum district flood areas; reference geometries overlap. Recompute on common boundaries or union pixel masks.
E145,E145::tiruvannamalai,E145::kallakurichi,GAUL_reference,GB2021_reference,0.014695,47.463,Do not sum district flood areas; reference geometries overlap. Recompute on common boundaries or union pixel masks.
E145,E145::tiruvannamalai,E145::ranipet,GAUL_reference,GB2021_reference,0.016306,32.296,Do not sum district flood areas; reference geometries overlap. Recompute on common boundaries or union pixel masks.
E145,E145::tiruvannamalai,E145::tirupattur,GAUL_reference,GB2021_reference,0.015471,30.022,Do not sum district flood areas; reference geometries overlap. Recompute on common boundaries or union pixel masks.
E145,E145::ariyalur,E145::tiruchirappalli,GAUL_reference,GB2021_reference,0.018383,35.879,Do not sum district flood areas; reference geometries overlap. Recompute on common boundaries or union pixel masks.
E145,E145::chennai,E145::chengalpattu,GAUL_reference,GB2021_reference,0.016985,3.327,Do not sum district flood areas; reference geometries overlap. Recompute on common boundaries or union pixel masks.
E145,E145::chennai,E145::kanchipuram,GAUL_reference,GB2021_reference,0.117752,23.072,Do not sum district flood areas; reference geometries overlap. Recompute on common boundaries or union pixel masks.
E145,E145::chennai,E145::tiruvallur,GAUL_reference,GB2021_reference,0.058762,11.51,Do not sum district flood areas; reference geometries overlap. Recompute on common boundaries or union pixel masks.
E145,E145::namakkal,E145::tiruchirappalli,GAUL_reference,GB2021_reference,0.012249,41.687,Do not sum district flood areas; reference geometries overlap. Recompute on common boundaries or union pixel masks.
E145,E145::pudukkottai,E145::tiruchirappalli,GAUL_reference,GB2021_reference,0.020051,90.458,Do not sum district flood areas; reference geometries overlap. Recompute on common boundaries or union pixel masks.
E145,E145::pudukkottai,E145::sivagangai,GAUL_reference,GB2021_reference,0.044955,191.51,Do not sum district flood areas; reference geometries overlap. Recompute on common boundaries or union pixel masks.
E145,E145::vellore,E145::krishnagiri,GAUL_reference,GB2021_reference,0.018421,92.267,Do not sum district flood areas; reference geometries overlap. Recompute on common boundaries or union pixel masks.
E145,E145::vellore,E145::ranipet,GAUL_reference,GB2021_reference,0.914889,1810.692,Do not sum district flood areas; reference geometries overlap. Recompute on common boundaries or union pixel masks.
E145,E145::vellore,E145::tirupattur,GAUL_reference,GB2021_reference,0.971522,1884.324,Do not sum district flood areas; reference geometries overlap. Recompute on common boundaries or union pixel masks.
E148,E148::bongaigaon,E148::chirang,GAUL_reference,GB2021_reference,0.68306,1081.991,Do not sum district flood areas; reference geometries overlap. Recompute on common boundaries or union pixel masks.
E148,E148::golaghat,E148::biswanath,GAUL_reference,GB2021_reference,0.039791,71.373,Do not sum district flood areas; reference geometries overlap. Recompute on common boundaries or union pixel masks.
E148,E148::golaghat,E148::majuli,GAUL_reference,GB2021_reference,0.223991,279.973,Do not sum district flood areas; reference geometries overlap. Recompute on common boundaries or union pixel masks.
E148,E148::lakhimpur,E148::majuli,GAUL_reference,GB2021_reference,0.021383,26.658,Do not sum district flood areas; reference geometries overlap. Recompute on common boundaries or union pixel masks.
E148,E148::nagaon,E148::hojai,GAUL_reference,GB2021_reference,0.987832,1435.982,Do not sum district flood areas; reference geometries overlap. Recompute on common boundaries or union pixel masks.
E148,E148::nagaon,E148::morigaon,GAUL_reference,GB2021_reference,0.029263,44.046,Do not sum district flood areas; reference geometries overlap. Recompute on common boundaries or union pixel masks.
E148,E148::sonitpur,E148::biswanath,GAUL_reference,GB2021_reference,0.864095,1549.286,Do not sum district flood areas; reference geometries overlap. Recompute on common boundaries or union pixel masks.
E148,E148::sonitpur,E148::udalguri,GAUL_reference,GB2021_reference,0.032417,66.585,Do not sum district flood areas; reference geometries overlap. Recompute on common boundaries or union pixel masks.
E148,E148::bajali,E148::baksa,OSM_reference,GB2021_reference,0.109639,45.172,Do not sum district flood areas; reference geometries overlap. Recompute on common boundaries or union pixel masks.
E148,E148::bajali,E148::barpeta,OSM_reference,GAUL_reference,0.995981,410.618,Do not sum district flood areas; reference geometries overlap. Recompute on common boundaries or union pixel masks.
E148,E148::baksa,E148::barpeta,GB2021_reference,GAUL_reference,0.368313,881.69,Do not sum district flood areas; reference geometries overlap. Recompute on common boundaries or union pixel masks.
E148,E148::baksa,E148::kamrup,GB2021_reference,GAUL_reference,0.11719,280.811,Do not sum district flood areas; reference geometries overlap. Recompute on common boundaries or union pixel masks.
E148,E148::baksa,E148::tamulpur,GB2021_reference,OSM_reference,0.977221,838.908,Do not sum district flood areas; reference geometries overlap. Recompute on common boundaries or union pixel masks.
E148,E148::baksa,E148::nalbari,GB2021_reference,GAUL_reference,0.516814,1205.822,Do not sum district flood areas; reference geometries overlap. Recompute on common boundaries or union pixel masks.
E148,E148::chirang,E148::kokrajhar,GB2021_reference,GAUL_reference,0.30944,489.955,Do not sum district flood areas; reference geometries overlap. Recompute on common boundaries or union pixel masks.
E148,E148::dhubri,E148::goalpara,GB2021_reference,GAUL_reference,0.013315,23.8,Do not sum district flood areas; reference geometries overlap. Recompute on common boundaries or union pixel masks.
E148,E148::dhubri,E148::kokrajhar,GB2021_reference,GAUL_reference,0.057986,103.472,Do not sum district flood areas; reference geometries overlap. Recompute on common boundaries or union pixel masks.
E148,E148::kamrup%20metropolitan,E148::kamrup,GB2021_reference,GAUL_reference,0.986026,1113.615,Do not sum district flood areas; reference geometries overlap. Recompute on common boundaries or union pixel masks.
E148,E148::darrang,E148::tamulpur,GAUL_reference,OSM_reference,0.012116,10.407,Do not sum district flood areas; reference geometries overlap. Recompute on common boundaries or union pixel masks.
E148,E148::darrang,E148::udalguri,GAUL_reference,GB2021_reference,0.899211,1845.907,Do not sum district flood areas; reference geometries overlap. Recompute on common boundaries or union pixel masks.
E148,E148::kamrup,E148::tamulpur,GAUL_reference,OSM_reference,0.304442,261.525,Do not sum district flood areas; reference geometries overlap. Recompute on common boundaries or union pixel masks.
E148,E148::tamulpur,E148::nalbari,OSM_reference,GAUL_reference,0.672664,577.296,Do not sum district flood areas; reference geometries overlap. Recompute on common boundaries or union pixel masks.
E146,E146::nellore,E146::ysr%20kadapa,GAUL_reference,GB2021_reference,0.013769,184.634,Do not sum district flood areas; reference geometries overlap. Recompute on common boundaries or union pixel masks.
E150,E150::dang,E150::surat,GB2021_reference,GAUL_reference,0.011443,19.722,Do not sum district flood areas; reference geometries overlap. Recompute on common boundaries or union pixel masks.
E150,E150::tapi,E150::surat,GB2021_reference,GAUL_reference,0.974441,3131.258,Do not sum district flood areas; reference geometries overlap. Recompute on common boundaries or union pixel masks.
E154,E154::ri-bhoi,E154::ri%20bhoi,GAUL_reference,GAUL_reference,1.0,2385.127,Do not sum district flood areas; reference geometries overlap. Recompute on common boundaries or union pixel masks.
E159,E159::ayodhya,E159::barabanki,GB2021_reference,GAUL_reference,0.198527,529.87,Do not sum district flood areas; reference geometries overlap. Recompute on common boundaries or union pixel masks.
E160,E160::barpeta,E160::bajali,GAUL_reference,OSM_reference,0.995981,410.618,Do not sum district flood areas; reference geometries overlap. Recompute on common boundaries or union pixel masks.
E160,E160::barpeta,E160::baksa,GAUL_reference,GB2021_reference,0.368313,881.69,Do not sum district flood areas; reference geometries overlap. Recompute on common boundaries or union pixel masks.
E160,E160::bajali,E160::baksa,OSM_reference,GB2021_reference,0.109639,45.172,Do not sum district flood areas; reference geometries overlap. Recompute on common boundaries or union pixel masks.
E160,E160::baksa,E160::nalbari,GB2021_reference,GAUL_reference,0.516814,1205.822,Do not sum district flood areas; reference geometries overlap. Recompute on common boundaries or union pixel masks.
E164,E164::raipur,E164::gariaband,GAUL_reference,GB2021_reference,0.963782,4694.576,Do not sum district flood areas; reference geometries overlap. Recompute on common boundaries or union pixel masks.
E166,E166::surat,E166::dang,GAUL_reference,GB2021_reference,0.011443,19.722,Do not sum district flood areas; reference geometries overlap. Recompute on common boundaries or union pixel masks.
E166,E166::surat,E166::tapi,GAUL_reference,GB2021_reference,0.974441,3131.258,Do not sum district flood areas; reference geometries overlap. Recompute on common boundaries or union pixel masks.
E170,E170::palghar,E170::thane,GB2021_reference,GAUL_reference,0.96921,5175.062,Do not sum district flood areas; reference geometries overlap. Recompute on common boundaries or union pixel masks.
E171,E171::fazilka,E171::firozpur,GB2021_reference,GAUL_reference,0.965878,3146.382,Do not sum district flood areas; reference geometries overlap. Recompute on common boundaries or union pixel masks.
E171,E171::tarn%20taran,E171::kapurthala,GB2021_reference,GAUL_reference,0.032177,53.364,Do not sum district flood areas; reference geometries overlap. Recompute on common boundaries or union pixel masks.
E174,E174::faridabad,E174::palwal,GAUL_reference,GB2021_reference,0.955532,1285.056,Do not sum district flood areas; reference geometries overlap. Recompute on common boundaries or union pixel masks.
E176,E176::sas%20nagar,E176::patiala,GB2021_reference,GAUL_reference,0.338376,372.971,Do not sum district flood areas; reference geometries overlap. Recompute on common boundaries or union pixel masks.
E176,E176::sas%20nagar,E176::rupnagar,GB2021_reference,GAUL_reference,0.570178,626.977,Do not sum district flood areas; reference geometries overlap. Recompute on common boundaries or union pixel masks.
E176,E176::sbs%20nagar,E176::hoshiarpur,GB2021_reference,GAUL_reference,0.018477,23.573,Do not sum district flood areas; reference geometries overlap. Recompute on common boundaries or union pixel masks.
E176,E176::sbs%20nagar,E176::rupnagar,GB2021_reference,GAUL_reference,0.029777,38.04,Do not sum district flood areas; reference geometries overlap. Recompute on common boundaries or union pixel masks.
E179,E179::kanyakumari,E179::kanniyakumari,GB2021_reference,GAUL_reference,0.964422,1535.28,Do not sum district flood areas; reference geometries overlap. Recompute on common boundaries or union pixel masks.
E179,E179::tenkasi,E179::thoothukudi,GB2021_reference,GAUL_reference,0.022547,64.683,Do not sum district flood areas; reference geometries overlap. Recompute on common boundaries or union pixel masks.
E179,E179::thoothukkudi,E179::thoothukudi,GB2021_reference,GAUL_reference,0.942091,4459.796,Do not sum district flood areas; reference geometries overlap. Recompute on common boundaries or union pixel masks.
E179,E179::tirunelveli,E179::thoothukudi,GB2021_reference,GAUL_reference,0.050381,190.193,Do not sum district flood areas; reference geometries overlap. Recompute on common boundaries or union pixel masks.
E180,E180::biswanath,E180::golaghat,GB2021_reference,GAUL_reference,0.039791,71.373,Do not sum district flood areas; reference geometries overlap. Recompute on common boundaries or union pixel masks.
E180,E180::biswanath,E180::sonitpur,GB2021_reference,GAUL_reference,0.864095,1549.286,Do not sum district flood areas; reference geometries overlap. Recompute on common boundaries or union pixel masks.
E180,E180::darrang,E180::tamulpur,GAUL_reference,OSM_reference,0.012116,10.407,Do not sum district flood areas; reference geometries overlap. Recompute on common boundaries or union pixel masks.
E180,E180::darrang,E180::udalguri,GAUL_reference,GB2021_reference,0.899211,1845.907,Do not sum district flood areas; reference geometries overlap. Recompute on common boundaries or union pixel masks.
E180,E180::jorhat,E180::majuli,GAUL_reference,GB2021_reference,0.745795,930.79,Do not sum district flood areas; reference geometries overlap. Recompute on common boundaries or union pixel masks.
E180,E180::jorhat,E180::sivasagar,GAUL_reference,GB2021_reference,0.02156,32.874,Do not sum district flood areas; reference geometries overlap. Recompute on common boundaries or union pixel masks.
E180,E180::majuli,E180::golaghat,GB2021_reference,GAUL_reference,0.223991,279.973,Do not sum district flood areas; reference geometries overlap. Recompute on common boundaries or union pixel masks.
E180,E180::majuli,E180::lakhimpur,GB2021_reference,GAUL_reference,0.021383,26.658,Do not sum district flood areas; reference geometries overlap. Recompute on common boundaries or union pixel masks.
E180,E180::morigaon,E180::nagaon,GB2021_reference,GAUL_reference,0.029263,44.046,Do not sum district flood areas; reference geometries overlap. Recompute on common boundaries or union pixel masks.
E180,E180::tamulpur,E180::nalbari,OSM_reference,GAUL_reference,0.672664,577.296,Do not sum district flood areas; reference geometries overlap. Recompute on common boundaries or union pixel masks.
E180,E180::tamulpur,E180::kamrup,OSM_reference,GAUL_reference,0.304442,261.525,Do not sum district flood areas; reference geometries overlap. Recompute on common boundaries or union pixel masks.
E180,E180::udalguri,E180::sonitpur,GB2021_reference,GAUL_reference,0.032417,66.585,Do not sum district flood areas; reference geometries overlap. Recompute on common boundaries or union pixel masks.
E181,E181::south%20west%20garo%20hills,E181::west%20garo%20hills,GB2021_reference,GAUL_reference,0.995933,582.47,Do not sum district flood areas; reference geometries overlap. Recompute on common boundaries or union pixel masks.
E181,E181::west%20jaintia%20hills,E181::east%20khasi%20hills,GB2021_reference,GAUL_reference,0.017885,30.88,Do not sum district flood areas; reference geometries overlap. Recompute on common boundaries or union pixel masks.
E182,E182::biswanath,E182::golaghat,GB2021_reference,GAUL_reference,0.039791,71.373,Do not sum district flood areas; reference geometries overlap. Recompute on common boundaries or union pixel masks.
E182,E182::dhubri,E182::goalpara,GB2021_reference,GAUL_reference,0.013315,23.8,Do not sum district flood areas; reference geometries overlap. Recompute on common boundaries or union pixel masks.
E182,E182::kamrup%20metropolitan,E182::kamrup,GB2021_reference,GAUL_reference,0.986026,1113.615,Do not sum district flood areas; reference geometries overlap. Recompute on common boundaries or union pixel masks.
E182,E182::majuli,E182::jorhat,GB2021_reference,GAUL_reference,0.745795,930.79,Do not sum district flood areas; reference geometries overlap. Recompute on common boundaries or union pixel masks.
E182,E182::majuli,E182::golaghat,GB2021_reference,GAUL_reference,0.223991,279.973,Do not sum district flood areas; reference geometries overlap. Recompute on common boundaries or union pixel masks.
E182,E182::morigaon,E182::nagaon,GB2021_reference,GAUL_reference,0.029263,44.046,Do not sum district flood areas; reference geometries overlap. Recompute on common boundaries or union pixel masks.
E182,E182::sivasagar,E182::jorhat,GB2021_reference,GAUL_reference,0.02156,32.874,Do not sum district flood areas; reference geometries overlap. Recompute on common boundaries or union pixel masks.
E183,E183::ayodhya,E183::barabanki,GB2021_reference,GAUL_reference,0.198527,529.87,Do not sum district flood areas; reference geometries overlap. Recompute on common boundaries or union pixel masks.
E183,E183::ayodhya,E183::sultanpur,GB2021_reference,GAUL_reference,0.012496,33.411,Do not sum district flood areas; reference geometries overlap. Recompute on common boundaries or union pixel masks.
E183,E183::budaun,E183::shahjahanpur,GB2021_reference,GAUL_reference,0.012603,53.497,Do not sum district flood areas; reference geometries overlap. Recompute on common boundaries or union pixel masks.
E183,E183::balrampur,E183::shrawasti,GAUL_reference,GB2021_reference,0.030634,59.684,Do not sum district flood areas; reference geometries overlap. Recompute on common boundaries or union pixel masks.
E185,E185::gomati,E185::south%20tripura,GB2021_reference,GAUL_reference,0.986984,1593.171,Do not sum district flood areas; reference geometries overlap. Recompute on common boundaries or union pixel masks.
E185,E185::gomati,E185::west%20tripura,GB2021_reference,GAUL_reference,0.010832,17.458,Do not sum district flood areas; reference geometries overlap. Recompute on common boundaries or union pixel masks.
E185,E185::khowai,E185::dhalai,GB2021_reference,GAUL_reference,0.049552,51.741,Do not sum district flood areas; reference geometries overlap. Recompute on common boundaries or union pixel masks.
E185,E185::khowai,E185::west%20tripura,GB2021_reference,GAUL_reference,0.940499,981.7,Do not sum district flood areas; reference geometries overlap. Recompute on common boundaries or union pixel masks.
E185,E185::sepahijala,E185::south%20tripura,GB2021_reference,GAUL_reference,0.035452,37.897,Do not sum district flood areas; reference geometries overlap. Recompute on common boundaries or union pixel masks.
E185,E185::sepahijala,E185::west%20tripura,GB2021_reference,GAUL_reference,0.958996,1024.833,Do not sum district flood areas; reference geometries overlap. Recompute on common boundaries or union pixel masks.
E185,E185::unakoti,E185::north%20tripura,GB2021_reference,GAUL_reference,0.983768,645.812,Do not sum district flood areas; reference geometries overlap. Recompute on common boundaries or union pixel masks.
E186,E186::ahmedabad,E186::surendranagar,GB2021_reference,GAUL_reference,0.029279,212.271,Do not sum district flood areas; reference geometries overlap. Recompute on common boundaries or union pixel masks.
E186,E186::botad,E186::amreli,GB2021_reference,GAUL_reference,0.014048,36.996,Do not sum district flood areas; reference geometries overlap. Recompute on common boundaries or union pixel masks.
E186,E186::botad,E186::rajkot,GB2021_reference,GAUL_reference,0.016261,42.748,Do not sum district flood areas; reference geometries overlap. Recompute on common boundaries or union pixel masks.
E186,E186::botad,E186::surendranagar,GB2021_reference,GAUL_reference,0.016179,42.462,Do not sum district flood areas; reference geometries overlap. Recompute on common boundaries or union pixel masks.
E186,E186::devbhumi%20dwarka,E186::jamnagar,GB2021_reference,GAUL_reference,0.953073,4107.206,Do not sum district flood areas; reference geometries overlap. Recompute on common boundaries or union pixel masks.
E186,E186::mahisagar,E186::kheda,GB2021_reference,GAUL_reference,0.227561,569.652,Do not sum district flood areas; reference geometries overlap. Recompute on common boundaries or union pixel masks.
E186,E186::mahisagar,E186::dahod,GB2021_reference,GAUL_reference,0.392519,981.602,Do not sum district flood areas; reference geometries overlap. Recompute on common boundaries or union pixel masks.
E186,E186::morbi,E186::rajkot,GB2021_reference,GAUL_reference,0.718274,3473.294,Do not sum district flood areas; reference geometries overlap. Recompute on common boundaries or union pixel masks.
E186,E186::morbi,E186::surendranagar,GB2021_reference,GAUL_reference,0.242551,1171.029,Do not sum district flood areas; reference geometries overlap. Recompute on common boundaries or union pixel masks.
E186,E186::morbi,E186::jamnagar,GB2021_reference,GAUL_reference,0.013557,65.558,Do not sum district flood areas; reference geometries overlap. Recompute on common boundaries or union pixel masks.
E186,E186::panchmahal,E186::dahod,GB2021_reference,GAUL_reference,0.177052,588.278,Do not sum district flood areas; reference geometries overlap. Recompute on common boundaries or union pixel masks.
E186,E186::panchmahal,E186::vadodara,GB2021_reference,GAUL_reference,0.010956,36.434,Do not sum district flood areas; reference geometries overlap. Recompute on common boundaries or union pixel masks.
E188,E188::gomati,E188::west%20tripura,GB2021_reference,GAUL_reference,0.010832,17.458,Do not sum district flood areas; reference geometries overlap. Recompute on common boundaries or union pixel masks.
E188,E188::gomati,E188::south%20tripura,GB2021_reference,GAUL_reference,0.986984,1593.171,Do not sum district flood areas; reference geometries overlap. Recompute on common boundaries or union pixel masks.
E188,E188::khowai,E188::dhalai,GB2021_reference,GAUL_reference,0.049552,51.741,Do not sum district flood areas; reference geometries overlap. Recompute on common boundaries or union pixel masks.
E188,E188::khowai,E188::west%20tripura,GB2021_reference,GAUL_reference,0.940499,981.7,Do not sum district flood areas; reference geometries overlap. Recompute on common boundaries or union pixel masks.
E188,E188::sepahijala,E188::west%20tripura,GB2021_reference,GAUL_reference,0.958996,1024.833,Do not sum district flood areas; reference geometries overlap. Recompute on common boundaries or union pixel masks.
E188,E188::sepahijala,E188::south%20tripura,GB2021_reference,GAUL_reference,0.035452,37.897,Do not sum district flood areas; reference geometries overlap. Recompute on common boundaries or union pixel masks.
E188,E188::unakoti,E188::north%20tripura,GB2021_reference,GAUL_reference,0.983768,645.812,Do not sum district flood areas; reference geometries overlap. Recompute on common boundaries or union pixel masks.
E189,E189::north%20garo%20hills,E189::east%20garo%20hills,GB2021_reference,GAUL_reference,0.960226,1006.773,Do not sum district flood areas; reference geometries overlap. Recompute on common boundaries or union pixel masks.
E189,E189::north%20garo%20hills,E189::west%20garo%20hills,GB2021_reference,GAUL_reference,0.015597,16.351,Do not sum district flood areas; reference geometries overlap. Recompute on common boundaries or union pixel masks.
E189,E189::south%20west%20garo%20hills,E189::west%20garo%20hills,GB2021_reference,GAUL_reference,0.995933,582.47,Do not sum district flood areas; reference geometries overlap. Recompute on common boundaries or union pixel masks.
E190,E190::lohit,E190::namsai,GAUL_reference,GB2021_reference,0.969705,1240.376,Do not sum district flood areas; reference geometries overlap. Recompute on common boundaries or union pixel masks.
E191,E191::sribhumi%20%28karimganj%29,E191::hailakandi,GB2021_reference,GAUL_reference,0.021838,29.113,Do not sum district flood areas; reference geometries overlap. Recompute on common boundaries or union pixel masks.
E192,E192::imphal%20east,E192::senapati,GB2021_reference,GAUL_reference,0.166422,62.83,Do not sum district flood areas; reference geometries overlap. Recompute on common boundaries or union pixel masks.
E192,E192::imphal%20west,E192::bishnupur,GB2021_reference,GAUL_reference,0.151301,72.706,Do not sum district flood areas; reference geometries overlap. Recompute on common boundaries or union pixel masks.
E192,E192::imphal%20west,E192::senapati,GB2021_reference,GAUL_reference,0.048902,24.619,Do not sum district flood areas; reference geometries overlap. Recompute on common boundaries or union pixel masks.
E192,E192::kangpokpi,E192::senapati,GB2021_reference,GAUL_reference,0.827488,1507.143,Do not sum district flood areas; reference geometries overlap. Recompute on common boundaries or union pixel masks.
E192,E192::kangpokpi,E192::tamenglong,GB2021_reference,GAUL_reference,0.053289,96.96,Do not sum district flood areas; reference geometries overlap. Recompute on common boundaries or union pixel masks.
E192,E192::noney,E192::tamenglong,GB2021_reference,GAUL_reference,0.971611,1066.094,Do not sum district flood areas; reference geometries overlap. Recompute on common boundaries or union pixel masks.
E193,E193::eastern%20west%20khasi%20hills,E193::east%20khasi%20hills,OSM_reference,GAUL_reference,0.011943,14.669,Do not sum district flood areas; reference geometries overlap. Recompute on common boundaries or union pixel masks.
E193,E193::eastern%20west%20khasi%20hills,E193::west%20khasi%20hills,OSM_reference,GAUL_reference,0.986407,1210.465,Do not sum district flood areas; reference geometries overlap. Recompute on common boundaries or union pixel masks.
E193,E193::north%20garo%20hills,E193::east%20garo%20hills,GB2021_reference,GAUL_reference,0.960226,1006.773,Do not sum district flood areas; reference geometries overlap. Recompute on common boundaries or union pixel masks.
E193,E193::north%20garo%20hills,E193::west%20garo%20hills,GB2021_reference,GAUL_reference,0.015597,16.351,Do not sum district flood areas; reference geometries overlap. Recompute on common boundaries or union pixel masks.
E193,E193::south%20west%20garo%20hills,E193::west%20garo%20hills,GB2021_reference,GAUL_reference,0.995933,582.47,Do not sum district flood areas; reference geometries overlap. Recompute on common boundaries or union pixel masks.
E193,E193::south%20west%20khasi%20hills,E193::east%20khasi%20hills,GB2021_reference,GAUL_reference,0.060654,81.411,Do not sum district flood areas; reference geometries overlap. Recompute on common boundaries or union pixel masks.
E193,E193::south%20west%20khasi%20hills,E193::west%20khasi%20hills,GB2021_reference,GAUL_reference,0.93463,1254.428,Do not sum district flood areas; reference geometries overlap. Recompute on common boundaries or union pixel masks.
E193,E193::east%20khasi%20hills,E193::west%20jaintia%20hills,GAUL_reference,GB2021_reference,0.017885,30.88,Do not sum district flood areas; reference geometries overlap. Recompute on common boundaries or union pixel masks.
E197,E197::gomati,E197::west%20tripura,GB2021_reference,GAUL_reference,0.010832,17.458,Do not sum district flood areas; reference geometries overlap. Recompute on common boundaries or union pixel masks.
E197,E197::khowai,E197::west%20tripura,GB2021_reference,GAUL_reference,0.940499,981.7,Do not sum district flood areas; reference geometries overlap. Recompute on common boundaries or union pixel masks.
E197,E197::unakoti,E197::north%20tripura,GB2021_reference,GAUL_reference,0.983768,645.812,Do not sum district flood areas; reference geometries overlap. Recompute on common boundaries or union pixel masks.
E201,E201::fazilka,E201::firozpur,GB2021_reference,GAUL_reference,0.965878,3146.382,Do not sum district flood areas; reference geometries overlap. Recompute on common boundaries or union pixel masks.
E201,E201::gurdaspur,E201::pathankot,GAUL_reference,GB2021_reference,0.896664,896.025,Do not sum district flood areas; reference geometries overlap. Recompute on common boundaries or union pixel masks.
E201,E201::firozpur,E201::sri%20muktsar%20sahib,GAUL_reference,GB2021_reference,0.010264,26.986,Do not sum district flood areas; reference geometries overlap. Recompute on common boundaries or union pixel masks.
E203,E203::east%20champaran,E203::gopalganj,GB2021_reference,GAUL_reference,0.069601,142.143,Do not sum district flood areas; reference geometries overlap. Recompute on common boundaries or union pixel masks.
E203,E203::east%20champaran,E203::sheohar,GB2021_reference,GAUL_reference,0.072964,41.903,Do not sum district flood areas; reference geometries overlap. Recompute on common boundaries or union pixel masks.
E203,E203::east%20champaran,E203::muzaffarpur,GB2021_reference,GAUL_reference,0.015933,50.698,Do not sum district flood areas; reference geometries overlap. Recompute on common boundaries or union pixel masks.
E203,E203::east%20champaran,E203::sitamarhi,GB2021_reference,GAUL_reference,0.016109,33.339,Do not sum district flood areas; reference geometries overlap. Recompute on common boundaries or union pixel masks.
E204,E204::alipurduar,E204::jalpaiguri,GB2021_reference,GAUL_reference,0.985174,2759.042,Do not sum district flood areas; reference geometries overlap. Recompute on common boundaries or union pixel masks.
