event_id,sits_detect_km2,sits_threshold,sits_method,ndwi_flood_km2,s1_flood_km2,optical_available,cloud_pct,combined_km2,district_km2,flood_ratio,combined_source
E01,,,no-sits,,28.86,False,100.0,28.86,2961.8,0.0097,S1(cloud)
E02,595.97,0.684,ndwi-calib,148.34,,True,61.2,,2293.7,,none
E03,6.14,0.305,otsu,1.36,,True,93.3,,1556.5,,none
E04,97.89,0.398,otsu,1.61,,True,0.0,1.61,178.6,0.009,NDWI
E05,38.91,0.414,otsu,0.0,8.83,True,96.2,8.83,6912.8,0.0013,S1(cloud>60)
E06,1705.98,0.223,ndwi-calib,4.59,1.65,True,36.2,4.08,7838.3,0.0005,SITS+NDWI
E07,655.36,0.32,low-conf,55.21,10.83,True,36.7,55.21,3157.8,0.0175,NDWI
E08,226.51,0.334,ndwi-calib,98.32,107.18,True,74.6,107.18,3806.3,0.0282,S1(cloud>60)
E09,298.6,0.492,low-conf,14.71,6.11,True,7.2,14.71,2187.3,0.0067,NDWI
E10,1399.19,0.21,ndwi-calib,14.3,9.08,True,36.3,11.47,3697.1,0.0031,SITS+NDWI
E100,,,no-sits,,,False,100.0,,489.0,,none
E101,51.61,0.3,ndwi-calib,4.79,,True,84.3,,489.0,,none
E102,442.37,0.258,otsu,0.36,1.56,True,61.9,1.56,5255.6,0.0003,S1(cloud>60)
E103,47.92,0.336,otsu,0.15,1.91,True,95.6,1.91,5255.6,0.0004,S1(cloud>60)
E104,1082.57,0.258,otsu,1.42,0.48,True,10.7,1.42,5255.6,0.0003,NDWI
E105,768.0,0.242,low-conf,4.43,1.32,True,47.4,4.43,5255.6,0.0008,NDWI
E106,233.06,0.258,otsu,2.04,0.03,True,23.6,2.04,1362.0,0.0015,NDWI
E107,,,no-sits,,,False,100.0,,1629.5,,none
E108,,,no-sits,,,False,100.0,,1629.5,,none
E109,,,no-sits,,0.42,False,100.0,0.42,1629.5,0.0003,S1(cloud)
E11,280.58,0.305,otsu,1.61,0.69,True,68.7,0.69,3951.3,0.0002,S1(cloud>60)
E110,208.08,0.242,otsu,1.35,0.05,True,23.8,1.35,1629.5,0.0008,NDWI
E111,,,no-sits,,,False,4.0,,1629.5,,none
E112,,,no-sits,,0.14,False,100.0,0.14,8088.5,0.0,S1(cloud)
E113,,,no-sits,,0.7,False,100.0,0.7,8088.5,0.0001,S1(cloud)
E114,1323.83,0.336,otsu,0.46,0.28,True,2.5,0.46,8088.5,0.0001,NDWI
E115,2439.58,0.287,ndwi-calib,3.89,0.4,True,9.9,2.97,8088.5,0.0004,SITS+NDWI
E116,,,no-sits,,,False,100.0,,2605.1,,none
E117,542.31,0.367,otsu,1.24,4.62,True,0.0,1.24,2605.1,0.0005,NDWI
E118,1102.64,0.65,ndwi-calib,4.79,81.73,True,3.5,3.69,2605.1,0.0014,SITS+NDWI
E119,1736.29,0.707,ndwi-calib,151.28,131.15,True,18.3,131.62,2605.1,0.0505,SITS+NDWI
E12,308.02,0.732,ndwi-calib,34.82,30.48,True,54.7,22.22,1504.3,0.0148,SITS+NDWI
E120,205.21,0.346,ndwi-calib,4.24,7.87,True,13.0,4.24,2605.1,0.0016,SITS+NDWI(restored)
E121,,,no-sits,,,False,100.0,,17676.9,,none
E122,2675.51,0.586,otsu,0.47,5256.4,True,57.0,0.47,17676.9,0.0,NDWI
E123,1770.7,0.602,low-conf,4.11,233.85,True,73.1,233.85,17676.9,0.0132,S1(cloud>60)
E124,5037.67,0.674,ndwi-calib,10.63,3844.59,True,0.7,7.41,17676.9,0.0004,SITS+NDWI
E125,,,no-sits,1.61,,False,82.3,,4247.0,,none
E126,411.65,0.499,ndwi-calib,2.23,,True,77.7,,4247.0,,none
E127,680.76,0.315,ndwi-calib,10.85,21.27,True,55.0,9.27,4247.0,0.0022,SITS+NDWI
E128,,,no-sits,,,False,100.0,,2900.7,,none
E129,,,no-sits,,67.08,False,100.0,67.08,2900.7,0.0231,S1(cloud)
E13,,,no-sits,,35.52,False,100.0,35.52,8431.7,0.0042,S1(cloud)
E130,,,no-sits,,6.22,False,100.0,6.22,2900.7,0.0021,S1(cloud)
E131,2342.09,0.539,otsu,1.14,,True,0.3,1.14,2900.7,0.0004,NDWI
E132,52.02,0.758,otsu,0.04,5.58,True,92.9,5.58,2900.7,0.0019,S1(cloud>60)
E133,826.57,0.383,low-conf,11.68,1.97,True,13.5,11.68,2900.7,0.004,NDWI
E134,208.9,0.523,otsu,0.25,,True,35.3,0.25,2900.7,0.0001,NDWI
E135,4610.87,0.555,low-conf,103.61,153.0,True,45.2,103.61,12850.1,0.0081,NDWI
E136,,,no-sits,,2.75,False,100.0,2.75,3040.0,0.0009,S1(cloud)
E137,,,no-sits,,0.03,False,100.0,0.03,3040.0,0.0,S1(cloud)
E138,,,no-sits,,0.16,False,100.0,0.16,3040.0,0.0001,S1(cloud)
E139,1044.89,0.202,ndwi-calib,4.89,4.96,True,34.6,3.67,3040.0,0.0012,SITS+NDWI
E14,,,no-sits,,203.53,False,100.0,203.53,8431.7,0.0241,S1(cloud)
E140,,,no-sits,,6.82,False,100.0,6.82,2544.2,0.0027,S1(cloud)
E141,,,no-sits,,3.12,False,100.0,3.12,2544.2,0.0012,S1(cloud)
E142,,,no-sits,,,False,95.8,,2544.2,,none
E143,,,no-sits,,,False,100.0,,2544.2,,none
E144,,,no-sits,,8.45,False,100.0,8.45,2544.2,0.0033,S1(cloud)
E145,1170.23,0.43,otsu,1.48,68.12,True,15.6,1.48,2544.2,0.0006,NDWI
E146,,,no-sits,,49.9,False,100.0,49.9,2544.2,0.0196,S1(cloud)
E147,1365.61,0.612,ndwi-calib,37.23,61.95,True,2.4,29.86,2544.2,0.0117,SITS+NDWI
E148,452.2,0.695,ndwi-calib,4.09,14.18,True,0.0,4.09,2544.2,0.0016,SITS+NDWI(restored)
E149,1241.91,0.586,otsu,1.29,6.36,True,0.0,1.29,2544.2,0.0005,NDWI
E15,62.26,0.324,ndwi-calib,3.71,210.19,True,90.7,210.19,8431.7,0.0249,S1(cloud>60)
E150,516.1,0.328,ndwi-calib,4.56,3.01,True,30.1,2.31,2544.2,0.0009,SITS+NDWI
E151,231.42,0.613,ndwi-calib,7.79,12.73,True,34.3,5.23,2544.2,0.0021,SITS+NDWI
E152,,,no-sits,,46.58,False,100.0,46.58,7838.3,0.0059,S1(cloud)
E153,,,no-sits,,4.01,False,100.0,4.01,7838.3,0.0005,S1(cloud)
E154,,,no-sits,,4.05,False,100.0,4.05,7838.3,0.0005,S1(cloud)
E155,455.48,0.319,ndwi-calib,3.31,35.06,True,76.6,35.06,7838.3,0.0045,S1(cloud>60)
E156,534.53,0.508,otsu,0.77,11.8,True,73.4,11.8,7838.3,0.0015,S1(cloud>60)
E157,287.13,0.414,otsu,2.62,14.31,True,62.0,14.31,7838.3,0.0018,S1(cloud>60)
E158,63.49,0.508,otsu,0.39,29.93,True,97.6,29.93,7838.3,0.0038,S1(cloud>60)
E159,1443.43,0.264,ndwi-calib,51.92,,True,19.1,40.66,7838.3,0.0052,SITS+NDWI
E16,304.33,0.367,low-conf,76.93,165.41,True,21.9,76.93,8431.7,0.0091,NDWI
E160,,,no-sits,,10.57,False,100.0,10.57,7838.3,0.0013,S1(cloud)
E161,1855.08,0.246,ndwi-calib,14.59,10.62,True,14.1,8.18,7838.3,0.001,SITS+NDWI
E162,,,no-sits,,,False,100.0,,4566.0,,none
E163,1865.32,0.539,low-conf,28.28,16.61,True,7.3,28.28,4566.0,0.0062,NDWI
E164,,,no-sits,,0.02,False,100.0,0.02,4566.0,0.0,S1(cloud)
E165,1349.63,0.602,low-conf,51.83,0.01,True,33.3,51.83,4566.0,0.0114,NDWI
E166,1986.56,0.492,low-conf,19.73,11.57,True,0.4,19.73,4566.0,0.0043,NDWI
E167,763.08,0.549,ndwi-calib,15.89,0.03,True,2.0,5.24,4566.0,0.0011,SITS+NDWI
E168,648.4,0.245,ndwi-calib,30.04,0.03,True,0.0,9.95,4566.0,0.0022,SITS+NDWI
E17,561.97,0.474,ndwi-calib,3.77,206.41,True,84.1,206.41,8431.7,0.0245,S1(cloud>60)
E18,,,no-sits,,1.14,False,100.0,1.14,6676.5,0.0002,S1(cloud)
E19,,,no-sits,,5.91,False,100.0,5.91,6676.5,0.0009,S1(cloud)
E20,,,no-sits,,,False,100.0,,6676.5,,none
E21,85.2,0.398,otsu,0.31,,True,93.9,,6676.5,,none
E22,585.32,0.211,otsu,1.54,1.88,True,33.5,1.54,6676.5,0.0002,NDWI
E23,,,no-sits,,,False,100.0,,3997.4,,none
E24,,,no-sits,,,False,100.0,,3997.4,,none
E25,,,no-sits,,,False,100.0,,3997.4,,none
E26,,,no-sits,,18.93,False,100.0,18.93,3997.4,0.0047,S1(cloud)
E27,,,no-sits,,124.81,False,100.0,124.81,3997.4,0.0312,S1(cloud)
E28,47.51,0.505,ndwi-calib,1.52,65.28,True,93.2,65.28,3997.4,0.0163,S1(cloud>60)
E29,1383.22,0.447,ndwi-calib,212.94,0.01,True,4.4,175.06,3997.4,0.0438,SITS+NDWI
E30,502.99,0.391,ndwi-calib,64.76,0.02,True,72.5,0.02,3997.4,0.0,S1(cloud>60)
E31,1323.42,0.445,low-conf,29.18,10.84,True,6.5,29.18,3997.4,0.0073,NDWI
E32,2094.28,0.241,ndwi-calib,278.35,274.52,True,3.2,240.24,3997.4,0.0601,SITS+NDWI
E33,,,no-sits,,,False,100.0,,2911.5,,none
E34,347.75,0.788,ndwi-calib,2.76,,True,54.1,1.99,2911.5,0.0007,SITS+NDWI
E35,1614.64,0.602,low-conf,36.45,26.02,True,0.9,36.45,2911.5,0.0125,NDWI
E36,2099.2,0.633,low-conf,26.39,30.64,True,0.0,26.39,2911.5,0.0091,NDWI
E37,80.69,0.699,ndwi-calib,2.74,4.79,True,92.1,4.79,2911.5,0.0016,S1(cloud>60)
E38,1083.8,0.585,ndwi-calib,120.7,4.6,True,0.0,71.82,2911.5,0.0247,SITS+NDWI
E39,1813.3,0.539,low-conf,12.91,20.95,True,0.6,12.91,4766.8,0.0027,NDWI
E40,3473.41,0.508,low-conf,5.89,8.77,True,0.4,5.89,4766.8,0.0012,NDWI
E41,2666.91,0.523,low-conf,56.79,3.16,True,26.5,56.79,4766.8,0.0119,NDWI
E42,734.82,0.598,ndwi-calib,10.57,15.4,True,16.7,7.36,1504.3,0.0049,SITS+NDWI
E43,,,no-sits,,,False,100.0,,1992.4,,none
E44,,,no-sits,,,False,100.0,,1992.4,,none
E45,,,no-sits,,1.09,False,100.0,1.09,1992.4,0.0005,S1(cloud)
E46,147.05,0.383,otsu,1.25,1.23,True,23.0,1.25,1992.4,0.0006,NDWI
E47,,,no-sits,,,False,100.0,,10480.7,,none
E48,2064.38,0.695,low-conf,19.72,95.86,True,54.8,19.72,10480.7,0.0019,NDWI
E49,,,no-sits,,1.26,False,100.0,1.26,10480.7,0.0001,S1(cloud)
E50,2487.91,0.764,ndwi-calib,30.83,133.12,True,0.4,16.98,10480.7,0.0016,SITS+NDWI
E51,1621.2,0.775,ndwi-calib,26.29,129.49,True,0.1,26.29,10480.7,0.0025,SITS+NDWI(restored)
E52,3942.81,0.439,ndwi-calib,123.33,123.49,True,27.4,92.74,10480.7,0.0088,SITS+NDWI
E53,3571.3,0.707,ndwi-calib,4.45,53.43,True,0.0,4.45,10480.7,0.0004,SITS+NDWI(restored)
E54,,,no-sits,0.0,,False,100.0,,10480.7,,none
E55,2482.18,0.608,ndwi-calib,194.59,142.77,True,36.6,134.65,10480.7,0.0128,SITS+NDWI
E56,,,no-sits,,,False,100.0,,4174.8,,none
E57,1579.01,0.568,ndwi-calib,4.16,10.62,True,8.9,2.13,4174.8,0.0005,SITS+NDWI
E58,706.97,0.765,ndwi-calib,13.16,59.96,True,5.5,13.16,4174.8,0.0032,SITS+NDWI(restored)
E59,,,no-sits,,0.71,False,100.0,0.71,5506.0,0.0001,S1(cloud)
E60,,,no-sits,,0.83,False,100.0,0.83,5506.0,0.0002,S1(cloud)
E61,,,no-sits,,10.61,False,100.0,10.61,5506.0,0.0019,S1(cloud)
E62,544.36,0.32,otsu,2.38,0.0,True,30.4,2.38,5506.0,0.0004,NDWI
E63,540.26,0.336,otsu,2.03,44.86,True,34.5,2.03,5506.0,0.0004,NDWI
E64,281.8,0.352,otsu,1.19,13.4,True,28.6,1.19,5506.0,0.0002,NDWI
E65,73.73,0.502,ndwi-calib,3.72,0.01,True,80.6,0.01,5506.0,0.0,S1(cloud>60)
E66,389.53,0.336,low-conf,4.04,0.02,True,54.0,4.04,5506.0,0.0007,NDWI
E67,,,no-sits,,38.5,False,100.0,38.5,45603.1,0.0008,S1(cloud)
E68,3112.96,0.687,ndwi-calib,232.44,288.02,True,7.9,232.44,45603.1,0.0051,SITS+NDWI(restored)
E69,4627.25,0.27,ndwi-calib,4.49,1.13,True,0.1,4.01,6175.1,0.0006,SITS+NDWI
E70,2460.88,0.523,low-conf,24.03,7.09,True,18.7,24.03,6175.1,0.0039,NDWI
E71,148.28,0.653,ndwi-calib,4.4,0.16,True,53.5,0.84,6175.1,0.0001,SITS+NDWI
E72,3304.65,0.648,low-conf,8.3,143.6,True,27.9,8.3,8455.4,0.001,NDWI
E73,2019.74,0.617,low-conf,9.13,28.5,True,3.4,9.13,8455.4,0.0011,NDWI
E74,2448.18,0.423,ndwi-calib,10.89,38.95,True,11.0,6.79,8455.4,0.0008,SITS+NDWI
E75,3306.29,0.648,low-conf,19.72,15.7,True,19.6,19.72,8455.4,0.0023,NDWI
E76,713.11,0.664,otsu,0.61,20.61,True,79.3,20.61,8455.4,0.0024,S1(cloud>60)
E77,,,no-sits,,19.7,False,100.0,19.7,2961.8,0.0067,S1(cloud)
E78,316.21,0.211,ndwi-calib,5.71,0.34,True,80.0,0.34,2961.8,0.0001,S1(cloud>60)
E79,290.82,0.335,ndwi-calib,6.82,22.94,True,41.8,6.82,2961.8,0.0023,SITS+NDWI(restored)
E80,680.35,0.252,ndwi-calib,16.21,21.72,True,40.2,13.19,2961.8,0.0045,SITS+NDWI
E81,,,no-sits,,,False,100.0,,10275.8,,none
E82,,,no-sits,,,False,100.0,,10275.8,,none
E83,,,no-sits,,15.09,False,100.0,15.09,10275.8,0.0015,S1(cloud)
E84,,,no-sits,,6.33,False,100.0,6.33,10275.8,0.0006,S1(cloud)
E85,7428.51,0.433,ndwi-calib,28.57,1.66,True,4.5,26.83,10275.8,0.0026,SITS+NDWI
E86,6955.42,0.681,ndwi-calib,7.45,180.42,True,0.1,5.7,10275.8,0.0006,SITS+NDWI
E87,6183.32,0.468,ndwi-calib,15.91,207.01,True,0.1,13.34,10275.8,0.0013,SITS+NDWI
E88,502.58,0.263,ndwi-calib,5.06,40.59,True,23.1,3.05,10275.8,0.0003,SITS+NDWI
E89,,,no-sits,,,False,100.0,,6347.3,,none
E90,,,no-sits,,,False,100.0,,6347.3,,none
E91,,,no-sits,,5.76,False,100.0,5.76,6347.3,0.0009,S1(cloud)
E92,,,no-sits,,6.33,False,100.0,6.33,6347.3,0.001,S1(cloud)
E93,,,no-sits,,,False,100.0,,6347.3,,none
E94,,,no-sits,,4.76,False,100.0,4.76,6347.3,0.0007,S1(cloud)
E95,2639.46,0.46,ndwi-calib,55.84,7.37,True,2.7,45.39,6347.3,0.0072,SITS+NDWI
E96,653.72,0.559,ndwi-calib,5.66,,True,56.1,3.52,6347.3,0.0006,SITS+NDWI
E97,,,no-sits,0.0,19.02,False,100.0,19.02,6347.3,0.003,S1(cloud)
E98,198.25,0.305,otsu,0.23,14.16,True,74.7,14.16,6347.3,0.0022,S1(cloud>60)
E99,,,no-sits,,,False,100.0,,489.0,,none
