event_id,state,income_group,total_articles,indic_articles,en_articles,indic_share,coverage_days,t_first_days,S_vol,S_sov,S_TTFR,S_CD,MSS,MSS_entropy
E01,Kerala,Middle,34918,8451,22730,0.24202417091471448,33,0,0.9875,0.8881,1.0,0.1739,0.8501,0.6714
E02,Bihar,Low,5794,1571,3546,0.2711425612702796,38,0,0.798,0.1473,1.0,0.2011,0.5046,0.2016
E03,Assam,Low,815,125,684,0.15337423312883436,34,0,0.5913,0.0207,1.0,0.1793,0.3769,0.1069
E04,Telangana,High,887,201,678,0.2266065388951522,22,0,0.6002,0.0225,1.0,0.1141,0.3728,0.0881
E05,Maharashtra,High,4504,1089,2532,0.24178507992895204,22,0,0.7715,0.1145,1.0,0.1141,0.4715,0.1527
E06,Uttarakhand,Low,4378,592,3454,0.13522156235724075,20,0,0.7685,0.1113,1.0,0.1033,0.4678,0.1472
E07,Uttar Pradesh,Low,2157,717,1321,0.33240611961057026,36,0,0.6939,0.0548,1.0,0.1902,0.4295,0.1357
E08,Assam,Low,2811,408,2326,0.14514407684098185,38,0,0.7218,0.0714,1.0,0.2011,0.4476,0.1506
E09,Karnataka,High,2110,567,1503,0.26872037914691943,20,0,0.6915,0.0536,1.0,0.1033,0.4173,0.1078
E10,Odisha,Low,173,13,154,0.07514450867052024,24,0,0.4283,0.0043,1.0,0.125,0.3028,0.0738
E100,Manipur,Low,1936,465,1430,0.24018595041322313,72,0,0.6825,0.0492,1.0,0.3859,0.4476,0.1926
E101,Manipur,Low,821,283,510,0.3447015834348356,18,0,0.5921,0.0208,1.0,0.0924,0.3664,0.08
E102,Meghalaya,Low,340,5,312,0.014705882352941176,76,0,0.4992,0.0086,1.0,0.4076,0.3664,0.167
E103,Meghalaya,Low,170,4,162,0.023529411764705882,48,0,0.4264,0.0043,1.0,0.2554,0.3184,0.1143
E104,Meghalaya,Low,81,8,70,0.09876543209876543,16,0,0.3489,0.002,1.0,0.0815,0.2668,0.056
E105,Meghalaya,Low,109,4,103,0.03669724770642202,16,0,0.3799,0.0027,1.0,0.0815,0.2787,0.0575
E106,Mizoram,Low,124,16,108,0.12903225806451613,15,0,0.3934,0.0031,1.0,0.0761,0.2832,0.0566
E107,Nagaland,Low,309,13,296,0.042071197411003236,21,0,0.4892,0.0078,1.0,0.1087,0.325,0.0731
E108,Nagaland,Low,225,25,200,0.1111111111111111,20,0,0.4559,0.0057,1.0,0.1033,0.311,0.0689
E109,Nagaland,Low,937,94,817,0.10032017075773746,31,0,0.606,0.0238,1.0,0.163,0.3816,0.1043
E11,Himachal Pradesh,Low,5696,1691,3984,0.296875,26,0,0.7962,0.1448,1.0,0.1359,0.4949,0.1797
E110,Nagaland,Low,777,270,504,0.3474903474903475,152,0,0.5862,0.0197,1.0,0.8207,0.4548,0.3056
E111,Nagaland,Low,339,84,251,0.24778761061946902,18,0,0.4989,0.0086,1.0,0.0924,0.3269,0.0689
E112,Odisha,Low,1999,25,1900,0.01250625312656328,53,0,0.6858,0.0508,1.0,0.2826,0.4366,0.1616
E113,Odisha,Low,1470,29,1433,0.019727891156462583,49,0,0.6534,0.0373,1.0,0.2609,0.4166,0.1451
E114,Odisha,Low,2241,67,2169,0.02989736724676484,96,0,0.6979,0.057,1.0,0.5163,0.4726,0.2387
E115,Odisha,Low,2108,47,2046,0.022296015180265655,94,0,0.6914,0.0536,1.0,0.5054,0.4676,0.2329
E116,Punjab,Middle,3925,707,3011,0.18012738853503185,24,0,0.757,0.0998,1.0,0.125,0.4619,0.1463
E117,Punjab,Middle,1241,305,821,0.24576954069298954,19,0,0.6356,0.0315,1.0,0.0978,0.3874,0.09
E118,Punjab,Middle,10302,1803,7216,0.17501456027955736,96,0,0.8587,0.262,1.0,0.5163,0.6098,0.3748
E119,Punjab,Middle,10934,2806,7256,0.25663069325041155,92,0,0.865,0.2781,1.0,0.4946,0.6155,0.3786
E12,Delhi,High,14168,4019,9315,0.28366741953698477,22,0,0.8923,0.3603,1.0,0.1141,0.609,0.3135
E120,Punjab,Middle,13938,3829,9642,0.2747166020949921,53,0,0.8906,0.3545,1.0,0.2826,0.6272,0.3621
E121,Rajasthan,Low,4982,1420,3446,0.28502609393817746,61,0,0.7821,0.1267,1.0,0.3261,0.5066,0.2268
E122,Rajasthan,Low,6940,2274,4485,0.3276657060518732,105,0,0.8171,0.1765,1.0,0.5652,0.5682,0.3342
E123,Rajasthan,Low,1024,319,636,0.3115234375,20,0,0.6153,0.026,1.0,0.1033,0.3784,0.0875
E124,Rajasthan,Low,5997,2612,3250,0.4355511088877772,96,0,0.8017,0.1525,1.0,0.5163,0.5474,0.3031
E126,Sikkim,Low,2,0,2,0.0,2,10,0.0,0.0,0.0498,0.0054,0.0069,0.0025
E127,Sikkim,Low,2,0,2,0.0,1,0,0.0,0.0,1.0,0.0,0.125,0.0169
E128,Tamil Nadu,Middle,2185,377,1712,0.17254004576659038,22,0,0.6952,0.0555,1.0,0.1141,0.4208,0.1125
E129,Tamil Nadu,Middle,11885,2160,9333,0.1817416912074043,62,0,0.8738,0.3023,1.0,0.3315,0.6075,0.3435
E13,Andhra Pradesh,Middle,14409,3949,10329,0.2740648205982372,100,0,0.8941,0.3665,1.0,0.538,0.665,0.4494
E130,Tamil Nadu,Middle,5189,2192,2784,0.4224320678358065,27,0,0.7864,0.1319,1.0,0.1413,0.487,0.1728
E131,Tamil Nadu,Middle,2722,565,2032,0.20756796473181485,24,0,0.7184,0.0692,1.0,0.125,0.436,0.1254
E132,Tamil Nadu,Middle,1909,506,1353,0.26506024096385544,22,0,0.681,0.0485,1.0,0.1141,0.4128,0.1075
E133,Tamil Nadu,Middle,3065,1044,1892,0.3406199021207178,20,0,0.7309,0.0779,1.0,0.1033,0.4412,0.1246
E134,Tamil Nadu,Middle,3361,1487,1815,0.4424278488545076,20,0,0.7406,0.0854,1.0,0.1033,0.4477,0.1298
E135,Telangana,High,1002,349,653,0.34830339321357284,22,0,0.613,0.0254,1.0,0.1141,0.3787,0.0904
E136,Tripura,Low,360,156,203,0.43333333333333335,20,0,0.5053,0.0091,1.0,0.1033,0.3308,0.0728
E137,Tripura,Low,299,130,166,0.43478260869565216,45,0,0.4857,0.0076,1.0,0.2391,0.3399,0.1134
E138,Tripura,Low,1690,566,1108,0.3349112426035503,26,0,0.6681,0.0429,1.0,0.1359,0.4086,0.1103
E139,Tripura,Low,613,218,392,0.3556280587275693,18,0,0.5613,0.0155,1.0,0.0924,0.3528,0.0755
E14,Andhra Pradesh,Middle,2017,602,1381,0.29846306395637084,24,0,0.6868,0.0513,1.0,0.125,0.4174,0.1129
E140,Uttar Pradesh,Low,3681,478,2997,0.12985601738657973,22,0,0.7502,0.0936,1.0,0.1141,0.4557,0.1387
E141,Uttar Pradesh,Low,3005,920,2034,0.30615640599001664,24,0,0.7288,0.0764,1.0,0.125,0.4426,0.1304
E142,Uttar Pradesh,Low,1730,461,1198,0.26647398843930636,20,0,0.6706,0.044,1.0,0.1033,0.4059,0.1009
E143,Uttar Pradesh,Low,24116,6689,16429,0.2773677226737436,77,0,0.9484,0.6134,1.0,0.413,0.7623,0.5695
E144,Uttar Pradesh,Low,16660,4591,11446,0.2755702280912365,78,0,0.9094,0.4237,1.0,0.4185,0.6772,0.4491
E145,Uttar Pradesh,Low,3255,983,2074,0.3019969278033794,20,0,0.7372,0.0827,1.0,0.1033,0.4454,0.1279
E146,Uttar Pradesh,Low,11678,4252,6885,0.36410344237026887,90,0,0.872,0.297,1.0,0.4837,0.6238,0.3874
E147,Uttar Pradesh,Low,11080,3166,7169,0.2857400722021661,96,0,0.8664,0.2818,1.0,0.5163,0.6201,0.3877
E148,Uttar Pradesh,Low,11906,3581,7907,0.30077271963715774,116,0,0.874,0.3028,1.0,0.625,0.6444,0.4352
E149,Uttar Pradesh,Low,3475,1359,1810,0.3910791366906475,47,0,0.7441,0.0883,1.0,0.25,0.4684,0.1774
E15,Andhra Pradesh,Middle,2363,618,1703,0.26153195090986037,43,0,0.7035,0.0601,1.0,0.2283,0.4399,0.1512
E150,Uttar Pradesh,Low,1931,732,1128,0.37907819782496116,24,0,0.6822,0.0491,1.0,0.125,0.4149,0.1113
E151,Uttar Pradesh,Low,4515,2166,2247,0.479734219269103,24,0,0.7717,0.1148,1.0,0.125,0.4731,0.1563
E152,Uttarakhand,Low,1098,488,607,0.4444444444444444,24,0,0.6227,0.0279,1.0,0.125,0.3846,0.0957
E153,Uttarakhand,Low,233,59,174,0.2532188841201717,20,0,0.4595,0.0059,1.0,0.1033,0.3124,0.0692
E154,Uttarakhand,Low,845,186,654,0.22011834319526627,24,0,0.5951,0.0214,1.0,0.125,0.3718,0.0906
E155,Uttarakhand,Low,2580,970,1599,0.375968992248062,96,0,0.7127,0.0656,1.0,0.5163,0.4814,0.2447
E156,Uttarakhand,Low,3801,1524,2160,0.40094711917916337,158,0,0.7536,0.0966,1.0,0.8533,0.5505,0.3707
E157,Uttarakhand,Low,911,308,580,0.3380900109769484,39,0,0.603,0.0231,1.0,0.2065,0.3856,0.1173
E158,Uttarakhand,Low,6896,2722,4165,0.3947215777262181,92,0,0.8164,0.1754,1.0,0.4946,0.5588,0.3115
E159,Uttarakhand,Low,327,178,147,0.5443425076452599,20,0,0.4951,0.0083,1.0,0.1033,0.3267,0.072
E16,Andhra Pradesh,Middle,2968,1046,1868,0.3524258760107817,57,0,0.7275,0.0754,1.0,0.3043,0.4641,0.1855
E160,Uttarakhand,Low,694,365,329,0.5259365994236311,20,12,0.5743,0.0176,0.0273,0.1033,0.2383,0.0643
E161,Uttarakhand,Low,811,360,450,0.4438964241676942,20,0,0.5908,0.0206,1.0,0.1033,0.3672,0.0832
E162,West Bengal,Middle,2045,418,1500,0.20440097799511003,25,0,0.6882,0.052,1.0,0.1304,0.4189,0.1151
E163,West Bengal,Middle,9104,2440,6059,0.2680140597539543,108,0,0.8457,0.2315,1.0,0.5815,0.6016,0.3752
E164,West Bengal,Middle,2080,637,1253,0.30625,36,0,0.69,0.0529,1.0,0.1902,0.4274,0.1343
E165,West Bengal,Middle,5704,1603,3768,0.2810308555399719,96,0,0.7964,0.145,1.0,0.5163,0.5426,0.2982
E166,West Bengal,Middle,4901,1296,3389,0.2644358294225668,94,0,0.7804,0.1246,1.0,0.5054,0.5276,0.2812
E167,West Bengal,Middle,5121,1628,3160,0.31790665885569225,139,0,0.785,0.1302,1.0,0.75,0.5619,0.361
E168,West Bengal,Middle,2070,533,1352,0.257487922705314,22,0,0.6895,0.0526,1.0,0.1141,0.4176,0.1104
E17,Andhra Pradesh,Middle,2226,825,1390,0.3706199460916442,24,0,0.6972,0.0566,1.0,0.125,0.4233,0.1166
E18,Arunachal Pradesh,Low,33,3,23,0.09090909090909091,13,0,0.2561,0.0008,1.0,0.0652,0.2295,0.0468
E19,Arunachal Pradesh,Low,435,0,426,0.0,19,0,0.5252,0.011,1.0,0.0978,0.3383,0.073
E20,Arunachal Pradesh,Low,172,1,139,0.005813953488372093,16,0,0.4277,0.0043,1.0,0.0815,0.2972,0.0602
E21,Arunachal Pradesh,Low,186,7,175,0.03763440860215054,61,0,0.4359,0.0047,1.0,0.3261,0.331,0.1369
E22,Arunachal Pradesh,Low,155,10,144,0.06451612903225806,14,0,0.4168,0.0039,1.0,0.0707,0.2916,0.0562
E23,Assam,Low,1367,215,1110,0.1572787125091441,35,0,0.6458,0.0347,1.0,0.1848,0.4033,0.1195
E24,Assam,Low,1071,114,943,0.10644257703081232,21,0,0.6201,0.0272,1.0,0.1087,0.3813,0.0901
E25,Assam,Low,5822,576,5148,0.09893507385778083,53,0,0.7986,0.148,1.0,0.2826,0.5153,0.2275
E26,Assam,Low,3739,568,3082,0.15191227600962826,68,0,0.7519,0.0951,1.0,0.3641,0.4881,0.2175
E27,Assam,Low,2444,255,2128,0.10433715220949263,77,0,0.707,0.0621,1.0,0.413,0.465,0.2101
E28,Assam,Low,120,20,97,0.16666666666666666,18,0,0.39,0.003,1.0,0.0924,0.2839,0.0614
E29,Assam,Low,4831,744,3987,0.15400538190850754,177,0,0.7789,0.1228,1.0,0.9565,0.5827,0.4204
E30,Assam,Low,2578,432,2101,0.16757176105508145,103,0,0.7127,0.0655,1.0,0.5543,0.4861,0.2564
E31,Assam,Low,3690,642,3030,0.17398373983739837,93,0,0.7505,0.0938,1.0,0.5,0.5041,0.2589
E32,Assam,Low,1044,233,809,0.2231800766283525,18,0,0.6174,0.0265,1.0,0.0924,0.378,0.0845
E33,Bihar,Low,16055,5359,9866,0.33379009654313296,77,0,0.9055,0.4083,1.0,0.413,0.6693,0.4375
E34,Bihar,Low,7901,2519,4881,0.31882040248069865,94,0,0.8308,0.2009,1.0,0.5054,0.5751,0.3316
E35,Bihar,Low,2089,987,1017,0.47247486835806607,47,0,0.6905,0.0531,1.0,0.25,0.4351,0.1531
E36,Bihar,Low,5796,2826,2656,0.48757763975155277,185,0,0.7981,0.1474,1.0,1.0,0.6046,0.4502
E37,Bihar,Low,6031,2652,3122,0.4397280716299121,92,0,0.8023,0.1534,1.0,0.4946,0.5452,0.297
E38,Bihar,Low,1407,721,552,0.5124378109452736,22,0,0.6488,0.0357,1.0,0.1141,0.396,0.0982
E39,Chhattisgarh,Low,2464,883,1569,0.35836038961038963,94,0,0.7079,0.0626,1.0,0.5054,0.4771,0.2392
E40,Chhattisgarh,Low,756,419,336,0.5542328042328042,46,0,0.5834,0.0192,1.0,0.2446,0.3816,0.126
E41,Chhattisgarh,Low,4896,1909,2976,0.38991013071895425,92,0,0.7803,0.1245,1.0,0.4946,0.5261,0.2778
E42,Delhi,High,33940,8718,22641,0.2568650559811432,92,0,0.9845,0.8632,1.0,0.4946,0.8797,0.7552
E43,Goa,High,828,36,321,0.043478260869565216,20,0,0.5929,0.021,1.0,0.1033,0.3681,0.0835
E44,Goa,High,1315,89,859,0.06768060836501902,20,0,0.6417,0.0334,1.0,0.1033,0.3911,0.0932
E45,Goa,High,2234,161,1121,0.0720680393912265,47,0,0.6976,0.0568,1.0,0.25,0.4392,0.1557
E46,Goa,High,2405,224,819,0.09313929313929314,138,0,0.7053,0.0611,1.0,0.7446,0.5055,0.3125
E47,Gujarat,High,2153,784,1231,0.36414305620065024,20,0,0.6937,0.0547,1.0,0.1033,0.4186,0.1086
E48,Gujarat,High,8983,2959,5256,0.32939997773572305,105,0,0.8443,0.2284,1.0,0.5652,0.5979,0.3682
E49,Gujarat,High,2206,851,1232,0.385766092475068,29,0,0.6962,0.0561,1.0,0.1522,0.4261,0.1248
E50,Gujarat,High,4680,1792,2589,0.38290598290598293,94,0,0.7755,0.119,1.0,0.5054,0.5236,0.2775
E51,Gujarat,High,1362,633,577,0.4647577092511013,47,0,0.6454,0.0346,1.0,0.25,0.4112,0.1397
E52,Gujarat,High,979,570,343,0.5822267620020429,20,0,0.6106,0.0249,1.0,0.1033,0.3762,0.0866
E53,Gujarat,High,7654,2960,4228,0.3867258949568853,185,0,0.8274,0.1946,1.0,1.0,0.6333,0.4813
E54,Gujarat,High,7803,2631,4830,0.33717800845828527,92,0,0.8294,0.1984,1.0,0.4946,0.5722,0.3266
E55,Gujarat,High,2588,1225,1257,0.47333848531684697,19,0,0.7131,0.0658,1.0,0.0978,0.4293,0.1146
E56,Haryana,High,1093,276,790,0.252516010978957,24,0,0.6222,0.0278,1.0,0.125,0.3844,0.0956
E57,Haryana,High,746,277,442,0.37131367292225204,19,0,0.582,0.0189,1.0,0.0978,0.3626,0.0801
E58,Haryana,High,6126,2370,3706,0.3868756121449559,34,0,0.8039,0.1558,1.0,0.1793,0.5073,0.2005
E59,Himachal Pradesh,Low,1247,282,946,0.22614274258219727,24,0,0.6361,0.0317,1.0,0.125,0.391,0.0986
E60,Himachal Pradesh,Low,1815,217,1371,0.11955922865013774,24,0,0.6757,0.0461,1.0,0.125,0.4113,0.1092
E61,Himachal Pradesh,Low,1187,476,684,0.401010951979781,31,0,0.6309,0.0301,1.0,0.163,0.3932,0.1092
E62,Himachal Pradesh,Low,3765,1092,2583,0.2900398406374502,96,0,0.7526,0.0957,1.0,0.5163,0.5076,0.2652
E63,Himachal Pradesh,Low,2771,960,1724,0.3464453265968964,136,0,0.7203,0.0704,1.0,0.7337,0.5132,0.3156
E64,Himachal Pradesh,Low,3988,1704,2200,0.4272818455366098,185,0,0.7587,0.1014,1.0,1.0,0.5725,0.4195
E65,Himachal Pradesh,Low,2726,1281,1439,0.4699192956713133,41,0,0.7185,0.0693,1.0,0.2174,0.4476,0.1542
E66,Himachal Pradesh,Low,1631,611,1011,0.3746167995095034,20,12,0.6644,0.0414,0.0273,0.1033,0.281,0.0826
E67,Jammu and Kashmir,Low,5223,549,4581,0.10511200459506032,29,0,0.7871,0.1328,1.0,0.1522,0.489,0.1768
E68,Jammu and Kashmir,Low,5095,856,4031,0.16800785083415112,19,0,0.7845,0.1295,1.0,0.0978,0.48,0.1577
E69,Jharkhand,Low,536,419,115,0.7817164179104478,20,0,0.5471,0.0136,1.0,0.1033,0.3482,0.0772
E70,Jharkhand,Low,951,385,559,0.4048370136698212,125,0,0.6075,0.0241,1.0,0.6739,0.4461,0.2635
E71,Jharkhand,Low,399,188,209,0.47117794486215536,38,0,0.5161,0.0101,1.0,0.2011,0.3475,0.1043
E72,Karnataka,High,18118,5005,12563,0.27624461861132577,96,0,0.9183,0.4608,1.0,0.5163,0.7067,0.5035
E73,Karnataka,High,8391,1671,6517,0.1991419377904898,94,0,0.8371,0.2134,1.0,0.5054,0.5821,0.3398
E74,Karnataka,High,1805,388,1362,0.2149584487534626,43,0,0.6751,0.0459,1.0,0.2283,0.4239,0.1412
E75,Karnataka,High,8178,2059,5838,0.25177304964539005,139,0,0.8344,0.208,1.0,0.75,0.6096,0.4123
E76,Karnataka,High,12418,3308,8865,0.26638750201320666,92,0,0.8784,0.3158,1.0,0.4946,0.6346,0.403
E77,Kerala,Middle,12776,3454,8637,0.2703506574827802,119,0,0.8814,0.3249,1.0,0.6413,0.6575,0.4546
E78,Kerala,Middle,8045,1701,5780,0.21143567433188315,94,0,0.8327,0.2046,1.0,0.5054,0.5772,0.334
E79,Kerala,Middle,1885,801,1061,0.4249336870026525,47,0,0.6796,0.0479,1.0,0.25,0.4291,0.1494
E80,Kerala,Middle,3445,1013,1974,0.29404934687953554,27,0,0.7432,0.0876,1.0,0.1413,0.4542,0.1431
E81,Madhya Pradesh,Low,12032,2488,9070,0.20678191489361702,86,0,0.8751,0.306,1.0,0.462,0.6257,0.3865
E82,Madhya Pradesh,Low,13978,4287,9440,0.3066962369437688,62,0,0.8909,0.3555,1.0,0.3315,0.6338,0.378
E83,Madhya Pradesh,Low,5242,1458,3684,0.27813811522319726,76,0,0.7875,0.1333,1.0,0.4076,0.5212,0.2566
E84,Madhya Pradesh,Low,2159,529,1402,0.24502084298286245,22,0,0.694,0.0549,1.0,0.1141,0.4201,0.1121
E85,Madhya Pradesh,Low,5817,2051,3698,0.3525872442839952,94,0,0.7985,0.1479,1.0,0.5054,0.5431,0.2967
E86,Madhya Pradesh,Low,8173,4090,3953,0.5004282393246055,185,0,0.8343,0.2078,1.0,1.0,0.6408,0.49
E87,Madhya Pradesh,Low,3638,1179,2422,0.3240791643760308,27,0,0.749,0.0925,1.0,0.1413,0.4582,0.1464
E88,Madhya Pradesh,Low,1098,523,559,0.4763205828779599,20,0,0.6227,0.0279,1.0,0.1033,0.3819,0.089
E89,Maharashtra,High,5544,947,4382,0.1708152958152958,19,0,0.7934,0.141,1.0,0.0978,0.4876,0.1653
E90,Maharashtra,High,11258,2910,7641,0.2584828566352816,20,0,0.8681,0.2863,1.0,0.1033,0.5708,0.2622
E91,Maharashtra,High,7701,1320,4773,0.17140631086871835,17,0,0.8281,0.1958,1.0,0.087,0.5198,0.1981
E92,Maharashtra,High,11788,3024,8066,0.25653206650831356,29,0,0.873,0.2998,1.0,0.1522,0.5838,0.2861
E93,Maharashtra,High,8424,2627,5292,0.3118471035137702,31,0,0.8375,0.2142,1.0,0.163,0.5398,0.2338
E94,Maharashtra,High,39317,13922,22625,0.3540961924867106,112,0,1.0,1.0,1.0,0.6033,0.9504,0.8766
E95,Maharashtra,High,19382,3874,14230,0.19987617376947683,94,0,0.9254,0.4929,1.0,0.5054,0.72,0.5208
E96,Maharashtra,High,4766,1339,2958,0.2809483843894251,47,0,0.7774,0.1212,1.0,0.25,0.4932,0.1995
E97,Maharashtra,High,20891,6630,13075,0.31736154324828875,92,0,0.9333,0.5313,1.0,0.4946,0.7361,0.5421
E98,Maharashtra,High,2766,1020,1540,0.368763557483731,19,0,0.7201,0.0703,1.0,0.0978,0.4336,0.1177
E99,Manipur,Low,2264,219,1716,0.09673144876325088,53,0,0.699,0.0575,1.0,0.2826,0.444,0.1663
