event_id,state,affected_area_km2,population_exposed,area_norm,pop_norm,PSS,income_group
E01,Kerala,28.86,26824.0,0.6185,0.7904,0.7044,Middle
E04,Telangana,1.61,553.0,0.1734,0.4677,0.3206,High
E05,Maharashtra,8.83,3692.0,0.4156,0.6255,0.5206,High
E06,Uttarakhand,4.08,909.0,0.295,0.509,0.402,Low
E07,Uttar Pradesh,55.21,55287.0,0.734,0.8505,0.7922,Low
E08,Assam,107.18,49865.0,0.8535,0.8419,0.8477,Low
E09,Karnataka,14.71,5268.0,0.5012,0.655,0.5781,High
E10,Odisha,11.47,3459.0,0.459,0.6201,0.5396,Low
E102,Meghalaya,1.56,238.0,0.1698,0.3978,0.2838,Low
E103,Meghalaya,1.91,291.0,0.1932,0.4145,0.3038,Low
E104,Meghalaya,1.42,216.0,0.1596,0.3898,0.2747,Low
E105,Meghalaya,4.43,675.0,0.3072,0.4843,0.3958,Low
E106,Mizoram,2.04,122.0,0.2012,0.3426,0.2719,Low
E109,Nagaland,0.42,58.0,0.0622,0.2815,0.1718,Low
E11,Himachal Pradesh,0.69,94.0,0.094,0.3211,0.2076,Low
E110,Nagaland,1.35,186.0,0.1542,0.3774,0.2658,Low
E112,Odisha,0.14,42.0,0.0221,0.2552,0.1386,Low
E113,Odisha,0.7,211.0,0.0951,0.3878,0.2414,Low
E114,Odisha,0.46,139.0,0.0673,0.3533,0.2103,Low
E115,Odisha,2.97,896.0,0.25,0.5078,0.3789,Low
E117,Punjab,1.24,768.0,0.1455,0.495,0.3202,Middle
E118,Punjab,3.69,2285.0,0.2804,0.5856,0.433,Middle
E119,Punjab,131.62,81509.0,0.8907,0.8828,0.8868,Middle
E12,Delhi,22.22,333555.0,0.5725,1.0,0.7862,High
E120,Punjab,4.24,2626.0,0.3007,0.5972,0.449,Middle
E122,Rajasthan,0.47,114.0,0.0685,0.337,0.2028,Low
E123,Rajasthan,233.85,56754.0,0.9951,0.8527,0.9239,Low
E124,Rajasthan,7.41,1798.0,0.3871,0.5657,0.4764,Low
E127,Sikkim,9.27,918.0,0.4235,0.5098,0.4666,Low
E129,Tamil Nadu,67.08,39917.0,0.769,0.8234,0.7962,Middle
E13,Andhra Pradesh,35.52,11679.0,0.6552,0.7212,0.6882,Middle
E130,Tamil Nadu,6.22,3701.0,0.3592,0.6257,0.4925,Middle
E131,Tamil Nadu,1.14,678.0,0.1371,0.4846,0.3108,Middle
E132,Tamil Nadu,5.58,3321.0,0.3422,0.6167,0.4794,Middle
E133,Tamil Nadu,11.68,6950.0,0.462,0.6781,0.5701,Middle
E134,Tamil Nadu,0.25,149.0,0.0389,0.3591,0.199,Middle
E135,Telangana,103.61,35591.0,0.8474,0.8139,0.8306,High
E136,Tripura,2.75,1110.0,0.2396,0.5256,0.3826,Low
E137,Tripura,0.03,12.0,0.0036,0.1557,0.0796,Low
E138,Tripura,0.16,65.0,0.0253,0.2908,0.158,Low
E139,Tripura,3.67,1481.0,0.2796,0.5495,0.4146,Low
E14,Andhra Pradesh,203.53,66920.0,0.9699,0.8664,0.9182,Middle
E140,Uttar Pradesh,6.82,6830.0,0.3738,0.6766,0.5252,Low
E141,Uttar Pradesh,3.12,3124.0,0.2567,0.6116,0.4342,Low
E144,Uttar Pradesh,8.45,8462.0,0.4084,0.6944,0.5514,Low
E145,Uttar Pradesh,1.48,1482.0,0.164,0.5496,0.3568,Low
E146,Uttar Pradesh,49.9,49970.0,0.7159,0.8421,0.779,Low
E147,Uttar Pradesh,29.86,29902.0,0.6245,0.7994,0.712,Low
E148,Uttar Pradesh,4.09,4096.0,0.2954,0.6341,0.4648,Low
E149,Uttar Pradesh,1.29,1292.0,0.1495,0.5382,0.3438,Low
E15,Andhra Pradesh,210.19,69110.0,0.9757,0.8691,0.9224,Middle
E150,Uttar Pradesh,2.31,2313.0,0.2168,0.5866,0.4017,Low
E151,Uttar Pradesh,5.23,5237.0,0.3323,0.6545,0.4934,Low
E152,Uttarakhand,46.58,10375.0,0.7035,0.7114,0.7074,Low
E153,Uttarakhand,4.01,893.0,0.2925,0.5075,0.4,Low
E154,Uttarakhand,4.05,902.0,0.2939,0.5083,0.4011,Low
E155,Uttarakhand,35.06,7809.0,0.6529,0.6878,0.6704,Low
E156,Uttarakhand,11.8,2628.0,0.4638,0.5972,0.5305,Low
E157,Uttarakhand,14.31,3187.0,0.4965,0.6133,0.5549,Low
E158,Uttarakhand,29.93,6667.0,0.6249,0.6746,0.6498,Low
E159,Uttarakhand,40.66,9057.0,0.6793,0.7001,0.6897,Low
E16,Andhra Pradesh,76.93,25294.0,0.7936,0.7855,0.7896,Middle
E160,Uttarakhand,10.57,2354.0,0.4453,0.5881,0.5167,Low
E161,Uttarakhand,8.18,1822.0,0.4031,0.5668,0.485,Low
E163,West Bengal,28.28,31928.0,0.6149,0.8049,0.7099,Middle
E164,West Bengal,0.02,23.0,0.0018,0.2067,0.1042,Middle
E165,West Bengal,51.83,58517.0,0.7227,0.8553,0.789,Middle
E166,West Bengal,19.73,22275.0,0.5518,0.7749,0.6634,Middle
E167,West Bengal,5.24,5916.0,0.3326,0.6647,0.4986,Middle
E168,West Bengal,9.95,11234.0,0.4353,0.718,0.5766,Middle
E17,Andhra Pradesh,206.41,67867.0,0.9724,0.8676,0.92,Middle
E18,Arunachal Pradesh,1.14,22.0,0.1371,0.2031,0.1701,Low
E19,Arunachal Pradesh,5.91,112.0,0.3512,0.3355,0.3434,Low
E22,Arunachal Pradesh,1.54,29.0,0.1684,0.2252,0.1968,Low
E26,Assam,18.93,8807.0,0.5446,0.6978,0.6212,Low
E27,Assam,124.81,58067.0,0.8811,0.8546,0.8678,Low
E28,Assam,65.28,30371.0,0.7641,0.8007,0.7824,Low
E29,Assam,175.06,81446.0,0.9425,0.8828,0.9126,Low
E30,Assam,0.02,9.0,0.0018,0.1338,0.0678,Low
E31,Assam,29.18,13576.0,0.6204,0.7338,0.6771,Low
E32,Assam,240.24,111771.0,1.0,0.9091,0.9546,Low
E34,Bihar,1.99,2769.0,0.1982,0.6016,0.3999,Low
E35,Bihar,36.45,50725.0,0.6598,0.8434,0.7516,Low
E36,Bihar,26.39,36725.0,0.6027,0.8165,0.7096,Low
E37,Bihar,4.79,6666.0,0.3189,0.6746,0.4968,Low
E38,Bihar,71.82,99948.0,0.7813,0.8998,0.8406,Low
E39,Chhattisgarh,12.91,2959.0,0.479,0.6071,0.543,Low
E40,Chhattisgarh,5.89,1350.0,0.3507,0.5419,0.4463,Low
E41,Chhattisgarh,56.79,13015.0,0.739,0.7302,0.7346,Low
E42,Delhi,7.36,110484.0,0.386,0.9081,0.647,High
E45,Goa,1.09,469.0,0.1328,0.454,0.2934,High
E46,Goa,1.25,538.0,0.1463,0.4654,0.3058,High
E48,Gujarat,19.72,7395.0,0.5517,0.6832,0.6175,High
E49,Gujarat,1.26,473.0,0.1471,0.4547,0.3009,High
E50,Gujarat,16.98,6368.0,0.5258,0.6708,0.5983,High
E51,Gujarat,26.29,9859.0,0.602,0.7072,0.6546,High
E52,Gujarat,92.74,34779.0,0.8274,0.812,0.8197,High
E53,Gujarat,4.45,1669.0,0.3078,0.5595,0.4336,High
E55,Gujarat,134.65,50496.0,0.8949,0.843,0.869,High
E57,Haryana,2.13,1496.0,0.2066,0.5504,0.3785,High
E58,Haryana,13.16,9244.0,0.4822,0.7018,0.592,High
E59,Himachal Pradesh,0.71,96.0,0.0962,0.3228,0.2095,Low
E60,Himachal Pradesh,0.83,113.0,0.1085,0.3362,0.2224,Low
E61,Himachal Pradesh,10.61,1440.0,0.4459,0.5472,0.4966,Low
E62,Himachal Pradesh,2.38,323.0,0.2206,0.4231,0.3218,Low
E63,Himachal Pradesh,2.03,275.0,0.2006,0.4098,0.3052,Low
E64,Himachal Pradesh,1.19,161.0,0.1413,0.3655,0.2534,Low
E65,Himachal Pradesh,0.01,1.0,0.0,0.0,0.0,Low
E66,Himachal Pradesh,4.04,548.0,0.2936,0.467,0.3803,Low
E67,Jammu and Kashmir,38.5,12606.0,0.6696,0.7276,0.6986,Low
E68,Jammu and Kashmir,232.44,76108.0,0.994,0.8771,0.9356,Low
E69,Jharkhand,4.01,2044.0,0.2925,0.5763,0.4344,Low
E70,Jharkhand,24.03,12247.0,0.5862,0.7252,0.6557,Low
E71,Jharkhand,0.84,428.0,0.1095,0.4465,0.278,Low
E72,Karnataka,8.3,2972.0,0.4054,0.6074,0.5064,High
E73,Karnataka,9.13,3269.0,0.421,0.6154,0.5182,High
E74,Karnataka,6.79,2431.0,0.3731,0.5907,0.4819,High
E75,Karnataka,19.72,7062.0,0.5517,0.6794,0.6156,High
E76,Karnataka,20.61,7380.0,0.5594,0.6831,0.6213,High
E77,Kerala,19.7,18310.0,0.5515,0.7586,0.655,Middle
E78,Kerala,0.34,316.0,0.0516,0.4213,0.2364,Middle
E79,Kerala,6.82,6339.0,0.3738,0.6704,0.5221,Middle
E80,Kerala,13.19,12259.0,0.4826,0.7253,0.604,Middle
E83,Madhya Pradesh,15.09,4356.0,0.5055,0.6392,0.5723,Low
E84,Madhya Pradesh,6.33,1827.0,0.362,0.567,0.4645,Low
E85,Madhya Pradesh,26.83,7745.0,0.6056,0.6871,0.6464,Low
E86,Madhya Pradesh,5.7,1645.0,0.3455,0.5583,0.4519,Low
E87,Madhya Pradesh,13.34,3851.0,0.4845,0.629,0.5568,Low
E88,Madhya Pradesh,3.05,880.0,0.2536,0.5063,0.38,Low
E91,Maharashtra,5.76,2408.0,0.3472,0.59,0.4686,High
E92,Maharashtra,6.33,2647.0,0.362,0.5978,0.4799,High
E94,Maharashtra,4.76,1990.0,0.3179,0.5741,0.446,High
E95,Maharashtra,45.39,18978.0,0.6989,0.7616,0.7303,High
E96,Maharashtra,3.52,1472.0,0.2737,0.549,0.4114,High
E97,Maharashtra,19.02,7953.0,0.5454,0.6893,0.6174,High
E98,Maharashtra,14.16,5920.0,0.4947,0.6647,0.5797,High
