event_id,state,population_exposed,population_2026,PI,income_group
E22,Arunachal Pradesh,4995056.0,1608000.0,3.1063781094527365,Low
E110,Nagaland,5824778.0,2299000.0,2.533613745106568,Low
E109,Nagaland,5683405.0,2299000.0,2.472120487168334,Low
E61,Himachal Pradesh,18541911.0,7588000.0,2.443583421191355,Low
E57,Haryana,73231321.0,31409000.0,2.331539399535165,High
E63,Himachal Pradesh,16663940.0,7588000.0,2.196091196626252,Low
E58,Haryana,67840019.0,31409000.0,2.1598910821738992,High
E16,Andhra Pradesh,113827448.0,53740000.0,2.1181140305173054,Middle
E104,Meghalaya,6004369.0,3447000.0,1.7419115172613868,Low
E87,Madhya Pradesh,155463749.0,89965000.0,1.7280470071694547,Low
E123,Rajasthan,143098217.0,83879000.0,1.7060076658043133,Low
E39,Chhattisgarh,52639306.0,31311000.0,1.6811761361821724,Low
E160,Uttarakhand,19809931.0,12028000.0,1.6469846192218158,Low
E122,Rajasthan,137577680.0,83879000.0,1.6401921815949165,Low
E161,Uttarakhand,19139284.0,12028000.0,1.5912274692384436,Low
E157,Uttarakhand,19135169.0,12028000.0,1.5908853508480212,Low
E158,Uttarakhand,19134322.0,12028000.0,1.5908149318257399,Low
E155,Uttarakhand,18781969.0,12028000.0,1.5615205354173596,Low
E84,Madhya Pradesh,140242336.0,89965000.0,1.5588543989329184,Low
E154,Uttarakhand,18063019.0,12028000.0,1.5017475058197538,Low
E132,Tamil Nadu,114229472.0,77582000.0,1.472370807661571,Middle
E124,Rajasthan,122810587.0,83879000.0,1.4641398562214618,Low
E13,Andhra Pradesh,78138363.0,53740000.0,1.4540074990695944,Middle
E17,Andhra Pradesh,77726862.0,53740000.0,1.4463502419054708,Middle
E66,Himachal Pradesh,10958069.0,7588000.0,1.4441313916710596,Low
E62,Himachal Pradesh,10829171.0,7588000.0,1.4271443068002108,Low
E72,Karnataka,98222973.0,69074000.0,1.421996308307033,High
E71,Jharkhand,58234252.0,41108000.0,1.4166160358081152,Low
E129,Tamil Nadu,109306575.0,77582000.0,1.408916694594107,Middle
E14,Andhra Pradesh,74933071.0,53740000.0,1.3943630628954224,Middle
E64,Himachal Pradesh,10557390.0,7588000.0,1.3913270954138113,Low
E60,Himachal Pradesh,10429155.0,7588000.0,1.374427385345282,Low
E88,Madhya Pradesh,121376025.0,89965000.0,1.3491471683432446,Low
E85,Madhya Pradesh,121370825.0,89965000.0,1.3490893680875897,Low
E69,Jharkhand,55154051.0,41108000.0,1.3416865573610977,Low
E70,Jharkhand,54525566.0,41108000.0,1.326397927410723,Low
E77,Kerala,47365810.0,36239000.0,1.3070396534120698,Middle
E83,Madhya Pradesh,109618349.0,89965000.0,1.2184554993608625,Low
E15,Andhra Pradesh,63812013.0,53740000.0,1.1874211574246372,Middle
E117,Punjab,36804727.0,31370000.0,1.1732459993624482,Middle
E75,Karnataka,79213003.0,69074000.0,1.1467846512435937,High
E42,Delhi,25822821.0,22674000.0,1.1388736438211167,High
E80,Kerala,40282456.0,36239000.0,1.1115774717845415,Middle
E79,Kerala,40277656.0,36239000.0,1.1114450177985045,Middle
E93,Maharashtra,143201347.0,129584000.0,1.105085095382146,High
E166,West Bengal,111053526.0,100631000.0,1.1035717224314574,Middle
E102,Meghalaya,3797813.0,3447000.0,1.1017734261676821,Low
E106,Mizoram,1392044.0,1275000.0,1.0917992156862746,Low
E163,West Bengal,107865301.0,100631000.0,1.07188938796196,Middle
E127,Sikkim,747512.0,709000.0,1.0543187588152327,Low
E115,Odisha,49105018.0,47221000.0,1.039897884415832,Low
E92,Maharashtra,131710659.0,129584000.0,1.0164114319669095,High
E113,Odisha,47608501.0,47221000.0,1.0082061159230005,Low
E40,Chhattisgarh,31408478.0,31311000.0,1.0031132189965188,Low
E38,Bihar,131266800.0,132850000.0,0.9880828001505457,Low
E36,Bihar,131238824.0,132850000.0,0.9878722167858487,Low
E41,Chhattisgarh,30547979.0,31311000.0,0.9756308964900514,Low
E96,Maharashtra,124486437.0,129584000.0,0.96066209562909,High
E46,Goa,1528823.0,1601000.0,0.9549175515302936,High
E94,Maharashtra,123444052.0,129584000.0,0.9526180083960983,High
E45,Goa,1496544.0,1601000.0,0.9347557776389757,High
E86,Madhya Pradesh,83993894.0,89965000.0,0.9336285666648141,Low
E50,Gujarat,69364513.0,74343000.0,0.9330335472068655,High
E52,Gujarat,69362362.0,74343000.0,0.9330046137497814,High
E151,Uttar Pradesh,226710003.0,243466000.0,0.9311772608906377,Low
E150,Uttar Pradesh,226198254.0,243466000.0,0.9290753287933428,Low
E76,Karnataka,62707190.0,69074000.0,0.9078262443176883,High
E97,Maharashtra,117153070.0,129584000.0,0.9040704870971725,High
E20,Arunachal Pradesh,1452204.0,1608000.0,0.9031119402985075,Low
E74,Karnataka,62194604.0,69074000.0,0.9004054202739091,High
E133,Tamil Nadu,69629084.0,77582000.0,0.8974901910236911,Middle
E95,Maharashtra,113035512.0,129584000.0,0.8722952833683171,High
E98,Maharashtra,112940396.0,129584000.0,0.8715612729966663,High
E145,Uttar Pradesh,212189866.0,243466000.0,0.8715379806625977,Low
E118,Punjab,27273867.0,31370000.0,0.8694251514185528,Middle
E105,Meghalaya,2956541.0,3447000.0,0.85771424427038,Low
E103,Meghalaya,2955920.0,3447000.0,0.8575340876124166,Low
E27,Assam,31000411.0,36815000.0,0.8420592421567296,Low
E139,Tripura,3583604.0,4268000.0,0.8396447985004686,Low
E164,West Bengal,84322650.0,100631000.0,0.8379391042521688,Middle
E91,Maharashtra,108103605.0,129584000.0,0.8342357466971231,High
E148,Uttar Pradesh,199987050.0,243466000.0,0.8214167481291023,Low
E136,Tripura,3485271.0,4268000.0,0.8166052014995314,Low
E67,Jammu and Kashmir,11337041.0,13927000.0,0.8140332447763338,Low
E34,Bihar,106645555.0,132850000.0,0.8027516371847949,Low
E53,Gujarat,57136009.0,74343000.0,0.7685459155535828,High
E55,Gujarat,57123824.0,74343000.0,0.7683820131014353,High
E149,Uttar Pradesh,185689926.0,243466000.0,0.7626934602778211,Low
E48,Gujarat,56248156.0,74343000.0,0.7566032578722947,High
E168,West Bengal,74338529.0,100631000.0,0.7387239419264441,Middle
E167,West Bengal,74319755.0,100631000.0,0.7385373791376415,Middle
E49,Gujarat,54890086.0,74343000.0,0.7383356334826413,High
E73,Karnataka,49498856.0,69074000.0,0.7166061904624026,High
E144,Uttar Pradesh,173485473.0,243466000.0,0.7125655040128807,Low
E146,Uttar Pradesh,173203535.0,243466000.0,0.7114074860555478,Low
E29,Assam,25819830.0,36815000.0,0.7013399429580334,Low
E165,West Bengal,70498641.0,100631000.0,0.7005658395524242,Middle
E130,Tamil Nadu,53537496.0,77582000.0,0.6900762548013715,Middle
E135,Telangana,25029486.0,38665000.0,0.6473421957843011,High
E120,Punjab,19972188.0,31370000.0,0.6366652215492509,Middle
E119,Punjab,19497791.0,31370000.0,0.6215425884603124,Middle
E37,Bihar,82445906.0,132850000.0,0.6205939480617237,Low
E35,Bihar,82427256.0,132850000.0,0.6204535641701167,Low
E140,Uttar Pradesh,147955116.0,243466000.0,0.6077034000640746,Low
E21,Arunachal Pradesh,959010.0,1608000.0,0.5963992537313433,Low
E114,Odisha,27912827.0,47221000.0,0.5911104593295355,Low
E31,Assam,21074863.0,36815000.0,0.5724531576802934,Low
E28,Assam,21073788.0,36815000.0,0.5724239576259676,Low
E147,Uttar Pradesh,136762250.0,243466000.0,0.5617303853515481,Low
E112,Odisha,26374925.0,47221000.0,0.5585422799178331,Low
E32,Assam,20357061.0,36815000.0,0.5529556159174249,Low
E26,Assam,19981080.0,36815000.0,0.5427429037077278,Low
E111,Nagaland,1107254.0,2299000.0,0.4816241844280122,Low
E108,Nagaland,1067540.0,2299000.0,0.46434971726837754,Low
E141,Uttar Pradesh,111452467.0,243466000.0,0.4577742559536034,Low
E51,Gujarat,33914962.0,74343000.0,0.45619576826332003,High
E68,Jammu and Kashmir,6300574.0,13927000.0,0.4523999425576219,Low
E156,Uttarakhand,5213765.0,12028000.0,0.43346898902560693,Low
E162,West Bengal,40335334.0,100631000.0,0.40082413967862784,Middle
E78,Kerala,13888976.0,36239000.0,0.383260465244626,Middle
E30,Assam,13801483.0,36815000.0,0.3748874915116121,Low
E90,Maharashtra,47742885.0,129584000.0,0.3684319437584887,High
E81,Madhya Pradesh,32875264.0,89965000.0,0.36542281998554993,Low
E18,Arunachal Pradesh,532618.0,1608000.0,0.33123009950248755,Low
E12,Delhi,7429736.0,22674000.0,0.3276764576166534,High
E25,Assam,11884691.0,36815000.0,0.32282197473855767,Low
E152,Uttarakhand,3363599.0,12028000.0,0.27964740605254407,Low
E101,Manipur,595240.0,3318000.0,0.1793972272453285,Low
E100,Manipur,566386.0,3318000.0,0.17070102471368295,Low
E65,Himachal Pradesh,1248470.0,7588000.0,0.16453215603584606,Low
E54,Gujarat,7962130.0,74343000.0,0.10709992870882262,High
E19,Arunachal Pradesh,133993.0,1608000.0,0.08332898009950249,Low
E02,Bihar,10939627.0,132850000.0,0.08234570568310125,Low
E59,Himachal Pradesh,400226.0,7588000.0,0.0527445967316816,Low
E03,Assam,1778921.0,36815000.0,0.04832054868939291,Low
E11,Himachal Pradesh,249260.0,7588000.0,0.0328492356352135,Low
E131,Tamil Nadu,2218163.0,77582000.0,0.02859120672320899,Middle
E153,Uttarakhand,201936.0,12028000.0,0.016788826072497504,Low
E01,Kerala,600850.0,36239000.0,0.01658020364800353,Middle
E08,Assam,543912.0,36815000.0,0.014774195300828467,Low
E23,Assam,457244.0,36815000.0,0.012420046176830096,Low
E09,Karnataka,266185.0,69074000.0,0.003853620754553088,High
E10,Odisha,124343.0,47221000.0,0.002633214036127994,Low
E05,Maharashtra,302830.0,129584000.0,0.0023369397456476106,High
E24,Assam,69537.0,36815000.0,0.0018888224908325411,Low
E07,Uttar Pradesh,378242.0,243466000.0,0.0015535721620267306,Low
E06,Uttarakhand,12576.0,12028000.0,0.0010455603591619555,Low
E04,Telangana,9677.0,38665000.0,0.00025027802922539765,High
E125,Sikkim,0.0,709000.0,0.0,Low
E126,Sikkim,0.0,709000.0,0.0,Low
E134,Tamil Nadu,0.0,77582000.0,0.0,Middle
E137,Tripura,0.0,4268000.0,0.0,Low
E138,Tripura,0.0,4268000.0,0.0,Low
E142,Uttar Pradesh,0.0,243466000.0,0.0,Low
E159,Uttarakhand,0.0,12028000.0,0.0,Low
E33,Bihar,0.0,132850000.0,0.0,Low
