DisNo.,Historic,Classification Key,Disaster Group,Disaster Subgroup,Disaster Type,Disaster Subtype,External IDs,Event Name,ISO,Country,Subregion,Region,Location,Origin,Associated Types,OFDA/BHA Response,Appeal,Declaration,AID Contribution ('000 US$),Magnitude,Magnitude Scale,Latitude,Longitude,River Basin,Start Year,Start Month,Start Day,End Year,End Month,End Day,Total Deaths,No. Injured,No. Affected,No. Homeless,Total Affected,Reconstruction Costs ('000 US$),"Reconstruction Costs, Adjusted ('000 US$)",Insured Damage ('000 US$),"Insured Damage, Adjusted ('000 US$)",Total Damage ('000 US$),"Total Damage, Adjusted ('000 US$)",CPI,Admin Units,GADM Admin Units,Entry Date,Last Update
2019-0331-IND,No,nat-hyd-flo-flo,Natural,Hydrological,Flood,Flood (General),,,IND,India,Southern Asia,Asia,"Sitamarhi, Sheohar, East Champaran, Muzaffarpur, Madhubani, Darbhanga, Supaul, Araria, Sahersa , Katihar, Purnia, Kishanganj districts (Bihar); Dhemaji, Lakhimpur, Biswanath, Barpeta, Chirang, Golaghat Jorhat, Sonitpur, Darrang, Nalbari, Bongaigaon, Morigaon, Nagaon, Majuli, Baksa, Kokrajhar, Dhubri, South Salmara, Goalpara, Kamrup, Hojai, Sivsagar, Tinsukia, Cachar, KarbiAnglrng, West Karbi-Anglong, Hailakandi, Dibrugarh districts (Assam); Maharashtra, Kerala, Rajasthan, West Bengal, Karnataka, Uttarakand, Himachal Pradesh, Punjab, Uttar Pradesh, Odisha",Monsoon rain,"Slide (land, mud, snow, rock)",No,No,No,,,Km2,,,,2019,7,14.0,2019,9,30.0,1900.0,,3000000.0,,3000000.0,,,200000.0,251855.0,10000000.0,12592748.0,79.41078460433721,"[{""adm1_code"":1493,""adm1_name"":""Himachal Pradesh""},{""adm1_code"":1494,""adm1_name"":""Karnataka""},{""adm1_code"":1495,""adm1_name"":""Kerala""},{""adm1_code"":1498,""adm1_name"":""Maharashtra""},{""adm1_code"":1504,""adm1_name"":""Orissa""},{""adm1_code"":1505,""adm1_name"":""Punjab""},{""adm1_code"":1506,""adm1_name"":""Rajasthan""},{""adm1_code"":1511,""adm1_name"":""West Bengal""},{""adm1_code"":70081,""adm1_name"":""Uttar Pradesh""},{""adm1_code"":70082,""adm1_name"":""Uttarakhand""},{""adm2_code"":17576,""adm2_name"":""Barpeta""},{""adm2_code"":17577,""adm2_name"":""Cachar""},{""adm2_code"":17578,""adm2_name"":""Darrang""},{""adm2_code"":17579,""adm2_name"":""Dhuburi""},{""adm2_code"":17580,""adm2_name"":""Dibrugarh""},{""adm2_code"":17581,""adm2_name"":""Goalpara""},{""adm2_code"":17582,""adm2_name"":""Golaghat""},{""adm2_code"":17583,""adm2_name"":""Kamrup""},{""adm2_code"":17584,""adm2_name"":""Karbi Anglong""},{""adm2_code"":17589,""adm2_name"":""Nagaon""},{""adm2_code"":17590,""adm2_name"":""Nalbari""},{""adm2_code"":17592,""adm2_name"":""Sibsagar""},{""adm2_code"":17593,""adm2_name"":""Sonitpur""},{""adm2_code"":70086,""adm2_name"":""Bongaigaon""},{""adm2_code"":70087,""adm2_name"":""Dhemaji""},{""adm2_code"":70088,""adm2_name"":""Hailakandi""},{""adm2_code"":70089,""adm2_name"":""Jorhat""},{""adm2_code"":70090,""adm2_name"":""Kokrajhar""},{""adm2_code"":70091,""adm2_name"":""Lakhimpur""},{""adm2_code"":70092,""adm2_name"":""Marigaon""},{""adm2_code"":70093,""adm2_name"":""Tinsukia""},{""adm2_code"":17598,""adm2_name"":""Darbhanga""},{""adm2_code"":17608,""adm2_name"":""Katihar""},{""adm2_code"":17611,""adm2_name"":""Madhubani""},{""adm2_code"":17613,""adm2_name"":""Muzaffarpur""},{""adm2_code"":17620,""adm2_name"":""Purba Champaran""},{""adm2_code"":17621,""adm2_name"":""Purnia""},{""adm2_code"":17624,""adm2_name"":""Saharsa""},{""adm2_code"":17630,""adm2_name"":""Sitamarhi""},{""adm2_code"":70094,""adm2_name"":""Araria""},{""adm2_code"":70100,""adm2_name"":""Kishanganj""},{""adm2_code"":70103,""adm2_name"":""Sheohar""},{""adm2_code"":70104,""adm2_name"":""Supaul""}]","[{""gid_1"":""IND.13_1"",""migration_date"":""2025-12-20"",""migration_method"":""jaccard1"",""name_1"":""Himachal Pradesh""},{""gid_1"":""IND.16_1"",""migration_date"":""2025-12-20"",""migration_method"":""jaccard1"",""name_1"":""Karnataka""},{""gid_1"":""IND.17_1"",""migration_date"":""2025-12-20"",""migration_method"":""jaccard1"",""name_1"":""Kerala""},{""gid_1"":""IND.20_1"",""migration_date"":""2025-12-20"",""migration_method"":""jaccard1"",""name_1"":""Maharashtra""},{""gid_1"":""IND.26_1"",""migration_date"":""2025-12-20"",""migration_method"":""jaccard1"",""name_1"":""Odisha""},{""gid_1"":""IND.28_1"",""migration_date"":""2025-12-20"",""migration_method"":""jaccard1"",""name_1"":""Punjab""},{""gid_1"":""IND.29_1"",""migration_date"":""2025-12-20"",""migration_method"":""jaccard1"",""name_1"":""Rajasthan""},{""gid_1"":""IND.34_1"",""migration_date"":""2025-12-20"",""migration_method"":""jaccard1"",""name_1"":""Uttar Pradesh""},{""gid_1"":""IND.35_1"",""migration_date"":""2025-12-20"",""migration_method"":""jaccard1"",""name_1"":""Uttarakhand""},{""gid_1"":""IND.36_1"",""migration_date"":""2025-12-20"",""migration_method"":""jaccard1"",""name_1"":""West Bengal""},{""gid_1"":""IND.4_1"",""migration_date"":""2025-12-20"",""migration_method"":""parent2_1"",""name_1"":""Assam""},{""gid_2"":""IND.5.15_1"",""migration_date"":""2025-12-20"",""migration_method"":""jaccard2"",""name_2"":""Katihar""},{""gid_2"":""IND.5.17_1"",""migration_date"":""2025-12-20"",""migration_method"":""jaccard2"",""name_2"":""Kishanganj""},{""gid_2"":""IND.5.1_1"",""migration_date"":""2025-12-20"",""migration_method"":""jaccard2"",""name_2"":""Araria""},{""gid_2"":""IND.5.20_1"",""migration_date"":""2025-12-20"",""migration_method"":""jaccard2"",""name_2"":""Madhubani""},{""gid_2"":""IND.5.22_1"",""migration_date"":""2025-12-20"",""migration_method"":""jaccard2"",""name_2"":""Muzaffarpur""},{""gid_2"":""IND.5.27_1"",""migration_date"":""2025-12-20"",""migration_method"":""jaccard2"",""name_2"":""Purba Champaran""},{""gid_2"":""IND.5.28_1"",""migration_date"":""2025-12-20"",""migration_method"":""jaccard2"",""name_2"":""Purnia""},{""gid_2"":""IND.5.30_1"",""migration_date"":""2025-12-20"",""migration_method"":""jaccard2"",""name_2"":""Saharsa""},{""gid_2"":""IND.5.34_1"",""migration_date"":""2025-12-20"",""migration_method"":""jaccard2"",""name_2"":""Sheohar""},{""gid_2"":""IND.5.35_1"",""migration_date"":""2025-12-20"",""migration_method"":""jaccard2"",""name_2"":""Sitamarhi""},{""gid_2"":""IND.5.37_1"",""migration_date"":""2025-12-20"",""migration_method"":""jaccard2"",""name_2"":""Supaul""},{""gid_2"":""IND.5.9_1"",""migration_date"":""2025-12-20"",""migration_method"":""jaccard2"",""name_2"":""Darbhanga""}]",2019-07-15,2025-12-20
2018-0372-IND,No,nat-hyd-flo-flo,Natural,Hydrological,Flood,Flood (General),,,IND,India,Southern Asia,Asia,"Punjab, Haryana states",,"Slide (land, mud, snow, rock)",No,No,No,,,Km2,,,,2018,9,23.0,2018,9,24.0,25.0,,,,,,,,,,,77.99726518795474,"[{""adm1_code"":1492,""adm1_name"":""Haryana""},{""adm1_code"":1505,""adm1_name"":""Punjab""}]","[{""gid_1"":""IND.12_1"",""migration_date"":""2025-12-20"",""migration_method"":""jaccard1"",""name_1"":""Haryana""},{""gid_1"":""IND.28_1"",""migration_date"":""2025-12-20"",""migration_method"":""jaccard1"",""name_1"":""Punjab""}]",2018-10-11,2025-12-20
2018-0286-IND,No,nat-hyd-flo-flo,Natural,Hydrological,Flood,Flood (General),,,IND,India,Southern Asia,Asia,Odisha state,Heavy rains,,No,No,No,,,Km2,,,,2018,7,20.0,2018,7,23.0,20.0,,41430.0,,41430.0,,,,,,,77.99726518795474,"[{""adm1_code"":1504,""adm1_name"":""Orissa""}]","[{""gid_1"":""IND.26_1"",""migration_date"":""2025-12-20"",""migration_method"":""jaccard1"",""name_1"":""Odisha""}]",2018-08-09,2025-12-20
2021-0677-IND,No,nat-hyd-flo-flo,Natural,Hydrological,Flood,Flood (General),GLIDE:FL-2021-000161,,IND,India,Southern Asia,Asia,"Idukki, Kottayam, Pathanamthitta, Kollam, Achankovil, Thiruvananthapuram(Kerala state)",Heavy rains,,No,No,No,,,Km2,,,,2021,10,11.0,2021,10,20.0,39.0,,3500.0,450.0,3950.0,,,,,,,84.16698295725244,"[{""adm2_code"":17700,""adm2_name"":""Idukki""},{""adm2_code"":17702,""adm2_name"":""Kottayam""},{""adm2_code"":17706,""adm2_name"":""Pattanamtitta""},{""adm2_code"":17707,""adm2_name"":""Kollam""},{""adm2_code"":17709,""adm2_name"":""Thiruvananthapuram""}]","[{""gid_2"":""IND.17.11_1"",""migration_date"":""2025-12-20"",""migration_method"":""jaccard2"",""name_2"":""Pathanamthitta""},{""gid_2"":""IND.17.12_1"",""migration_date"":""2025-12-20"",""migration_method"":""jaccard2"",""name_2"":""Thiruvananthapuram""},{""gid_2"":""IND.17.3_1"",""migration_date"":""2025-12-20"",""migration_method"":""jaccard2"",""name_2"":""Idukki""},{""gid_2"":""IND.17.6_1"",""migration_date"":""2025-12-20"",""migration_method"":""jaccard2"",""name_2"":""Kollam""},{""gid_2"":""IND.17.7_1"",""migration_date"":""2025-12-20"",""migration_method"":""jaccard2"",""name_2"":""Kottayam""}]",2021-10-18,2025-12-20
2018-0216-IND,No,nat-hyd-flo-flo,Natural,Hydrological,Flood,Flood (General),,,IND,India,Southern Asia,Asia,Dakshina Kannada and Udupi districts,Pre-monsoon rains,,No,No,No,,,Km2,,,,2018,5,29.0,2018,5,31.0,12.0,,4945.0,,4945.0,,,,,2500.0,3205.0,77.99726518795474,"[{""adm2_code"":17685,""adm2_name"":""Dakshin Kannad""},{""adm2_code"":70166,""adm2_name"":""Udupi""}]","[{""gid_2"":""IND.16.12_1"",""migration_date"":""2025-12-20"",""migration_method"":""jaccard2"",""name_2"":""Dakshina Kannada""},{""gid_2"":""IND.16.28_1"",""migration_date"":""2025-12-20"",""migration_method"":""jaccard2"",""name_2"":""Udupi""}]",2018-07-20,2025-12-20
2017-0517-IND,No,nat-hyd-flo-flo,Natural,Hydrological,Flood,Flood (General),,,IND,India,Southern Asia,Asia,"Uttar Pradesh (Siddharthnagar, Balarampur, Bahraich, Shravasti, Maharajganj, Barabanki, Lakhimpur Kheri, Gorakhpur, Muzaffarnagar, Gonda, Basti, Mirzapur, Khiri, Deoria, Sitapur, Bijnore, Faizabad, Pilibhit, Farrukhabad, Mau, Kushinagar, Badaun, Ambedkar nagar, Azamgarh, Santkabir Nagar, Ghazipur, Balia)",,,No,No,No,,,Km2,,,"West Rapti, Ghaghra, Rapti, Rohin, Budhi Rapti, Ghoghi",2017,8,16.0,2017,8,23.0,101.0,,2700000.0,,2700000.0,,,,,,,76.13760370577658,"[{""adm2_code"":17892,""adm2_name"":""Azamgarh""},{""adm2_code"":17893,""adm2_name"":""Bahraich""},{""adm2_code"":17894,""adm2_name"":""Ballia""},{""adm2_code"":17896,""adm2_name"":""Bara Banki""},{""adm2_code"":17898,""adm2_name"":""Basti""},{""adm2_code"":17899,""adm2_name"":""Bijnor""},{""adm2_code"":17904,""adm2_name"":""Deoria""},{""adm2_code"":17907,""adm2_name"":""Faizabad""},{""adm2_code"":17908,""adm2_name"":""Farrukhabad""},{""adm2_code"":17912,""adm2_name"":""Ghazipur""},{""adm2_code"":17913,""adm2_name"":""Gonda""},{""adm2_code"":17914,""adm2_name"":""Gorakhpur""},{""adm2_code"":17921,""adm2_name"":""Lakhimpur Kheri""},{""adm2_code"":17927,""adm2_name"":""Mirzapur""},{""adm2_code"":17929,""adm2_name"":""Muzaffarnagar""},{""adm2_code"":17931,""adm2_name"":""Pilibhit""},{""adm2_code"":17938,""adm2_name"":""Sitapur""},{""adm2_code"":70257,""adm2_name"":""Ambedkar Nagar""},{""adm2_code"":70259,""adm2_name"":""Badaun""},{""adm2_code"":70261,""adm2_name"":""Balrampur""},{""adm2_code"":70271,""adm2_name"":""Kushinagar""},{""adm2_code"":70272,""adm2_name"":""Maharajganj""},{""adm2_code"":70274,""adm2_name"":""Mau""},{""adm2_code"":70275,""adm2_name"":""Sant Kabir Nagar""},{""adm2_code"":70277,""adm2_name"":""Shravasti""},{""adm2_code"":70278,""adm2_name"":""Siddharth Nagar""}]","[{""gid_2"":""IND.34.10_1"",""migration_date"":""2025-12-20"",""migration_method"":""jaccard2"",""name_2"":""Bahraich""},{""gid_2"":""IND.34.11_1"",""migration_date"":""2025-12-20"",""migration_method"":""jaccard2"",""name_2"":""Ballia""},{""gid_2"":""IND.34.12_1"",""migration_date"":""2025-12-20"",""migration_method"":""jaccard2"",""name_2"":""Balrampur""},{""gid_2"":""IND.34.14_1"",""migration_date"":""2025-12-20"",""migration_method"":""jaccard2"",""name_2"":""Barabanki""},{""gid_2"":""IND.34.16_1"",""migration_date"":""2025-12-20"",""migration_method"":""jaccard2"",""name_2"":""Basti""},{""gid_2"":""IND.34.17_1"",""migration_date"":""2025-12-20"",""migration_method"":""jaccard2"",""name_2"":""Bijnor""},{""gid_2"":""IND.34.18_1"",""migration_date"":""2025-12-20"",""migration_method"":""jaccard2"",""name_2"":""Budaun""},{""gid_2"":""IND.34.22_1"",""migration_date"":""2025-12-20"",""migration_method"":""jaccard2"",""name_2"":""Deoria""},{""gid_2"":""IND.34.25_1"",""migration_date"":""2025-12-20"",""migration_method"":""jaccard2"",""name_2"":""Faizabad""},{""gid_2"":""IND.34.26_1"",""migration_date"":""2025-12-20"",""migration_method"":""jaccard2"",""name_2"":""Farrukhabad""},{""gid_2"":""IND.34.31_1"",""migration_date"":""2025-12-20"",""migration_method"":""jaccard2"",""name_2"":""Ghazipur""},{""gid_2"":""IND.34.32_1"",""migration_date"":""2025-12-20"",""migration_method"":""jaccard2"",""name_2"":""Gonda""},{""gid_2"":""IND.34.33_1"",""migration_date"":""2025-12-20"",""migration_method"":""jaccard2"",""name_2"":""Gorakhpur""},{""gid_2"":""IND.34.46_1"",""migration_date"":""2025-12-20"",""migration_method"":""jaccard2"",""name_2"":""Kushinagar""},{""gid_2"":""IND.34.47_1"",""migration_date"":""2025-12-20"",""migration_method"":""jaccard2"",""name_2"":""Lakhimpur Kheri""},{""gid_2"":""IND.34.4_1"",""migration_date"":""2025-12-20"",""migration_method"":""jaccard2"",""name_2"":""Ambedkar Nagar""},{""gid_2"":""IND.34.50_1"",""migration_date"":""2025-12-20"",""migration_method"":""jaccard2"",""name_2"":""Maharajganj""},{""gid_2"":""IND.34.54_1"",""migration_date"":""2025-12-20"",""migration_method"":""jaccard2"",""name_2"":""Mau""},{""gid_2"":""IND.34.56_1"",""migration_date"":""2025-12-20"",""migration_method"":""jaccard2"",""name_2"":""Mirzapur""},{""gid_2"":""IND.34.58_1"",""migration_date"":""2025-12-20"",""migration_method"":""puzzle2_2"",""name_2"":""Muzaffarnagar""},{""gid_2"":""IND.34.59_1"",""migration_date"":""2025-12-20"",""migration_method"":""jaccard2"",""name_2"":""Pilibhit""},{""gid_2"":""IND.34.65_1"",""migration_date"":""2025-12-20"",""migration_method"":""jaccard2"",""name_2"":""Sant Kabir Nagar""},{""gid_2"":""IND.34.68_1"",""migration_date"":""2025-12-20"",""migration_method"":""puzzle2_2"",""name_2"":""Shamli""},{""gid_2"":""IND.34.69_1"",""migration_date"":""2025-12-20"",""migration_method"":""jaccard2"",""name_2"":""Shravasti""},{""gid_2"":""IND.34.70_1"",""migration_date"":""2025-12-20"",""migration_method"":""jaccard2"",""name_2"":""Siddharth Nagar""},{""gid_2"":""IND.34.71_1"",""migration_date"":""2025-12-20"",""migration_method"":""jaccard2"",""name_2"":""Sitapur""},{""gid_2"":""IND.34.8_1"",""migration_date"":""2025-12-20"",""migration_method"":""jaccard2"",""name_2"":""Azamgarh""}]",2017-12-11,2025-12-20
2017-0290-IND,No,nat-hyd-flo-flo,Natural,Hydrological,Flood,Flood (General),GLIDE:FL-2017-000064,,IND,India,Southern Asia,Asia,"Imphal West, Imphal East, Thoubal, Bishnupur (Manipur)",,,No,No,No,,,Km2,,,,2017,7,,2017,7,,,,12831.0,,12831.0,,,,,,,76.13760370577658,"[{""adm2_code"":70188,""adm2_name"":""Bishnupur""},{""adm2_code"":70191,""adm2_name"":""East Imphal""},{""adm2_code"":70194,""adm2_name"":""Thoubal""},{""adm2_code"":70196,""adm2_name"":""West Imphal""}]","[{""gid_2"":""IND.21.1_1"",""migration_date"":""2025-12-20"",""migration_method"":""jaccard2"",""name_2"":""Bishnupur""},{""gid_2"":""IND.21.4_1"",""migration_date"":""2025-12-20"",""migration_method"":""jaccard2"",""name_2"":""Imphal East""},{""gid_2"":""IND.21.5_1"",""migration_date"":""2025-12-20"",""migration_method"":""jaccard2"",""name_2"":""Imphal West""},{""gid_2"":""IND.21.8_1"",""migration_date"":""2025-12-20"",""migration_method"":""jaccard2"",""name_2"":""Thoubal""}]",2017-07-31,2025-12-20
2017-0180-IND,No,nat-hyd-flo-flo,Natural,Hydrological,Flood,Flood (General),,,IND,India,Southern Asia,Asia,"Lakhimpur, Karimganj, Darrang districts (Assam), Nagaland, Manipur, Jharkhand",Long-term rainfall,,No,No,No,,,Km2,,,,2017,6,4.0,2017,6,6.0,6.0,,100000.0,,100000.0,,,,,,,76.13760370577658,"[{""adm1_code"":1487,""adm1_name"":""Assam""},{""adm1_code"":1500,""adm1_name"":""Manipur""},{""adm1_code"":1503,""adm1_name"":""Nagaland""},{""adm1_code"":70078,""adm1_name"":""Jharkhand""}]","[{""gid_1"":""IND.15_1"",""migration_date"":""2025-12-20"",""migration_method"":""jaccard1"",""name_1"":""Jharkhand""},{""gid_1"":""IND.21_1"",""migration_date"":""2025-12-20"",""migration_method"":""jaccard1"",""name_1"":""Manipur""},{""gid_1"":""IND.24_1"",""migration_date"":""2025-12-20"",""migration_method"":""jaccard1"",""name_1"":""Nagaland""},{""gid_1"":""IND.4_1"",""migration_date"":""2025-12-20"",""migration_method"":""jaccard1"",""name_1"":""Assam""}]",2017-06-19,2025-12-20
2022-0590-IND,No,nat-hyd-flo-flo,Natural,Hydrological,Flood,Flood (General),,,IND,India,Southern Asia,Asia,Uttar Pradesh,Monsoonal rains,,No,No,No,,,Km2,,,,2022,9,18.0,2022,9,24.0,,,,,,,,,,,,90.9026974595266,"[{""adm1_code"":70081,""adm1_name"":""Uttar Pradesh""}]","[{""gid_1"":""IND.34_1"",""migration_date"":""2025-12-20"",""migration_method"":""jaccard1"",""name_1"":""Uttar Pradesh""}]",2022-09-20,2025-12-20
2016-0271-IND,No,nat-hyd-flo-flo,Natural,Hydrological,Flood,Flood (General),DFO:4384,,IND,India,Southern Asia,Asia,"Biha, Uttar Pradeshr province (Varanasi, Allahabad, Ghazipur, Ballia, Banda, Jalaun, Ghaziabad, Patna, Bhagalpur, Vaishali, Buxar, Bhojpur, Sonepur, Saran, Begusarai, Samastipur, Lakhisarai, Khagaria, Munger, Nalanda, Katihar, Purnea, Katihar, Supual, Kisanganj, Madhepura, Gopalganj, Saharsa, Araria, East Champaran, Muzafferpur, Kishanganj, Purnea, Araria, Supaul, Bhagalpur, Darbhanga)",Monsoonal rains,,No,No,No,,,Km2,,,,2016,7,15.0,2016,9,12.0,254.0,,1600000.0,,1600000.0,,,,,350000.0,469486.0,74.54960298643441,"[{""adm1_code"":70073,""adm1_name"":""Bihar""},{""adm1_code"":70081,""adm1_name"":""Uttar Pradesh""}]","[{""gid_1"":""IND.34_1"",""migration_date"":""2025-12-20"",""migration_method"":""jaccard1"",""name_1"":""Uttar Pradesh""},{""gid_1"":""IND.5_1"",""migration_date"":""2025-12-20"",""migration_method"":""jaccard1"",""name_1"":""Bihar""}]",2016-08-04,2025-12-20
2016-0239-IND,No,nat-hyd-flo-fla,Natural,Hydrological,Flood,Flash flood,DFO:4371,,IND,India,Southern Asia,Asia,"Chamoli, Pithoragahr districts (Uttarakhand province), Assam, Arunachal Pradesh provinces",Torrential rains,,No,No,No,,135742.3,Km2,27.068,93.95,Alaknanda and Mandakini rivers,2016,6,25.0,2016,7,1.0,61.0,,,,,,,,,100000.0,134139.0,74.54960298643441,"[{""adm1_code"":1487,""adm1_name"":""Assam""},{""adm1_code"":70072,""adm1_name"":""Arunachal Pradesh""},{""adm2_code"":17932,""adm2_name"":""Pithoragarh""},{""adm2_code"":70282,""adm2_name"":""Chamoli""}]","[{""gid_1"":""IND.3_1"",""migration_date"":""2025-12-20"",""migration_method"":""jaccard1"",""name_1"":""Arunachal Pradesh""},{""gid_1"":""IND.4_1"",""migration_date"":""2025-12-20"",""migration_method"":""jaccard1"",""name_1"":""Assam""},{""gid_2"":""IND.35.3_1"",""migration_date"":""2025-12-20"",""migration_method"":""jaccard2"",""name_2"":""Chamoli""},{""gid_2"":""IND.35.9_1"",""migration_date"":""2025-12-20"",""migration_method"":""jaccard2"",""name_2"":""Pithoragarh""}]",2016-07-13,2025-12-20
2023-0428-IND,No,nat-hyd-flo-flo,Natural,Hydrological,Flood,Flood (General),,,IND,India,Southern Asia,Asia,"Himachal Pradesh, Uttarakhand, Delhi, Bihar, Madyah Pradesh, Maharashtra, Chhattisgarh, Gujarat, Punjab, Karnataka, Assam",Monsoon rains,,No,No,No,,,Km2,,,,2023,6,25.0,2023,9,7.0,1529.0,,10250000.0,,10250000.0,,,,,,,94.6446220103845,,,2023-07-14,2024-03-25
2023-0486-IND,No,nat-hyd-flo-flo,Natural,Hydrological,Flood,Flood (General),,,IND,India,Southern Asia,Asia,Mulugu District (western Telangana),Monsoonal rains,,No,No,No,,,Km2,,,,2023,7,27.0,2023,7,31.0,23.0,,,,,,,,,,,94.6446220103845,,,2023-07-31,2023-09-26
2015-0413-IND,No,nat-hyd-flo-flo,Natural,Hydrological,Flood,Flood (General),,,IND,India,Southern Asia,Asia,"Sonitpur, Lakhimpur, Kokrajhar, Dhemaji districts (Assam province), Arunachal Pradesh province",,"Slide (land, mud, snow, rock)",No,No,No,,,Km2,,,,2015,7,14.0,2015,7,16.0,,,85250.0,,85250.0,,,,,,,73.62080293658643,"[{""adm1_code"":70036,""adm1_name"":""Administrative unit not available""},{""adm1_code"":70037,""adm1_name"":""Administrative unit not available""},{""adm1_code"":70072,""adm1_name"":""Arunachal Pradesh""},{""adm2_code"":17593,""adm2_name"":""Sonitpur""},{""adm2_code"":70087,""adm2_name"":""Dhemaji""},{""adm2_code"":70090,""adm2_name"":""Kokrajhar""},{""adm2_code"":70091,""adm2_name"":""Lakhimpur""}]","[{""gid_1"":""IND.3_1"",""migration_date"":""2025-12-20"",""migration_method"":""jaccard1"",""name_1"":""Arunachal Pradesh""},{""gid_1"":""Z07.3_1"",""migration_date"":""2025-12-20"",""migration_method"":""jaccard1"",""name_1"":""Arunachal Pradesh""},{""gid_2"":""IND.4.19_1"",""migration_date"":""2025-12-20"",""migration_method"":""jaccard2"",""name_2"":""Kokrajhar""},{""gid_2"":""IND.4.20_1"",""migration_date"":""2025-12-20"",""migration_method"":""jaccard2"",""name_2"":""Lakhimpur""},{""gid_2"":""IND.4.25_1"",""migration_date"":""2025-12-20"",""migration_method"":""jaccard2"",""name_2"":""Sonitpur""},{""gid_2"":""IND.4.7_1"",""migration_date"":""2025-12-20"",""migration_method"":""jaccard2"",""name_2"":""Dhemaji""}]",2015-09-10,2025-12-20
2015-0406-IND,No,nat-hyd-flo-flo,Natural,Hydrological,Flood,Flood (General),,,IND,India,Southern Asia,Asia,"Dhemaji, Kokrajhar, Bongaigaon, Sonitpur, Barpeta, Goalpara, Marigaon, Cachar, Lakhimpur, Jorhat, Tinsukia, Darrang, Nalbari, Kamrup, Dibrugarh, Sibsagar districts (Assam province)",Hearvy rain,,No,No,No,,,Km2,,,,2015,8,28.0,2015,8,30.0,18.0,,736000.0,51000.0,787000.0,,,,,,,73.62080293658643,"[{""adm2_code"":17576,""adm2_name"":""Barpeta""},{""adm2_code"":17577,""adm2_name"":""Cachar""},{""adm2_code"":17578,""adm2_name"":""Darrang""},{""adm2_code"":17580,""adm2_name"":""Dibrugarh""},{""adm2_code"":17581,""adm2_name"":""Goalpara""},{""adm2_code"":17583,""adm2_name"":""Kamrup""},{""adm2_code"":17590,""adm2_name"":""Nalbari""},{""adm2_code"":17592,""adm2_name"":""Sibsagar""},{""adm2_code"":17593,""adm2_name"":""Sonitpur""},{""adm2_code"":70086,""adm2_name"":""Bongaigaon""},{""adm2_code"":70087,""adm2_name"":""Dhemaji""},{""adm2_code"":70089,""adm2_name"":""Jorhat""},{""adm2_code"":70090,""adm2_name"":""Kokrajhar""},{""adm2_code"":70091,""adm2_name"":""Lakhimpur""},{""adm2_code"":70092,""adm2_name"":""Marigaon""},{""adm2_code"":70093,""adm2_name"":""Tinsukia""}]","[{""gid_1"":""IND.4_1"",""migration_date"":""2025-12-20"",""migration_method"":""parent2_1"",""name_1"":""Assam""}]",2015-09-04,2025-12-20
2015-0333-IND,No,nat-hyd-flo-riv,Natural,Hydrological,Flood,Riverine flood,,,IND,India,Southern Asia,Asia,"Rajasthan, Uttar Pradesh, Jammu and Kashmir, Arunachal Pradesh, Uttarakhand, Punjab, Haryana, Himachal Pradesh provinces",Torrential monsoonal rains,"Slide (land, mud, snow, rock)",No,No,No,,,Km2,,,,2015,7,7.0,2015,7,13.0,25.0,,,,,,,,,,,73.62080293658643,"[{""adm1_code"":1492,""adm1_name"":""Haryana""},{""adm1_code"":1493,""adm1_name"":""Himachal Pradesh""},{""adm1_code"":1505,""adm1_name"":""Punjab""},{""adm1_code"":1506,""adm1_name"":""Rajasthan""},{""adm1_code"":40408,""adm1_name"":""Administrative unit not available""},{""adm1_code"":40409,""adm1_name"":""Administrative unit not available""},{""adm1_code"":40422,""adm1_name"":""Administrative unit not available""},{""adm1_code"":40423,""adm1_name"":""Administrative unit not available""},{""adm1_code"":40424,""adm1_name"":""Administrative unit not available""},{""adm1_code"":40425,""adm1_name"":""Administrative unit not available""},{""adm1_code"":40426,""adm1_name"":""Administrative unit not available""},{""adm1_code"":40427,""adm1_name"":""Administrative unit not available""},{""adm1_code"":40428,""adm1_name"":""Administrative unit not available""},{""adm1_code"":40429,""adm1_name"":""Administrative unit not available""},{""adm1_code"":40430,""adm1_name"":""Administrative unit not available""},{""adm1_code"":40431,""adm1_name"":""Administrative unit not available""},{""adm1_code"":70036,""adm1_name"":""Administrative unit not available""},{""adm1_code"":70037,""adm1_name"":""Administrative unit not available""},{""adm1_code"":70072,""adm1_name"":""Arunachal Pradesh""},{""adm1_code"":70081,""adm1_name"":""Uttar Pradesh""},{""adm1_code"":70082,""adm1_name"":""Uttarakhand""}]","[{""gid_1"":""IND.12_1"",""migration_date"":""2025-12-20"",""migration_method"":""jaccard1"",""name_1"":""Haryana""},{""gid_1"":""IND.13_1"",""migration_date"":""2025-12-20"",""migration_method"":""jaccard1"",""name_1"":""Himachal Pradesh""},{""gid_1"":""IND.28_1"",""migration_date"":""2025-12-20"",""migration_method"":""jaccard1"",""name_1"":""Punjab""},{""gid_1"":""IND.29_1"",""migration_date"":""2025-12-20"",""migration_method"":""jaccard1"",""name_1"":""Rajasthan""},{""gid_1"":""IND.34_1"",""migration_date"":""2025-12-20"",""migration_method"":""jaccard1"",""name_1"":""Uttar Pradesh""},{""gid_1"":""IND.35_1"",""migration_date"":""2025-12-20"",""migration_method"":""jaccard1"",""name_1"":""Uttarakhand""},{""gid_1"":""IND.3_1"",""migration_date"":""2025-12-20"",""migration_method"":""jaccard1"",""name_1"":""Arunachal Pradesh""},{""gid_1"":""Z06.1_1"",""migration_date"":""2025-12-20"",""migration_method"":""jaccard1"",""name_1"":""Azad Kashmir""},{""gid_1"":""Z06.6_1"",""migration_date"":""2025-12-20"",""migration_method"":""jaccard1"",""name_1"":""Gilgit-Baltistan""},{""gid_1"":""Z07.3_1"",""migration_date"":""2025-12-20"",""migration_method"":""jaccard1"",""name_1"":""Arunachal Pradesh""},{""gid_2"":""Z01.14.10_1"",""migration_date"":""2025-12-20"",""migration_method"":""puzzle1_2"",""name_2"":""Kishtwar""},{""gid_2"":""Z01.14.12_1"",""migration_date"":""2025-12-20"",""migration_method"":""puzzle1_2"",""name_2"":""Kupwara""},{""gid_2"":""Z01.14.13_1"",""migration_date"":""2025-12-20"",""migration_method"":""puzzle1_2"",""name_2"":""Leh (Ladakh)""},{""gid_2"":""Z01.14.14_1"",""migration_date"":""2025-12-20"",""migration_method"":""puzzle1_2"",""name_2"":""Poonch""},{""gid_2"":""Z01.14.16_1"",""migration_date"":""2025-12-20"",""migration_method"":""puzzle1_2"",""name_2"":""Rajouri""},{""gid_2"":""Z01.14.17_1"",""migration_date"":""2025-12-20"",""migration_method"":""puzzle1_2"",""name_2"":""Ramban""},{""gid_2"":""Z01.14.18_1"",""migration_date"":""2025-12-20"",""migration_method"":""puzzle1_2"",""name_2"":""Reasi""},{""gid_2"":""Z01.14.19_1"",""migration_date"":""2025-12-20"",""migration_method"":""puzzle1_2"",""name_2"":""Samba""},{""gid_2"":""Z01.14.21_1"",""migration_date"":""2025-12-20"",""migration_method"":""puzzle1_2"",""name_2"":""Srinagar""},{""gid_2"":""Z01.14.22_1"",""migration_date"":""2025-12-20"",""migration_method"":""puzzle1_2"",""name_2"":""Udhampur""},{""gid_2"":""Z01.14.2_1"",""migration_date"":""2025-12-20"",""migration_method"":""puzzle1_2"",""name_2"":""Badgam""},{""gid_2"":""Z01.14.3_1"",""migration_date"":""2025-12-20"",""migration_method"":""puzzle1_2"",""name_2"":""Bandipore""},{""gid_2"":""Z01.14.4_1"",""migration_date"":""2025-12-20"",""migration_method"":""puzzle1_2"",""name_2"":""Baramulla""},{""gid_2"":""Z01.14.5_1"",""migration_date"":""2025-12-20"",""migration_method"":""puzzle1_2"",""name_2"":""Doda""},{""gid_2"":""Z01.14.6_1"",""migration_date"":""2025-12-20"",""migration_method"":""puzzle1_2"",""name_2"":""Ganderbal""},{""gid_2"":""Z01.14.7_1"",""migration_date"":""2025-12-20"",""migration_method"":""puzzle1_2"",""name_2"":""Jammu""},{""gid_2"":""Z01.14.8_1"",""migration_date"":""2025-12-20"",""migration_method"":""puzzle1_2"",""name_2"":""Kargil""},{""gid_2"":""Z01.14.9_1"",""migration_date"":""2025-12-20"",""migration_method"":""puzzle1_2"",""name_2"":""Kathua""}]",2015-08-07,2025-12-20
2015-0317-IND,No,nat-hyd-flo-riv,Natural,Hydrological,Flood,Riverine flood,DFO:4282,,IND,India,Southern Asia,Asia,"Kachchh, Patan, Banas Kantha districts (Gujarat province), Malda, Jalpaiguri districts (West Bengal province), Jorhat, Dhemaji, Lakhimpur, Dhuburi, Darrang, Goalpara, Karbi Anglong, Marigaon districts (Assam province), Manipur, Orissa, Rajasthan, Madhya Pradesh provinces","Monsoon rains, exacerbated by tail end of Cyclone Komen","Slide (land, mud, snow, rock)",No,No,No,,629961.6,Km2,26.2074,82.62,,2015,7,15.0,2015,8,19.0,293.0,,13709887.0,,13709887.0,,,,,,,73.62080293658643,"[{""adm1_code"":1500,""adm1_name"":""Manipur""},{""adm1_code"":1504,""adm1_name"":""Orissa""},{""adm1_code"":1506,""adm1_name"":""Rajasthan""},{""adm1_code"":70079,""adm1_name"":""Madhya Pradesh""},{""adm2_code"":17578,""adm2_name"":""Darrang""},{""adm2_code"":17579,""adm2_name"":""Dhuburi""},{""adm2_code"":17581,""adm2_name"":""Goalpara""},{""adm2_code"":17584,""adm2_name"":""Karbi Anglong""},{""adm2_code"":70087,""adm2_name"":""Dhemaji""},{""adm2_code"":70089,""adm2_name"":""Jorhat""},{""adm2_code"":70091,""adm2_name"":""Lakhimpur""},{""adm2_code"":70092,""adm2_name"":""Marigaon""},{""adm2_code"":17637,""adm2_name"":""Banas Kantha""},{""adm2_code"":17643,""adm2_name"":""Kachchh""},{""adm2_code"":70129,""adm2_name"":""Patan""},{""adm2_code"":17951,""adm2_name"":""Jalpaiguri""},{""adm2_code"":17953,""adm2_name"":""Maldah""}]","[{""gid_1"":""IND.19_1"",""migration_date"":""2025-12-20"",""migration_method"":""jaccard1"",""name_1"":""Madhya Pradesh""},{""gid_1"":""IND.21_1"",""migration_date"":""2025-12-20"",""migration_method"":""jaccard1"",""name_1"":""Manipur""},{""gid_1"":""IND.26_1"",""migration_date"":""2025-12-20"",""migration_method"":""jaccard1"",""name_1"":""Odisha""},{""gid_1"":""IND.29_1"",""migration_date"":""2025-12-20"",""migration_method"":""jaccard1"",""name_1"":""Rajasthan""},{""gid_2"":""IND.11.16_1"",""migration_date"":""2025-12-20"",""migration_method"":""bufhaus2"",""name_2"":""Kachchh""},{""gid_2"":""IND.11.24_1"",""migration_date"":""2025-12-20"",""migration_method"":""jaccard2"",""name_2"":""Patan""},{""gid_2"":""IND.11.5_1"",""migration_date"":""2025-12-20"",""migration_method"":""jaccard2"",""name_2"":""Banas Kantha""},{""gid_2"":""IND.36.12_1"",""migration_date"":""2025-12-20"",""migration_method"":""jaccard2"",""name_2"":""Maldah""},{""gid_2"":""IND.36.1_1"",""migration_date"":""2025-12-20"",""migration_method"":""puzzle2_2"",""name_2"":""Alipurduar""},{""gid_2"":""IND.36.9_1"",""migration_date"":""2025-12-20"",""migration_method"":""puzzle2_2"",""name_2"":""Jalpaiguri""},{""gid_2"":""IND.4.11_1"",""migration_date"":""2025-12-20"",""migration_method"":""jaccard2"",""name_2"":""Goalpara""},{""gid_2"":""IND.4.14_1"",""migration_date"":""2025-12-20"",""migration_method"":""jaccard2"",""name_2"":""Jorhat""},{""gid_2"":""IND.4.17_1"",""migration_date"":""2025-12-20"",""migration_method"":""jaccard2"",""name_2"":""Karbi Anglong""},{""gid_2"":""IND.4.20_1"",""migration_date"":""2025-12-20"",""migration_method"":""jaccard2"",""name_2"":""Lakhimpur""},{""gid_2"":""IND.4.21_1"",""migration_date"":""2025-12-20"",""migration_method"":""jaccard2"",""name_2"":""Morigaon""},{""gid_2"":""IND.4.27_1"",""migration_date"":""2025-12-20"",""migration_method"":""puzzle2_2"",""name_2"":""Udalguri""},{""gid_2"":""IND.4.6_1"",""migration_date"":""2025-12-20"",""migration_method"":""puzzle2_2"",""name_2"":""Darrang""},{""gid_2"":""IND.4.7_1"",""migration_date"":""2025-12-20"",""migration_method"":""jaccard2"",""name_2"":""Dhemaji""},{""gid_2"":""IND.4.8_1"",""migration_date"":""2025-12-20"",""migration_method"":""jaccard2"",""name_2"":""Dhubri""}]",2015-08-04,2025-12-20
2015-0249-IND,No,nat-hyd-flo-riv,Natural,Hydrological,Flood,Riverine flood,DFO:4265,,IND,India,Southern Asia,Asia,"Amreli, Rajkot, Surat districts (Gujarat province), Maharashtra province",Monsoon rains,,No,No,No,,43781.56,Km2,21.8734,70.76,,2015,6,19.0,2015,6,20.0,81.0,,9000.0,,9000.0,,,,,604000.0,820420.0,73.62080293658643,"[{""adm1_code"":1498,""adm1_name"":""Maharashtra""},{""adm2_code"":17636,""adm2_name"":""Amreli""},{""adm2_code"":17647,""adm2_name"":""Rajkot""},{""adm2_code"":17649,""adm2_name"":""Surat""}]","[{""gid_1"":""IND.20_1"",""migration_date"":""2025-12-20"",""migration_method"":""jaccard1"",""name_1"":""Maharashtra""},{""gid_2"":""IND.11.20_1"",""migration_date"":""2025-12-20"",""migration_method"":""puzzle2_2"",""name_2"":""Morbi""},{""gid_2"":""IND.11.26_1"",""migration_date"":""2025-12-20"",""migration_method"":""puzzle2_2"",""name_2"":""Rajkot""},{""gid_2"":""IND.11.28_1"",""migration_date"":""2025-12-20"",""migration_method"":""puzzle2_2"",""name_2"":""Surat""},{""gid_2"":""IND.11.2_1"",""migration_date"":""2025-12-20"",""migration_method"":""jaccard2"",""name_2"":""Amreli""},{""gid_2"":""IND.11.30_1"",""migration_date"":""2025-12-20"",""migration_method"":""puzzle2_2"",""name_2"":""Tapi""}]",2015-07-15,2025-12-20
2024-0399-IND,No,nat-hyd-flo-fla,Natural,Hydrological,Flood,Flash flood,GLIDE:FF-2024-000100|GLIDE:FF-2024-000154,,IND,India,Southern Asia,Asia,Assam and Meghalaya states,Monsoon rains,,No,No,No,,,Km2,,,,2024,5,,2024,7,8.0,48.0,,2100000.0,,2100000.0,,,,,,,97.43617561613397,,,2024-06-21,2024-10-22
2025-0469-IND,No,nat-hyd-flo-fla,Natural,Hydrological,Flood,Flash flood,,,IND,India,Southern Asia,Asia,"Himachal Pradesh, Uttarakhand",Monsoonal rains,"Slide (land, mud, snow, rock)",No,No,No,,,Km2,,,,2025,6,20.0,2025,7,7.0,140.0,74.0,80000.0,,80074.0,,,,,,,100.0,,,2025-07-07,2025-07-16
2025-0803-IND,No,nat-hyd-flo-fla,Natural,Hydrological,Flood,Flash flood,,,IND,India,Southern Asia,Asia,"Dehradun, Champawat, Haridwar, Pauri Garhwal, Bageshwar, Pithoragarh, Nainital, and Udham Singh Nagar districts (Uttarakhand State)",,"Lightening|Slide (land, mud, snow, rock)",No,No,No,,,Km2,,,,2025,9,15.0,2025,9,17.0,33.0,,900.0,,900.0,,,,,,,100.0,,,2025-09-26,2025-09-29
2020-0206-IND,No,nat-hyd-flo-flo,Natural,Hydrological,Flood,Flood (General),,,IND,India,Southern Asia,Asia,"Lakhimpur, Sontipur, Darrang, Goalpara (Assam state); Sikkim state",Heavy rains,"Slide (land, mud, snow, rock)",No,No,No,,,Km2,,,"Jia Bharali, Puthimari rivers",2020,5,24.0,2020,5,26.0,1.0,2.0,30000.0,,30002.0,,,,,,,80.39038300821143,"[{""adm1_code"":1507,""adm1_name"":""Sikkim""},{""adm2_code"":17578,""adm2_name"":""Darrang""},{""adm2_code"":17581,""adm2_name"":""Goalpara""},{""adm2_code"":17593,""adm2_name"":""Sonitpur""},{""adm2_code"":70091,""adm2_name"":""Lakhimpur""}]","[{""gid_1"":""IND.30_1"",""migration_date"":""2025-12-20"",""migration_method"":""jaccard1"",""name_1"":""Sikkim""},{""gid_2"":""IND.4.11_1"",""migration_date"":""2025-12-20"",""migration_method"":""jaccard2"",""name_2"":""Goalpara""},{""gid_2"":""IND.4.20_1"",""migration_date"":""2025-12-20"",""migration_method"":""jaccard2"",""name_2"":""Lakhimpur""},{""gid_2"":""IND.4.25_1"",""migration_date"":""2025-12-20"",""migration_method"":""jaccard2"",""name_2"":""Sonitpur""},{""gid_2"":""IND.4.27_1"",""migration_date"":""2025-12-20"",""migration_method"":""puzzle2_2"",""name_2"":""Udalguri""},{""gid_2"":""IND.4.6_1"",""migration_date"":""2025-12-20"",""migration_method"":""puzzle2_2"",""name_2"":""Darrang""}]",2020-05-27,2025-12-20
2020-0249-IND,No,nat-hyd-flo-flo,Natural,Hydrological,Flood,Flood (General),,,IND,India,Southern Asia,Asia,Jammu region,,,No,No,No,,,Km2,,,,2020,6,1.0,2020,6,9.0,,,5000.0,,5000.0,,,,,,,80.39038300821143,"[{""adm1_code"":40408,""adm1_name"":""Administrative unit not available""},{""adm1_code"":40409,""adm1_name"":""Administrative unit not available""},{""adm1_code"":40422,""adm1_name"":""Administrative unit not available""},{""adm1_code"":40423,""adm1_name"":""Administrative unit not available""},{""adm1_code"":40424,""adm1_name"":""Administrative unit not available""},{""adm1_code"":40425,""adm1_name"":""Administrative unit not available""},{""adm1_code"":40426,""adm1_name"":""Administrative unit not available""},{""adm1_code"":40427,""adm1_name"":""Administrative unit not available""},{""adm1_code"":40428,""adm1_name"":""Administrative unit not available""},{""adm1_code"":40429,""adm1_name"":""Administrative unit not available""},{""adm1_code"":40430,""adm1_name"":""Administrative unit not available""},{""adm1_code"":40431,""adm1_name"":""Administrative unit not available""}]","[{""gid_1"":""Z06.1_1"",""migration_date"":""2025-12-20"",""migration_method"":""jaccard1"",""name_1"":""Azad Kashmir""},{""gid_1"":""Z06.6_1"",""migration_date"":""2025-12-20"",""migration_method"":""jaccard1"",""name_1"":""Gilgit-Baltistan""},{""gid_2"":""Z01.14.10_1"",""migration_date"":""2025-12-20"",""migration_method"":""puzzle1_2"",""name_2"":""Kishtwar""},{""gid_2"":""Z01.14.12_1"",""migration_date"":""2025-12-20"",""migration_method"":""puzzle1_2"",""name_2"":""Kupwara""},{""gid_2"":""Z01.14.13_1"",""migration_date"":""2025-12-20"",""migration_method"":""puzzle1_2"",""name_2"":""Leh (Ladakh)""},{""gid_2"":""Z01.14.14_1"",""migration_date"":""2025-12-20"",""migration_method"":""puzzle1_2"",""name_2"":""Poonch""},{""gid_2"":""Z01.14.16_1"",""migration_date"":""2025-12-20"",""migration_method"":""puzzle1_2"",""name_2"":""Rajouri""},{""gid_2"":""Z01.14.17_1"",""migration_date"":""2025-12-20"",""migration_method"":""puzzle1_2"",""name_2"":""Ramban""},{""gid_2"":""Z01.14.18_1"",""migration_date"":""2025-12-20"",""migration_method"":""puzzle1_2"",""name_2"":""Reasi""},{""gid_2"":""Z01.14.19_1"",""migration_date"":""2025-12-20"",""migration_method"":""puzzle1_2"",""name_2"":""Samba""},{""gid_2"":""Z01.14.21_1"",""migration_date"":""2025-12-20"",""migration_method"":""puzzle1_2"",""name_2"":""Srinagar""},{""gid_2"":""Z01.14.22_1"",""migration_date"":""2025-12-20"",""migration_method"":""puzzle1_2"",""name_2"":""Udhampur""},{""gid_2"":""Z01.14.2_1"",""migration_date"":""2025-12-20"",""migration_method"":""puzzle1_2"",""name_2"":""Badgam""},{""gid_2"":""Z01.14.3_1"",""migration_date"":""2025-12-20"",""migration_method"":""puzzle1_2"",""name_2"":""Bandipore""},{""gid_2"":""Z01.14.4_1"",""migration_date"":""2025-12-20"",""migration_method"":""puzzle1_2"",""name_2"":""Baramulla""},{""gid_2"":""Z01.14.5_1"",""migration_date"":""2025-12-20"",""migration_method"":""puzzle1_2"",""name_2"":""Doda""},{""gid_2"":""Z01.14.6_1"",""migration_date"":""2025-12-20"",""migration_method"":""puzzle1_2"",""name_2"":""Ganderbal""},{""gid_2"":""Z01.14.7_1"",""migration_date"":""2025-12-20"",""migration_method"":""puzzle1_2"",""name_2"":""Jammu""},{""gid_2"":""Z01.14.8_1"",""migration_date"":""2025-12-20"",""migration_method"":""puzzle1_2"",""name_2"":""Kargil""},{""gid_2"":""Z01.14.9_1"",""migration_date"":""2025-12-20"",""migration_method"":""puzzle1_2"",""name_2"":""Kathua""}]",2020-06-19,2025-12-20
2023-0359-IND,No,nat-hyd-flo-fla,Natural,Hydrological,Flood,Flash flood,,,IND,India,Southern Asia,Asia,"Mandi, Solan and Hamirpur districts (Himachal Pradesh); Uttarakhand, Punjab, NewDelhi, Haryana",Monsoon rains,"Slide (land, mud, snow, rock)",No,No,No,,,Km2,,,,2023,6,26.0,2023,7,12.0,62.0,,5.0,,5.0,,,,,3000.0,3170.0,94.6446220103845,"[{""adm1_code"":1489,""adm1_name"":""Delhi""},{""adm1_code"":1492,""adm1_name"":""Haryana""},{""adm1_code"":1505,""adm1_name"":""Punjab""},{""adm1_code"":70082,""adm1_name"":""Uttarakhand""},{""adm2_code"":17668,""adm2_name"":""Hamirpur""},{""adm2_code"":17673,""adm2_name"":""Mandi""},{""adm2_code"":17676,""adm2_name"":""Solan""}]","[{""gid_1"":""IND.12_1"",""migration_date"":""2025-12-20"",""migration_method"":""jaccard1"",""name_1"":""Haryana""},{""gid_1"":""IND.25_1"",""migration_date"":""2025-12-20"",""migration_method"":""jaccard1"",""name_1"":""NCT of Delhi""},{""gid_1"":""IND.28_1"",""migration_date"":""2025-12-20"",""migration_method"":""jaccard1"",""name_1"":""Punjab""},{""gid_1"":""IND.35_1"",""migration_date"":""2025-12-20"",""migration_method"":""jaccard1"",""name_1"":""Uttarakhand""},{""gid_2"":""IND.13.11_1"",""migration_date"":""2025-12-20"",""migration_method"":""jaccard2"",""name_2"":""Solan""},{""gid_2"":""IND.13.3_1"",""migration_date"":""2025-12-20"",""migration_method"":""jaccard2"",""name_2"":""Hamirpur""},{""gid_2"":""IND.13.8_1"",""migration_date"":""2025-12-20"",""migration_method"":""jaccard2"",""name_2"":""Mandi""}]",2023-06-29,2025-12-20
2023-0330-IND,No,nat-hyd-flo-flo,Natural,Hydrological,Flood,Flood (General),GLIDE:FL-2023-000104,,IND,India,Southern Asia,Asia,"Nalbari, Baksa, Lakhimpur, Bajali, Barpet distrcits (Assam);Sikkim",Heavy rains,"Slide (land, mud, snow, rock)",No,No,No,,,Km2,,,,2023,6,14.0,2023,6,23.0,,,500000.0,,500000.0,,,,,,,94.6446220103845,,,2023-06-26,2025-07-16
2024-0719-IND,No,nat-hyd-flo-flo,Natural,Hydrological,Flood,Flood (General),,,IND,India,Southern Asia,Asia,Meghalaya,Heavy rains,"Slide (land, mud, snow, rock)",No,No,No,,,Km2,,,,2024,10,4.0,2024,10,7.0,15.0,,,,,,,,,,,97.43617561613397,,,2024-10-09,2024-10-28
2016-0139-IND,No,nat-hyd-flo-flo,Natural,Hydrological,Flood,Flood (General),DFO:4355,,IND,India,Southern Asia,Asia,"Arunachal Pradesh, Assam, Nagaland provinces",Pre-monsoon rains,"Slide (land, mud, snow, rock)",No,No,No,,70517.68,Km2,27.464,95.607,Brahmaptura river,2016,4,22.0,2016,4,25.0,18.0,,100000.0,,100000.0,,,,,150000.0,201208.0,74.54960298643441,"[{""adm1_code"":1487,""adm1_name"":""Assam""},{""adm1_code"":1503,""adm1_name"":""Nagaland""},{""adm1_code"":70072,""adm1_name"":""Arunachal Pradesh""}]","[{""gid_1"":""IND.24_1"",""migration_date"":""2025-12-20"",""migration_method"":""jaccard1"",""name_1"":""Nagaland""},{""gid_1"":""IND.3_1"",""migration_date"":""2025-12-20"",""migration_method"":""jaccard1"",""name_1"":""Arunachal Pradesh""},{""gid_1"":""IND.4_1"",""migration_date"":""2025-12-20"",""migration_method"":""jaccard1"",""name_1"":""Assam""}]",2016-05-10,2025-12-20
2016-0276-IND,No,nat-hyd-flo-flo,Natural,Hydrological,Flood,Flood (General),DFO:4378,,IND,India,Southern Asia,Asia,"Bhopal, Hoshangabad, Rewa, Sagar, Shajapur, Jabalpur, Satna, Harda, Panna, Vidisha, Raisen, Mandla, Tikamgarh, Seoni, Damoh, Sehore, Agar-Malwa districts (Madhya Pradesh province)",Monsoonal rains,,No,No,No,,,Km2,,,,2016,7,9.0,2016,8,22.0,184.0,,100000.0,,100000.0,,,,,160000.0,214622.0,74.54960298643441,"[{""adm2_code"":17716,""adm2_name"":""Bhopal""},{""adm2_code"":17720,""adm2_name"":""Damoh""},{""adm2_code"":17728,""adm2_name"":""Hoshangabad""},{""adm2_code"":17730,""adm2_name"":""Jabalpur""},{""adm2_code"":17732,""adm2_name"":""Mandla""},{""adm2_code"":17736,""adm2_name"":""Panna""},{""adm2_code"":17739,""adm2_name"":""Raisen""},{""adm2_code"":17743,""adm2_name"":""Rewa""},{""adm2_code"":17744,""adm2_name"":""Sagar""},{""adm2_code"":17745,""adm2_name"":""Satna""},{""adm2_code"":17746,""adm2_name"":""Sehore""},{""adm2_code"":17747,""adm2_name"":""Seoni""},{""adm2_code"":17749,""adm2_name"":""Shajapur""},{""adm2_code"":17753,""adm2_name"":""Tikamgarh""},{""adm2_code"":17755,""adm2_name"":""Vidisha""},{""adm2_code"":70173,""adm2_name"":""Harda""}]","[{""gid_2"":""IND.19.13_1"",""migration_date"":""2025-12-20"",""migration_method"":""jaccard2"",""name_2"":""Damoh""},{""gid_2"":""IND.19.1_1"",""migration_date"":""2025-12-20"",""migration_method"":""puzzle2_2"",""name_2"":""Agar Malwa""},{""gid_2"":""IND.19.21_1"",""migration_date"":""2025-12-20"",""migration_method"":""jaccard2"",""name_2"":""Harda""},{""gid_2"":""IND.19.22_1"",""migration_date"":""2025-12-20"",""migration_method"":""jaccard2"",""name_2"":""Hoshangabad""},{""gid_2"":""IND.19.24_1"",""migration_date"":""2025-12-20"",""migration_method"":""jaccard2"",""name_2"":""Jabalpur""},{""gid_2"":""IND.19.27_1"",""migration_date"":""2025-12-20"",""migration_method"":""jaccard2"",""name_2"":""Mandla""},{""gid_2"":""IND.19.32_1"",""migration_date"":""2025-12-20"",""migration_method"":""jaccard2"",""name_2"":""Panna""},{""gid_2"":""IND.19.33_1"",""migration_date"":""2025-12-20"",""migration_method"":""jaccard2"",""name_2"":""Raisen""},{""gid_2"":""IND.19.36_1"",""migration_date"":""2025-12-20"",""migration_method"":""jaccard2"",""name_2"":""Rewa""},{""gid_2"":""IND.19.37_1"",""migration_date"":""2025-12-20"",""migration_method"":""jaccard2"",""name_2"":""Sagar""},{""gid_2"":""IND.19.38_1"",""migration_date"":""2025-12-20"",""migration_method"":""jaccard2"",""name_2"":""Satna""},{""gid_2"":""IND.19.39_1"",""migration_date"":""2025-12-20"",""migration_method"":""jaccard2"",""name_2"":""Sehore""},{""gid_2"":""IND.19.40_1"",""migration_date"":""2025-12-20"",""migration_method"":""jaccard2"",""name_2"":""Seoni""},{""gid_2"":""IND.19.42_1"",""migration_date"":""2025-12-20"",""migration_method"":""puzzle2_2"",""name_2"":""Shajapur""},{""gid_2"":""IND.19.47_1"",""migration_date"":""2025-12-20"",""migration_method"":""jaccard2"",""name_2"":""Tikamgarh""},{""gid_2"":""IND.19.50_1"",""migration_date"":""2025-12-20"",""migration_method"":""jaccard2"",""name_2"":""Vidisha""},{""gid_2"":""IND.19.9_1"",""migration_date"":""2025-12-20"",""migration_method"":""jaccard2"",""name_2"":""Bhopal""}]",2016-08-05,2025-12-20
2016-0304-IND,No,nat-hyd-flo-flo,Natural,Hydrological,Flood,Flood (General),DFO:4383,,IND,India,Southern Asia,Asia,"Maharashtra (Nashik, Raigad (Mahad), Thane (Bhiwandi), Ratnagiri, Pune, Satara, Kolhapur), Gujarat (Valsad, Chhota Udepur (Vadodara), Navsari and Surat)",Monsoonal rains,,No,No,No,,,Km2,,,Savitri,2016,8,1.0,2016,8,3.0,37.0,,3000.0,,3000.0,,,,,,,74.54960298643441,"[{""adm2_code"":17649,""adm2_name"":""Surat""},{""adm2_code"":17652,""adm2_name"":""Vadodara""},{""adm2_code"":17653,""adm2_name"":""Valsad""},{""adm2_code"":70127,""adm2_name"":""Navsari""},{""adm2_code"":17769,""adm2_name"":""Kolhapur""},{""adm2_code"":17773,""adm2_name"":""Nashik""},{""adm2_code"":17776,""adm2_name"":""Pune""},{""adm2_code"":17777,""adm2_name"":""Raigarh""},{""adm2_code"":17778,""adm2_name"":""Ratnagiri""},{""adm2_code"":17781,""adm2_name"":""Satara""},{""adm2_code"":17783,""adm2_name"":""Thane""}]","[{""gid_2"":""IND.11.22_1"",""migration_date"":""2025-12-20"",""migration_method"":""jaccard2"",""name_2"":""Navsari""},{""gid_2"":""IND.11.28_1"",""migration_date"":""2025-12-20"",""migration_method"":""puzzle2_2"",""name_2"":""Surat""},{""gid_2"":""IND.11.30_1"",""migration_date"":""2025-12-20"",""migration_method"":""puzzle2_2"",""name_2"":""Tapi""},{""gid_2"":""IND.11.32_1"",""migration_date"":""2025-12-20"",""migration_method"":""puzzle2_2"",""name_2"":""Vadodara""},{""gid_2"":""IND.11.33_1"",""migration_date"":""2025-12-20"",""migration_method"":""jaccard2"",""name_2"":""Valsad""},{""gid_2"":""IND.11.9_1"",""migration_date"":""2025-12-20"",""migration_method"":""puzzle2_2"",""name_2"":""Chhota Udaipur""},{""gid_2"":""IND.20.15_1"",""migration_date"":""2025-12-20"",""migration_method"":""jaccard2"",""name_2"":""Kolhapur""},{""gid_2"":""IND.20.22_1"",""migration_date"":""2025-12-20"",""migration_method"":""jaccard2"",""name_2"":""Nashik""},{""gid_2"":""IND.20.24_1"",""migration_date"":""2025-12-20"",""migration_method"":""puzzle2_2"",""name_2"":""Palghar""},{""gid_2"":""IND.20.26_1"",""migration_date"":""2025-12-20"",""migration_method"":""jaccard2"",""name_2"":""Pune""},{""gid_2"":""IND.20.27_1"",""migration_date"":""2025-12-20"",""migration_method"":""jaccard2"",""name_2"":""Raigarh""},{""gid_2"":""IND.20.28_1"",""migration_date"":""2025-12-20"",""migration_method"":""jaccard2"",""name_2"":""Ratnagiri""},{""gid_2"":""IND.20.30_1"",""migration_date"":""2025-12-20"",""migration_method"":""jaccard2"",""name_2"":""Satara""},{""gid_2"":""IND.20.33_1"",""migration_date"":""2025-12-20"",""migration_method"":""puzzle2_2"",""name_2"":""Thane""}]",2016-08-23,2025-12-20
2016-0391-IND,No,nat-hyd-flo-flo,Natural,Hydrological,Flood,Flood (General),DFO:4405,,IND,India,Southern Asia,Asia,"Andhra Pradesh province, Telangana",Monsoonal rains,,No,No,No,,137435.4,Km2,17.654,80.34,,2016,9,21.0,2016,9,29.0,28.0,,3000.0,,3000.0,,,44000.0,59021.0,589000.0,790078.0,74.54960298643441,"[{""adm1_code"":1485,""adm1_name"":""Andhra Pradesh""}]","[{""gid_1"":""IND.2_1"",""migration_date"":""2025-12-20"",""migration_method"":""puzzle1_1"",""name_1"":""Andhra Pradesh""},{""gid_1"":""IND.32_1"",""migration_date"":""2025-12-20"",""migration_method"":""puzzle1_1"",""name_1"":""Telangana""}]",2016-11-17,2025-12-20
2016-0554-IND,No,nat-hyd-flo-flo,Natural,Hydrological,Flood,Flood (General),,,IND,India,Southern Asia,Asia,"Jorhat, Golaghat (Assam State)",,,No,No,No,,,Km2,,,,2016,7,17.0,2016,7,19.0,34.0,,,,,,,,,,,74.54960298643441,"[{""adm2_code"":17582,""adm2_name"":""Golaghat""},{""adm2_code"":70089,""adm2_name"":""Jorhat""}]","[{""gid_2"":""IND.4.12_1"",""migration_date"":""2025-12-20"",""migration_method"":""jaccard2"",""name_2"":""Golaghat""},{""gid_2"":""IND.4.14_1"",""migration_date"":""2025-12-20"",""migration_method"":""jaccard2"",""name_2"":""Jorhat""}]",2017-04-26,2025-12-20
2017-0342-IND,No,nat-hyd-flo-flo,Natural,Hydrological,Flood,Flood (General),GLIDE:FL-2017-000084,,IND,India,Southern Asia,Asia,"Araria, Jogbani (Bihar); Uttar Pradesh, West Bengal",Monsoonal rain,,No,No,No,,,Km2,,,,2017,8,11.0,2017,8,31.0,514.0,,17200000.0,,17200000.0,,,,,1567000.0,2058116.0,76.13760370577658,"[{""adm1_code"":1511,""adm1_name"":""West Bengal""},{""adm1_code"":70081,""adm1_name"":""Uttar Pradesh""},{""adm2_code"":70094,""adm2_name"":""Araria""}]","[{""gid_1"":""IND.34_1"",""migration_date"":""2025-12-20"",""migration_method"":""jaccard1"",""name_1"":""Uttar Pradesh""},{""gid_1"":""IND.36_1"",""migration_date"":""2025-12-20"",""migration_method"":""jaccard1"",""name_1"":""West Bengal""},{""gid_2"":""IND.5.1_1"",""migration_date"":""2025-12-20"",""migration_method"":""jaccard2"",""name_2"":""Araria""}]",2017-08-18,2025-12-20
2017-0495-IND,No,nat-hyd-flo-fla,Natural,Hydrological,Flood,Flash flood,DFO:4532,,IND,India,Southern Asia,Asia,Chenai (Tamil Nadu),Heavy rains,,No,No,No,,50536.26,Km2,10.489,79.004,,2017,10,30.0,2017,11,8.0,21.0,,4000.0,,4000.0,,,,,,,76.13760370577658,"[{""adm2_code"":70242,""adm2_name"":""Chennai""}]","[{""gid_2"":""IND.31.2_1"",""migration_date"":""2025-12-20"",""migration_method"":""jaccard2"",""name_2"":""Chennai""}]",2017-11-28,2025-12-20
2018-0267-IND,No,nat-hyd-flo-flo,Natural,Hydrological,Flood,Flood (General),,,IND,India,Southern Asia,Asia,"Uttar Pradesh, Rajasthan",Monsoonal rain,,No,No,No,,,Km2,,,,2018,7,26.0,2018,7,28.0,33.0,45.0,1500.0,,1545.0,,,,,,,77.99726518795474,"[{""adm1_code"":1506,""adm1_name"":""Rajasthan""},{""adm1_code"":70081,""adm1_name"":""Uttar Pradesh""}]","[{""gid_1"":""IND.29_1"",""migration_date"":""2025-12-20"",""migration_method"":""jaccard1"",""name_1"":""Rajasthan""},{""gid_1"":""IND.34_1"",""migration_date"":""2025-12-20"",""migration_method"":""jaccard1"",""name_1"":""Uttar Pradesh""}]",2018-08-08,2025-12-20
2018-0345-IND,No,nat-hyd-flo-flo,Natural,Hydrological,Flood,Flood (General),,,IND,India,Southern Asia,Asia,"Biswanath, Udalguri, Golaghat, Sivassagar/Charaideo, Barpeta, Lakhimpu, Dhemaji, Darrang (Assam, West Bengal)",,,No,No,No,,,Km2,,,,2018,8,2.0,2018,8,6.0,3.0,,25000.0,,25000.0,,,,,,,77.99726518795474,"[{""adm2_code"":17576,""adm2_name"":""Barpeta""},{""adm2_code"":17578,""adm2_name"":""Darrang""},{""adm2_code"":17582,""adm2_name"":""Golaghat""},{""adm2_code"":17592,""adm2_name"":""Sibsagar""},{""adm2_code"":17593,""adm2_name"":""Sonitpur""},{""adm2_code"":70087,""adm2_name"":""Dhemaji""},{""adm2_code"":70091,""adm2_name"":""Lakhimpur""}]","[{""gid_2"":""IND.4.12_1"",""migration_date"":""2025-12-20"",""migration_method"":""jaccard2"",""name_2"":""Golaghat""},{""gid_2"":""IND.4.20_1"",""migration_date"":""2025-12-20"",""migration_method"":""jaccard2"",""name_2"":""Lakhimpur""},{""gid_2"":""IND.4.24_1"",""migration_date"":""2025-12-20"",""migration_method"":""jaccard2"",""name_2"":""Sivasagar""},{""gid_2"":""IND.4.25_1"",""migration_date"":""2025-12-20"",""migration_method"":""jaccard2"",""name_2"":""Sonitpur""},{""gid_2"":""IND.4.27_1"",""migration_date"":""2025-12-20"",""migration_method"":""puzzle2_2"",""name_2"":""Udalguri""},{""gid_2"":""IND.4.2_1"",""migration_date"":""2025-12-20"",""migration_method"":""jaccard2"",""name_2"":""Barpeta""},{""gid_2"":""IND.4.6_1"",""migration_date"":""2025-12-20"",""migration_method"":""puzzle2_2"",""name_2"":""Darrang""},{""gid_2"":""IND.4.7_1"",""migration_date"":""2025-12-20"",""migration_method"":""jaccard2"",""name_2"":""Dhemaji""}]",2018-09-19,2025-12-20
2018-0370-IND,No,nat-hyd-flo-flo,Natural,Hydrological,Flood,Flood (General),,,IND,India,Southern Asia,Asia,Uttar Pradesh,,,No,No,No,,,Km2,,,,2018,9,1.0,2018,10,6.0,46.0,,,3050.0,3050.0,,,,,,,77.99726518795474,"[{""adm1_code"":70081,""adm1_name"":""Uttar Pradesh""}]","[{""gid_1"":""IND.34_1"",""migration_date"":""2025-12-20"",""migration_method"":""jaccard1"",""name_1"":""Uttar Pradesh""}]",2018-10-11,2025-12-20
2021-0435-IND,No,nat-hyd-flo-flo,Natural,Hydrological,Flood,Flood (General),,,IND,India,Southern Asia,Asia,"Pune, Raigada, Satara and Ratnagiri (Maharasthra); Goa, Karnataka, Jharkhand, Bengale, Himachal Pradesh, Uttarakand states",Monsoon rains,"Slide (land, mud, snow, rock)",No,No,No,,,Km2,,,,2021,6,1.0,2021,9,30.0,1282.0,,375000.0,,375000.0,,,,,3100000.0,3683154.0,84.16698295725244,"[{""adm1_code"":1490,""adm1_name"":""Goa""},{""adm1_code"":1493,""adm1_name"":""Himachal Pradesh""},{""adm1_code"":1494,""adm1_name"":""Karnataka""},{""adm1_code"":1511,""adm1_name"":""West Bengal""},{""adm1_code"":70078,""adm1_name"":""Jharkhand""},{""adm1_code"":70082,""adm1_name"":""Uttarakhand""},{""adm2_code"":17776,""adm2_name"":""Pune""},{""adm2_code"":17777,""adm2_name"":""Raigarh""},{""adm2_code"":17778,""adm2_name"":""Ratnagiri""},{""adm2_code"":17781,""adm2_name"":""Satara""}]","[{""gid_1"":""IND.10_1"",""migration_date"":""2025-12-20"",""migration_method"":""jaccard1"",""name_1"":""Goa""},{""gid_1"":""IND.13_1"",""migration_date"":""2025-12-20"",""migration_method"":""jaccard1"",""name_1"":""Himachal Pradesh""},{""gid_1"":""IND.15_1"",""migration_date"":""2025-12-20"",""migration_method"":""jaccard1"",""name_1"":""Jharkhand""},{""gid_1"":""IND.16_1"",""migration_date"":""2025-12-20"",""migration_method"":""jaccard1"",""name_1"":""Karnataka""},{""gid_1"":""IND.35_1"",""migration_date"":""2025-12-20"",""migration_method"":""jaccard1"",""name_1"":""Uttarakhand""},{""gid_1"":""IND.36_1"",""migration_date"":""2025-12-20"",""migration_method"":""jaccard1"",""name_1"":""West Bengal""},{""gid_2"":""IND.20.26_1"",""migration_date"":""2025-12-20"",""migration_method"":""jaccard2"",""name_2"":""Pune""},{""gid_2"":""IND.20.27_1"",""migration_date"":""2025-12-20"",""migration_method"":""jaccard2"",""name_2"":""Raigarh""},{""gid_2"":""IND.20.28_1"",""migration_date"":""2025-12-20"",""migration_method"":""jaccard2"",""name_2"":""Ratnagiri""},{""gid_2"":""IND.20.30_1"",""migration_date"":""2025-12-20"",""migration_method"":""jaccard2"",""name_2"":""Satara""}]",2021-07-26,2025-12-20
2022-0293-IND,No,nat-hyd-flo-flo,Natural,Hydrological,Flood,Flood (General),,,IND,India,Southern Asia,Asia,"Itanagar distrci (Arunchal Pradesh); Dima Hasao, Cachar, Udalguri District (Assam); East Khasi Hills, Ri-Bhoi Districts (Meghalaya); Nagaland; Bihar; Himachal Pradesh; Madhya Pradesh; Gujarat; Maharasthra",Heavy rains,"Lightening|Slide (land, mud, snow, rock)",No,No,No,,,Km2,,,Kopili river,2022,5,17.0,2022,10,31.0,2035.0,1260.0,1300000.0,,1301260.0,,,,,4200000.0,4620325.0,90.9026974595266,,"[{""gid_1"":""IND.11_1"",""migration_date"":""2025-12-20"",""migration_method"":""jaccard1"",""name_1"":""Gujarat""},{""gid_1"":""IND.13_1"",""migration_date"":""2025-12-20"",""migration_method"":""jaccard1"",""name_1"":""Himachal Pradesh""},{""gid_1"":""IND.19_1"",""migration_date"":""2025-12-20"",""migration_method"":""jaccard1"",""name_1"":""Madhya Pradesh""},{""gid_1"":""IND.20_1"",""migration_date"":""2025-12-20"",""migration_method"":""jaccard1"",""name_1"":""Maharashtra""},{""gid_1"":""IND.24_1"",""migration_date"":""2025-12-20"",""migration_method"":""jaccard1"",""name_1"":""Nagaland""},{""gid_1"":""IND.3_1"",""migration_date"":""2025-12-20"",""migration_method"":""jaccard1"",""name_1"":""Arunachal Pradesh""},{""gid_1"":""IND.5_1"",""migration_date"":""2025-12-20"",""migration_method"":""jaccard1"",""name_1"":""Bihar""},{""gid_2"":""IND.22.2_1"",""migration_date"":""2025-12-20"",""migration_method"":""jaccard2"",""name_2"":""East Khasi Hills""},{""gid_2"":""IND.22.5_1"",""migration_date"":""2025-12-20"",""migration_method"":""jaccard2"",""name_2"":""Ri Bhoi""},{""gid_2"":""IND.4.10_1"",""migration_date"":""2025-12-20"",""migration_method"":""jaccard2"",""name_2"":""Dima Hasao""},{""gid_2"":""IND.4.27_1"",""migration_date"":""2025-12-20"",""migration_method"":""puzzle2_2"",""name_2"":""Udalguri""},{""gid_2"":""IND.4.4_1"",""migration_date"":""2025-12-20"",""migration_method"":""jaccard2"",""name_2"":""Cachar""},{""gid_2"":""Z07.3.12_1"",""name_2"":""Papum Pare""}]",2022-05-16,2026-02-10
2023-0846-IND,No,nat-hyd-flo-flo,Natural,Hydrological,Flood,Flood (General),,,IND,India,Southern Asia,Asia,"Thoothukudi, Tirunelveli, Kanniyakumari and Tenkasi Districts (Tamil Nadu state)",Heavy rains,,No,No,No,,,Km2,,,,2023,12,18.0,2023,12,20.0,10.0,,,,,,,,,,,94.6446220103845,,"[{""gid_2"":""IND.31.25_1"",""name_2"":""Thoothukkudi""},{""gid_2"":""IND.31.27_1"",""name_2"":""Tirunelveli""},{""gid_2"":""IND.31.9_1"",""name_2"":""Kanniyakumari""}]",2023-12-21,2026-01-16
2025-0402-IND,No,nat-hyd-flo-flo,Natural,Hydrological,Flood,Flood (General),,,IND,India,Southern Asia,Asia,"Assam, Arunachal Pradesh, Mizoram, Manipur, Sikkim, Meghalaya Nagaland, Tripura, Meghalaya states",Monsoonal rain,"Slide (land, mud, snow, rock)",No,No,No,,,Km2,,,,2025,5,31.0,2025,6,1.0,50.0,,1441247.0,,1441247.0,,,,,,,100.0,,,2025-06-02,2026-02-27
2025-0690-IND,No,nat-hyd-flo-fla,Natural,Hydrological,Flood,Flash flood,,,IND,India,Southern Asia,Asia,Kishtwar (Jammu and Kashmir state),Heavy rain,Lightening,No,No,No,,,Km2,,,,2025,8,14.0,2025,8,15.0,98.0,50.0,,,50.0,,,,,,,100.0,,,2025-08-19,2026-02-25
2015-0253-IND,No,nat-hyd-flo-riv,Natural,Hydrological,Flood,Riverine flood,GLIDE:FL-2015-000068,,IND,India,Southern Asia,Asia,"Mirik, Kalimpong, Darjeeling villages (Darjiling district, West Bengal province),",,"Slide (land, mud, snow, rock)",No,No,No,,,Km2,,,,2015,6,23.0,2015,6,30.0,40.0,,,1000.0,1000.0,,,,,,,73.62080293658643,"[{""adm2_code"":17948,""adm2_name"":""Darjiling""}]","[{""gid_2"":""IND.36.6_1"",""migration_date"":""2025-12-20"",""migration_method"":""jaccard2"",""name_2"":""Darjiling""}]",2015-07-15,2025-12-20
2015-0504-IND,No,nat-hyd-flo-flo,Natural,Hydrological,Flood,Flood (General),DFO:4309|GLIDE:TC-2015-000163,,IND,India,Southern Asia,Asia,"Chittoor, Cuddapah, Prakasam, Nellore districts (Andhra Pradesh province), Chennai, Cuddalore, Nagapattinam, Kancheepuram, Thiruvallur, Villupuram districts (Tamil Nadu province), Puducherry province",Tropical depression 'Rovan',,No,No,Yes,,93202.05,Km2,11.828,78.855,,2015,11,8.0,2015,12,4.0,325.0,1000.0,1800000.0,,1801000.0,,,755000.0,1025525.0,2200000.0,2988286.0,73.62080293658643,"[{""adm1_code"":70080,""adm1_name"":""Puducherry""},{""adm2_code"":17549,""adm2_name"":""Chittoor""},{""adm2_code"":17550,""adm2_name"":""Cuddapah""},{""adm2_code"":17561,""adm2_name"":""Nellore""},{""adm2_code"":17563,""adm2_name"":""Prakasam""},{""adm2_code"":70242,""adm2_name"":""Chennai""},{""adm2_code"":70243,""adm2_name"":""Cuddalore""},{""adm2_code"":70244,""adm2_name"":""Kancheepuram""},{""adm2_code"":70247,""adm2_name"":""Nagapattinam""},{""adm2_code"":70251,""adm2_name"":""Thiruvallur""},{""adm2_code"":70255,""adm2_name"":""Villupuram""}]","[{""gid_1"":""IND.27_1"",""migration_date"":""2025-12-20"",""migration_method"":""jaccard1"",""name_1"":""Puducherry""},{""gid_2"":""IND.2.13_1"",""migration_date"":""2025-12-20"",""migration_method"":""jaccard2"",""name_2"":""Y.S.R.""},{""gid_2"":""IND.2.2_1"",""migration_date"":""2025-12-20"",""migration_method"":""jaccard2"",""name_2"":""Chittoor""},{""gid_2"":""IND.2.7_1"",""migration_date"":""2025-12-20"",""migration_method"":""jaccard2"",""name_2"":""Nellore""},{""gid_2"":""IND.2.8_1"",""migration_date"":""2025-12-20"",""migration_method"":""jaccard2"",""name_2"":""Prakasam""},{""gid_2"":""IND.31.13_1"",""migration_date"":""2025-12-20"",""migration_method"":""puzzle2_2"",""name_2"":""Nagappattinam""},{""gid_2"":""IND.31.23_1"",""migration_date"":""2025-12-20"",""migration_method"":""jaccard2"",""name_2"":""Thiruvallur""},{""gid_2"":""IND.31.24_1"",""migration_date"":""2025-12-20"",""migration_method"":""puzzle2_2"",""name_2"":""Thiruvarur""},{""gid_2"":""IND.31.2_1"",""migration_date"":""2025-12-20"",""migration_method"":""jaccard2"",""name_2"":""Chennai""},{""gid_2"":""IND.31.31_1"",""migration_date"":""2025-12-20"",""migration_method"":""jaccard2"",""name_2"":""Viluppuram""},{""gid_2"":""IND.31.4_1"",""migration_date"":""2025-12-20"",""migration_method"":""jaccard2"",""name_2"":""Cuddalore""},{""gid_2"":""IND.31.8_1"",""migration_date"":""2025-12-20"",""migration_method"":""jaccard2"",""name_2"":""Kancheepuram""}]",2015-11-16,2025-12-20
2016-0267-IND,No,nat-hyd-flo-fla,Natural,Hydrological,Flood,Flash flood,,,IND,India,Southern Asia,Asia,"Lakhimpur, Golaghat, Jorhat, Barpeta, Bongaigaon, Goalpara, Dhubri, Marigaon, Darrang, Nalbari districts (Assam province)",Monsoonal rain,,No,No,No,,,Km2,,,"Brahmaputra, Barak Rivers",2016,7,28.0,2016,7,30.0,50.0,,,2000000.0,2000000.0,,,,,150000.0,201208.0,74.54960298643441,"[{""adm2_code"":17576,""adm2_name"":""Barpeta""},{""adm2_code"":17578,""adm2_name"":""Darrang""},{""adm2_code"":17579,""adm2_name"":""Dhuburi""},{""adm2_code"":17581,""adm2_name"":""Goalpara""},{""adm2_code"":17582,""adm2_name"":""Golaghat""},{""adm2_code"":17590,""adm2_name"":""Nalbari""},{""adm2_code"":70086,""adm2_name"":""Bongaigaon""},{""adm2_code"":70089,""adm2_name"":""Jorhat""},{""adm2_code"":70091,""adm2_name"":""Lakhimpur""},{""adm2_code"":70092,""adm2_name"":""Marigaon""}]","[{""gid_1"":""IND.4_1"",""migration_date"":""2025-12-20"",""migration_method"":""parent2_1"",""name_1"":""Assam""}]",2016-08-04,2025-12-20
2017-0364-IND,No,nat-hyd-flo-fla,Natural,Hydrological,Flood,Flash flood,,,IND,India,Southern Asia,Asia,"Mumbai (Dadar, Khar, Bandra, Lalbaug, Kalina, Sion, Byculla, Matunga, Wadala, Parel, Khar-Danda, Pali Hill, Carter Road, Bandra, Ghatkopar, Bhandup, Mulund, and Santacruz), Thane (Maharashtra)",Torrential rains,,No,No,No,,,Km2,,,,2017,8,29.0,2017,8,29.0,14.0,12.0,,,12.0,,,78000.0,102446.0,300000.0,394023.0,76.13760370577658,"[{""adm2_code"":17783,""adm2_name"":""Thane""},{""adm2_code"":70183,""adm2_name"":""Mumbai Suburban""},{""adm2_code"":70184,""adm2_name"":""Mumbai city""}]","[{""gid_2"":""IND.20.17_1"",""migration_date"":""2025-12-20"",""migration_method"":""jaccard2"",""name_2"":""Mumbai City""},{""gid_2"":""IND.20.18_1"",""migration_date"":""2025-12-20"",""migration_method"":""jaccard2"",""name_2"":""Mumbai Suburban""},{""gid_2"":""IND.20.24_1"",""migration_date"":""2025-12-20"",""migration_method"":""puzzle2_2"",""name_2"":""Palghar""},{""gid_2"":""IND.20.33_1"",""migration_date"":""2025-12-20"",""migration_method"":""puzzle2_2"",""name_2"":""Thane""}]",2017-08-29,2025-12-20
2018-0205-IND,No,nat-hyd-flo-flo,Natural,Hydrological,Flood,Flood (General),,,IND,India,Southern Asia,Asia,"Assam, Maharashtra, Gujarat",Monsoonal rain,,No,No,No,,,Km2,,,,2018,6,22.0,2018,7,3.0,52.0,,,,,,,,,,,77.99726518795474,"[{""adm1_code"":1487,""adm1_name"":""Assam""},{""adm1_code"":1491,""adm1_name"":""Gujarat""},{""adm1_code"":1498,""adm1_name"":""Maharashtra""}]","[{""gid_1"":""IND.11_1"",""migration_date"":""2025-12-20"",""migration_method"":""jaccard1"",""name_1"":""Gujarat""},{""gid_1"":""IND.20_1"",""migration_date"":""2025-12-20"",""migration_method"":""jaccard1"",""name_1"":""Maharashtra""},{""gid_1"":""IND.4_1"",""migration_date"":""2025-12-20"",""migration_method"":""jaccard1"",""name_1"":""Assam""}]",2018-07-19,2025-12-20
2018-0213-IND,No,nat-hyd-flo-fla,Natural,Hydrological,Flood,Flash flood,,,IND,India,Southern Asia,Asia,Tripura state,Heavy rains,,No,No,No,,,Km2,,,,2018,5,17.0,2018,5,20.0,15.0,24.0,11704.0,,11728.0,,,,,10000.0,12821.0,77.99726518795474,"[{""adm1_code"":1509,""adm1_name"":""Tripura""}]","[{""gid_1"":""IND.33_1"",""migration_date"":""2025-12-20"",""migration_method"":""jaccard1"",""name_1"":""Tripura""}]",2018-07-20,2025-12-20
2018-0295-IND,No,nat-hyd-flo-fla,Natural,Hydrological,Flood,Flash flood,GLIDE:FL-2018-000134,,IND,India,Southern Asia,Asia,"Thrissur, Chengannur (Kerala state); West Bengal, Odisha, Assam, Nagaland, Uttar Pradesh, Himachal Pradesh, Maharashtra states",Monsoonal rains,"Broken Dam/Burst bank|Slide (land, mud, snow, rock)",No,No,No,,,Km2,,,,2018,8,7.0,2018,8,20.0,504.0,,23000000.0,220000.0,23220000.0,,,,,2852480.0,3657154.0,77.99726518795474,"[{""adm1_code"":1487,""adm1_name"":""Assam""},{""adm1_code"":1493,""adm1_name"":""Himachal Pradesh""},{""adm1_code"":1498,""adm1_name"":""Maharashtra""},{""adm1_code"":1503,""adm1_name"":""Nagaland""},{""adm1_code"":1504,""adm1_name"":""Orissa""},{""adm1_code"":1511,""adm1_name"":""West Bengal""},{""adm1_code"":70081,""adm1_name"":""Uttar Pradesh""},{""adm2_code"":17708,""adm2_name"":""Thrissur""},{""adm2_code"":70298,""adm2_name"":""Alappuzha""}]","[{""gid_1"":""IND.13_1"",""migration_date"":""2025-12-20"",""migration_method"":""jaccard1"",""name_1"":""Himachal Pradesh""},{""gid_1"":""IND.20_1"",""migration_date"":""2025-12-20"",""migration_method"":""jaccard1"",""name_1"":""Maharashtra""},{""gid_1"":""IND.24_1"",""migration_date"":""2025-12-20"",""migration_method"":""jaccard1"",""name_1"":""Nagaland""},{""gid_1"":""IND.26_1"",""migration_date"":""2025-12-20"",""migration_method"":""jaccard1"",""name_1"":""Odisha""},{""gid_1"":""IND.34_1"",""migration_date"":""2025-12-20"",""migration_method"":""jaccard1"",""name_1"":""Uttar Pradesh""},{""gid_1"":""IND.36_1"",""migration_date"":""2025-12-20"",""migration_method"":""jaccard1"",""name_1"":""West Bengal""},{""gid_1"":""IND.4_1"",""migration_date"":""2025-12-20"",""migration_method"":""jaccard1"",""name_1"":""Assam""},{""gid_2"":""IND.17.13_1"",""migration_date"":""2025-12-20"",""migration_method"":""jaccard2"",""name_2"":""Thrissur""},{""gid_2"":""IND.17.1_1"",""migration_date"":""2025-12-20"",""migration_method"":""jaccard2"",""name_2"":""Alappuzha""}]",2018-08-13,2025-12-20
2019-0288-IND,No,nat-hyd-flo-flo,Natural,Hydrological,Flood,Flood (General),,,IND,India,Southern Asia,Asia,"Mumbai, Pune, Ratnagiri Districts (Maharashtra State)",Monsoon,Broken Dam/Burst bank,No,No,No,,,Km2,,,,2019,6,28.0,2019,7,4.0,52.0,60.0,,,60.0,,,,,,,79.41078460433721,"[{""adm2_code"":17776,""adm2_name"":""Pune""},{""adm2_code"":17778,""adm2_name"":""Ratnagiri""},{""adm2_code"":70184,""adm2_name"":""Mumbai city""}]","[{""gid_2"":""IND.20.17_1"",""migration_date"":""2025-12-20"",""migration_method"":""jaccard2"",""name_2"":""Mumbai City""},{""gid_2"":""IND.20.26_1"",""migration_date"":""2025-12-20"",""migration_method"":""jaccard2"",""name_2"":""Pune""},{""gid_2"":""IND.20.28_1"",""migration_date"":""2025-12-20"",""migration_method"":""jaccard2"",""name_2"":""Ratnagiri""}]",2019-07-05,2025-12-20
2019-0499-IND,No,nat-hyd-flo-flo,Natural,Hydrological,Flood,Flood (General),,,IND,India,Southern Asia,Asia,"Belagavi, Gadag, Koppal districts (Karnataka); Kerala, Tamil Nadu states",Monsoon rain,"Slide (land, mud, snow, rock)",No,No,No,,,Km2,,,,2019,10,19.0,2019,10,23.0,12.0,,27500.0,,27500.0,,,,,,,79.41078460433721,"[{""adm1_code"":1495,""adm1_name"":""Kerala""},{""adm1_code"":1508,""adm1_name"":""Tamil Nadu""},{""adm2_code"":17679,""adm2_name"":""Belgaum""},{""adm2_code"":70163,""adm2_name"":""Gadag""},{""adm2_code"":70165,""adm2_name"":""Koppal""}]","[{""gid_1"":""IND.17_1"",""migration_date"":""2025-12-20"",""migration_method"":""jaccard1"",""name_1"":""Kerala""},{""gid_1"":""IND.31_1"",""migration_date"":""2025-12-20"",""migration_method"":""jaccard1"",""name_1"":""Tamil Nadu""},{""gid_2"":""IND.16.15_1"",""migration_date"":""2025-12-20"",""migration_method"":""jaccard2"",""name_2"":""Gadag""},{""gid_2"":""IND.16.21_1"",""migration_date"":""2025-12-20"",""migration_method"":""jaccard2"",""name_2"":""Koppal""},{""gid_2"":""IND.16.4_1"",""migration_date"":""2025-12-20"",""migration_method"":""jaccard2"",""name_2"":""Belgaum""}]",2019-10-24,2025-12-20
2019-0574-IND,No,nat-hyd-flo-flo,Natural,Hydrological,Flood,Flood (General),,,IND,India,Southern Asia,Asia,"Coimbatore, Cuddalore, Nagapattinam, Thoothukkudi Districts (Tamil Nadu); Pudducherry",Heavy rains,,No,No,No,,,Km2,,,,2019,11,29.0,2019,12,4.0,27.0,,25000.0,,25000.0,,,,,,,79.41078460433721,"[{""adm1_code"":70080,""adm1_name"":""Puducherry""},{""adm2_code"":17866,""adm2_name"":""Thoothukudi""},{""adm2_code"":17867,""adm2_name"":""Coimbatore""},{""adm2_code"":70243,""adm2_name"":""Cuddalore""},{""adm2_code"":70247,""adm2_name"":""Nagapattinam""}]","[{""gid_1"":""IND.27_1"",""migration_date"":""2025-12-20"",""migration_method"":""jaccard1"",""name_1"":""Puducherry""},{""gid_2"":""IND.31.13_1"",""migration_date"":""2025-12-20"",""migration_method"":""puzzle2_2"",""name_2"":""Nagappattinam""},{""gid_2"":""IND.31.24_1"",""migration_date"":""2025-12-20"",""migration_method"":""puzzle2_2"",""name_2"":""Thiruvarur""},{""gid_2"":""IND.31.25_1"",""migration_date"":""2025-12-20"",""migration_method"":""jaccard2"",""name_2"":""Thoothukkudi""},{""gid_2"":""IND.31.28_1"",""migration_date"":""2025-12-20"",""migration_method"":""puzzle2_2"",""name_2"":""Tiruppur""},{""gid_2"":""IND.31.3_1"",""migration_date"":""2025-12-20"",""migration_method"":""puzzle2_2"",""name_2"":""Coimbatore""},{""gid_2"":""IND.31.4_1"",""migration_date"":""2025-12-20"",""migration_method"":""jaccard2"",""name_2"":""Cuddalore""}]",2019-12-04,2025-12-20
2020-0198-IND,No,nat-hyd-flo-flo,Natural,Hydrological,Flood,Flood (General),,,IND,India,Southern Asia,Asia,Uttar Pradesh State,Heavy rains,,No,No,No,,,Km2,,,,2020,5,10.0,2020,5,13.0,29.0,,,,,,,,,10000.0,12439.0,80.39038300821143,"[{""adm1_code"":70081,""adm1_name"":""Uttar Pradesh""}]","[{""gid_1"":""IND.34_1"",""migration_date"":""2025-12-20"",""migration_method"":""jaccard1"",""name_1"":""Uttar Pradesh""}]",2020-05-13,2025-12-20
2020-0304-IND,No,nat-hyd-flo-flo,Natural,Hydrological,Flood,Flood (General),,,IND,India,Southern Asia,Asia,"Assam, Bihar, Gujarat, Chhattisgarh, Kerala, Karnataka, Madhya Pradesh, Odisha, Uttar Pradesh, West Bengal, Arunachal Pradesh, Maharashtraa.",Monsoon rain,"Slide (land, mud, snow, rock)",No,No,No,,,Km2,,,,2020,6,,2020,8,16.0,1922.0,,1300000.0,,1300000.0,,,800000.0,995144.0,7500000.0,9329474.0,80.39038300821143,"[{""adm1_code"":1487,""adm1_name"":""Assam""},{""adm1_code"":1491,""adm1_name"":""Gujarat""},{""adm1_code"":1494,""adm1_name"":""Karnataka""},{""adm1_code"":1495,""adm1_name"":""Kerala""},{""adm1_code"":1498,""adm1_name"":""Maharashtra""},{""adm1_code"":1504,""adm1_name"":""Orissa""},{""adm1_code"":1511,""adm1_name"":""West Bengal""},{""adm1_code"":70072,""adm1_name"":""Arunachal Pradesh""},{""adm1_code"":70073,""adm1_name"":""Bihar""},{""adm1_code"":70075,""adm1_name"":""Chhattisgarh""},{""adm1_code"":70079,""adm1_name"":""Madhya Pradesh""},{""adm1_code"":70081,""adm1_name"":""Uttar Pradesh""}]","[{""gid_1"":""IND.11_1"",""migration_date"":""2025-12-20"",""migration_method"":""jaccard1"",""name_1"":""Gujarat""},{""gid_1"":""IND.16_1"",""migration_date"":""2025-12-20"",""migration_method"":""jaccard1"",""name_1"":""Karnataka""},{""gid_1"":""IND.17_1"",""migration_date"":""2025-12-20"",""migration_method"":""jaccard1"",""name_1"":""Kerala""},{""gid_1"":""IND.19_1"",""migration_date"":""2025-12-20"",""migration_method"":""jaccard1"",""name_1"":""Madhya Pradesh""},{""gid_1"":""IND.20_1"",""migration_date"":""2025-12-20"",""migration_method"":""jaccard1"",""name_1"":""Maharashtra""},{""gid_1"":""IND.26_1"",""migration_date"":""2025-12-20"",""migration_method"":""jaccard1"",""name_1"":""Odisha""},{""gid_1"":""IND.34_1"",""migration_date"":""2025-12-20"",""migration_method"":""jaccard1"",""name_1"":""Uttar Pradesh""},{""gid_1"":""IND.36_1"",""migration_date"":""2025-12-20"",""migration_method"":""jaccard1"",""name_1"":""West Bengal""},{""gid_1"":""IND.3_1"",""migration_date"":""2025-12-20"",""migration_method"":""jaccard1"",""name_1"":""Arunachal Pradesh""},{""gid_1"":""IND.4_1"",""migration_date"":""2025-12-20"",""migration_method"":""jaccard1"",""name_1"":""Assam""},{""gid_1"":""IND.5_1"",""migration_date"":""2025-12-20"",""migration_method"":""jaccard1"",""name_1"":""Bihar""},{""gid_1"":""IND.7_1"",""migration_date"":""2025-12-20"",""migration_method"":""jaccard1"",""name_1"":""Chhattisgarh""}]",2020-08-04,2025-12-20
2021-0316-IND,No,nat-hyd-flo-flo,Natural,Hydrological,Flood,Flood (General),,,IND,India,Southern Asia,Asia,"Bihar, Uttar Pradesh, Gujarat, Kerala, Karnataka, Uttarakhand, Maharashtra, Chhattisgarh, West Bengal, and Tripura states",Heavy rains,,No,No,No,,,Km2,,,,2021,6,1.0,2021,6,30.0,59.0,,1000.0,,1000.0,,,,,100000.0,118811.0,84.16698295725244,"[{""adm1_code"":1491,""adm1_name"":""Gujarat""},{""adm1_code"":1494,""adm1_name"":""Karnataka""},{""adm1_code"":1495,""adm1_name"":""Kerala""},{""adm1_code"":1498,""adm1_name"":""Maharashtra""},{""adm1_code"":1509,""adm1_name"":""Tripura""},{""adm1_code"":1511,""adm1_name"":""West Bengal""},{""adm1_code"":70073,""adm1_name"":""Bihar""},{""adm1_code"":70075,""adm1_name"":""Chhattisgarh""},{""adm1_code"":70081,""adm1_name"":""Uttar Pradesh""},{""adm1_code"":70082,""adm1_name"":""Uttarakhand""}]","[{""gid_1"":""IND.11_1"",""migration_date"":""2025-12-20"",""migration_method"":""jaccard1"",""name_1"":""Gujarat""},{""gid_1"":""IND.16_1"",""migration_date"":""2025-12-20"",""migration_method"":""jaccard1"",""name_1"":""Karnataka""},{""gid_1"":""IND.17_1"",""migration_date"":""2025-12-20"",""migration_method"":""jaccard1"",""name_1"":""Kerala""},{""gid_1"":""IND.20_1"",""migration_date"":""2025-12-20"",""migration_method"":""jaccard1"",""name_1"":""Maharashtra""},{""gid_1"":""IND.33_1"",""migration_date"":""2025-12-20"",""migration_method"":""jaccard1"",""name_1"":""Tripura""},{""gid_1"":""IND.34_1"",""migration_date"":""2025-12-20"",""migration_method"":""jaccard1"",""name_1"":""Uttar Pradesh""},{""gid_1"":""IND.35_1"",""migration_date"":""2025-12-20"",""migration_method"":""jaccard1"",""name_1"":""Uttarakhand""},{""gid_1"":""IND.36_1"",""migration_date"":""2025-12-20"",""migration_method"":""jaccard1"",""name_1"":""West Bengal""},{""gid_1"":""IND.5_1"",""migration_date"":""2025-12-20"",""migration_method"":""jaccard1"",""name_1"":""Bihar""},{""gid_1"":""IND.7_1"",""migration_date"":""2025-12-20"",""migration_method"":""jaccard1"",""name_1"":""Chhattisgarh""}]",2021-06-22,2025-12-20
2021-0585-IND,No,nat-hyd-flo-flo,Natural,Hydrological,Flood,Flood (General),,,IND,India,Southern Asia,Asia,"Rajkot, Jamnagar, Porbandar, Valsad, Junagadh districts (Gujarat state)",Heavy rains,Broken Dam/Burst bank,No,No,No,,,Km2,,,,2021,9,13.0,2021,9,15.0,7.0,,850000.0,,850000.0,,,,,,,84.16698295725244,"[{""adm2_code"":17641,""adm2_name"":""Jamnagar""},{""adm2_code"":17642,""adm2_name"":""Junagadh""},{""adm2_code"":17647,""adm2_name"":""Rajkot""},{""adm2_code"":17653,""adm2_name"":""Valsad""},{""adm2_code"":70130,""adm2_name"":""Porbandar""}]","[{""gid_2"":""IND.11.11_1"",""migration_date"":""2025-12-20"",""migration_method"":""puzzle2_2"",""name_2"":""Devbhumi Dwarka""},{""gid_2"":""IND.11.13_1"",""migration_date"":""2025-12-20"",""migration_method"":""puzzle2_2"",""name_2"":""Gir Somnath""},{""gid_2"":""IND.11.14_1"",""migration_date"":""2025-12-20"",""migration_method"":""puzzle2_2"",""name_2"":""Jamnagar""},{""gid_2"":""IND.11.15_1"",""migration_date"":""2025-12-20"",""migration_method"":""puzzle2_2"",""name_2"":""Junagadh""},{""gid_2"":""IND.11.20_1"",""migration_date"":""2025-12-20"",""migration_method"":""puzzle2_2"",""name_2"":""Morbi""},{""gid_2"":""IND.11.25_1"",""migration_date"":""2025-12-20"",""migration_method"":""jaccard2"",""name_2"":""Porbandar""},{""gid_2"":""IND.11.26_1"",""migration_date"":""2025-12-20"",""migration_method"":""puzzle2_2"",""name_2"":""Rajkot""},{""gid_2"":""IND.11.33_1"",""migration_date"":""2025-12-20"",""migration_method"":""jaccard2"",""name_2"":""Valsad""}]",2021-09-15,2025-12-20
2021-0722-IND,No,nat-hyd-flo-flo,Natural,Hydrological,Flood,Flood (General),GLIDE:FL-2021-000172,,IND,India,Southern Asia,Asia,Tamil Nadu,Heavy rains,,No,No,No,,,Km2,,,,2021,11,6.0,2021,11,8.0,14.0,,11000.0,,11000.0,,,,,,,84.16698295725244,"[{""adm1_code"":1508,""adm1_name"":""Tamil Nadu""}]","[{""gid_1"":""IND.31_1"",""migration_date"":""2025-12-20"",""migration_method"":""jaccard1"",""name_1"":""Tamil Nadu""}]",2021-11-08,2025-12-20
2021-0748-IND,No,nat-hyd-flo-flo,Natural,Hydrological,Flood,Flood (General),,,IND,India,Southern Asia,Asia,"Chittoor, Kadapa, Anantapur, Nellore districts (Andhra Pradesh)",Heavy rains,Broken Dam/Burst bank,No,No,Yes,,,Km2,,,,2021,11,18.0,2021,11,19.0,62.0,,74500.0,,74500.0,,,,,,,84.16698295725244,"[{""adm2_code"":17548,""adm2_name"":""Anantapur""},{""adm2_code"":17549,""adm2_name"":""Chittoor""},{""adm2_code"":17550,""adm2_name"":""Cuddapah""},{""adm2_code"":17561,""adm2_name"":""Nellore""}]","[{""gid_2"":""IND.2.13_1"",""migration_date"":""2025-12-20"",""migration_method"":""jaccard2"",""name_2"":""Y.S.R.""},{""gid_2"":""IND.2.1_1"",""migration_date"":""2025-12-20"",""migration_method"":""jaccard2"",""name_2"":""Anantapur""},{""gid_2"":""IND.2.2_1"",""migration_date"":""2025-12-20"",""migration_method"":""jaccard2"",""name_2"":""Chittoor""},{""gid_2"":""IND.2.7_1"",""migration_date"":""2025-12-20"",""migration_method"":""jaccard2"",""name_2"":""Nellore""}]",2021-11-23,2025-12-20
2020-0446-IND,No,nat-hyd-flo-flo,Natural,Hydrological,Flood,Flood (General),,,IND,India,Southern Asia,Asia,"Hyderabad, Telangana, Andhra Pradesh, Karnataka, South Odisha states",Heavy rains,,No,No,No,,,Km2,,,,2020,10,1.0,2020,10,26.0,152.0,,150000.0,,150000.0,,,,,4000000.0,4975720.0,80.39038300821143,"[{""adm1_code"":1485,""adm1_name"":""Andhra Pradesh""},{""adm1_code"":1494,""adm1_name"":""Karnataka""},{""adm2_code"":17811,""adm2_name"":""Ganjam""},{""adm2_code"":17812,""adm2_name"":""Kalahandi""},{""adm2_code"":17814,""adm2_name"":""Koraput""},{""adm2_code"":70211,""adm2_name"":""Boudh""},{""adm2_code"":70213,""adm2_name"":""Gajapati""},{""adm2_code"":70217,""adm2_name"":""Kandhamal""},{""adm2_code"":70220,""adm2_name"":""Malkangiri""},{""adm2_code"":70221,""adm2_name"":""Nabarangpur""},{""adm2_code"":70223,""adm2_name"":""Nuapada""},{""adm2_code"":70224,""adm2_name"":""Rayagada""}]","[{""gid_1"":""IND.16_1"",""migration_date"":""2025-12-20"",""migration_method"":""jaccard1"",""name_1"":""Karnataka""},{""gid_1"":""IND.2_1"",""migration_date"":""2025-12-20"",""migration_method"":""puzzle1_1"",""name_1"":""Andhra Pradesh""},{""gid_1"":""IND.32_1"",""migration_date"":""2025-12-20"",""migration_method"":""puzzle1_1"",""name_1"":""Telangana""},{""gid_2"":""IND.26.10_1"",""migration_date"":""2025-12-20"",""migration_method"":""jaccard2"",""name_2"":""Gajapati""},{""gid_2"":""IND.26.11_1"",""migration_date"":""2025-12-20"",""migration_method"":""jaccard2"",""name_2"":""Ganjam""},{""gid_2"":""IND.26.15_1"",""migration_date"":""2025-12-20"",""migration_method"":""jaccard2"",""name_2"":""Kalahandi""},{""gid_2"":""IND.26.16_1"",""migration_date"":""2025-12-20"",""migration_method"":""jaccard2"",""name_2"":""Kandhamal""},{""gid_2"":""IND.26.20_1"",""migration_date"":""2025-12-20"",""migration_method"":""jaccard2"",""name_2"":""Koraput""},{""gid_2"":""IND.26.21_1"",""migration_date"":""2025-12-20"",""migration_method"":""jaccard2"",""name_2"":""Malkangiri""},{""gid_2"":""IND.26.23_1"",""migration_date"":""2025-12-20"",""migration_method"":""jaccard2"",""name_2"":""Nabarangapur""},{""gid_2"":""IND.26.25_1"",""migration_date"":""2025-12-20"",""migration_method"":""jaccard2"",""name_2"":""Nuapada""},{""gid_2"":""IND.26.27_1"",""migration_date"":""2025-12-20"",""migration_method"":""jaccard2"",""name_2"":""Rayagada""},{""gid_2"":""IND.26.5_1"",""migration_date"":""2025-12-20"",""migration_method"":""jaccard2"",""name_2"":""Bauda""}]",2020-10-16,2025-12-20
2021-0366-IND,No,nat-hyd-flo-flo,Natural,Hydrological,Flood,Flood (General),GLIDE:FL-2021-000093,,IND,India,Southern Asia,Asia,"Bongaigaon, Dhemaji and Dibrugarh districts (Assam state)",Heavy rains,,No,No,No,,,Km2,,,,2021,7,1.0,2021,7,1.0,,,7587.0,,7587.0,,,,,,,84.16698295725244,"[{""adm2_code"":17580,""adm2_name"":""Dibrugarh""},{""adm2_code"":70086,""adm2_name"":""Bongaigaon""},{""adm2_code"":70087,""adm2_name"":""Dhemaji""}]","[{""gid_2"":""IND.4.3_1"",""migration_date"":""2025-12-20"",""migration_method"":""puzzle2_2"",""name_2"":""Bongaigaon""},{""gid_2"":""IND.4.5_1"",""migration_date"":""2025-12-20"",""migration_method"":""puzzle2_2"",""name_2"":""Chirang""},{""gid_2"":""IND.4.7_1"",""migration_date"":""2025-12-20"",""migration_method"":""jaccard2"",""name_2"":""Dhemaji""},{""gid_2"":""IND.4.9_1"",""migration_date"":""2025-12-20"",""migration_method"":""jaccard2"",""name_2"":""Dibrugarh""}]",2021-07-01,2025-12-20
2021-0458-IND,No,nat-hyd-flo-fla,Natural,Hydrological,Flood,Flash flood,,,IND,India,Southern Asia,Asia,"Himachal Pradesh, Union Territories of Jammu and Kashmir and Ladakh",,,No,No,No,,,Km2,,,,2021,7,28.0,2021,7,29.0,37.0,17.0,105.0,,122.0,,,,,,,84.16698295725244,"[{""adm1_code"":1493,""adm1_name"":""Himachal Pradesh""},{""adm1_code"":40422,""adm1_name"":""Administrative unit not available""},{""adm1_code"":40423,""adm1_name"":""Administrative unit not available""}]","[{""gid_1"":""IND.13_1"",""migration_date"":""2025-12-20"",""migration_method"":""jaccard1"",""name_1"":""Himachal Pradesh""},{""gid_2"":""Z01.14.13_1"",""migration_date"":""2025-12-20"",""migration_method"":""puzzle1_2"",""name_2"":""Leh (Ladakh)""},{""gid_2"":""Z01.14.8_1"",""migration_date"":""2025-12-20"",""migration_method"":""puzzle1_2"",""name_2"":""Kargil""}]",2021-07-29,2025-12-20
2021-0681-IND,No,nat-hyd-flo-flo,Natural,Hydrological,Flood,Flood (General),,,IND,India,Southern Asia,Asia,Nainital (Uttarakhand state),Heavy rain,"Slide (land, mud, snow, rock)",No,No,No,,,Km2,,,,2021,10,18.0,2021,10,19.0,57.0,17.0,1385.0,,1402.0,,,,,,,84.16698295725244,"[{""adm2_code"":70285,""adm2_name"":""Naini Tal""}]","[{""gid_2"":""IND.35.8_1"",""migration_date"":""2025-12-20"",""migration_method"":""jaccard2"",""name_2"":""Nainital""}]",2021-10-21,2025-12-20
2024-0561-IND,No,nat-hyd-flo-flo,Natural,Hydrological,Flood,Flood (General),,,IND,India,Southern Asia,Asia,"Mandi, Kullu, Shimla districts (Himachal Pradesh)",Heavy rains,,No,No,No,,,Km2,,,,2024,7,31.0,2024,8,23.0,46.0,,,,,,,,,,,97.43617561613397,,,2024-08-01,2025-03-18
2022-0539-IND,No,nat-hyd-flo-flo,Natural,Hydrological,Flood,Flood (General),,,IND,India,Southern Asia,Asia,"Himachal Pradesh, Uttarakhand and Jharkhand States",,"Slide (land, mud, snow, rock)",No,No,No,,,Km2,,,,2022,8,,2022,8,22.0,63.0,,800000.0,,800000.0,,,,,,,90.9026974595266,"[{""adm1_code"":1493,""adm1_name"":""Himachal Pradesh""},{""adm1_code"":70078,""adm1_name"":""Jharkhand""},{""adm1_code"":70082,""adm1_name"":""Uttarakhand""}]","[{""gid_1"":""IND.13_1"",""migration_date"":""2025-12-20"",""migration_method"":""jaccard1"",""name_1"":""Himachal Pradesh""},{""gid_1"":""IND.15_1"",""migration_date"":""2025-12-20"",""migration_method"":""jaccard1"",""name_1"":""Jharkhand""},{""gid_1"":""IND.35_1"",""migration_date"":""2025-12-20"",""migration_method"":""jaccard1"",""name_1"":""Uttarakhand""}]",2022-08-22,2025-12-20
2024-0481-IND,No,nat-hyd-flo-flo,Natural,Hydrological,Flood,Flood (General),,,IND,India,Southern Asia,Asia,"Pratapgarh, Sultanpur, Chandauli, Mainpuri, Prayagraj, Auraiya, Deoria, Hathras, Varanasi and Siddharthnagar districts (Uttar Pradesh); Assam",Monsoon rain,Lightening,No,No,No,,,Km2,,,,2024,7,9.0,2024,7,15.0,125.0,20.0,1000000.0,,1000020.0,,,,,,,97.43617561613397,,,2024-07-15,2024-07-23
2024-0624-IND,No,nat-hyd-flo-fla,Natural,Hydrological,Flood,Flash flood,GLIDE:FF-2024-000154,,IND,India,Southern Asia,Asia,Tripura state,Heavy rains,,No,No,No,,,Km2,,,,2024,8,19.0,2024,8,23.0,26.0,,1700000.0,,1700000.0,,,,,,,97.43617561613397,,,2024-08-23,2026-03-12
2024-0647-IND,No,nat-hyd-flo-flo,Natural,Hydrological,Flood,Flood (General),,,IND,India,Southern Asia,Asia,"Gujarat, Maharashtra, Tripura States",Monsoon rains,"Slide (land, mud, snow, rock)|Storm",No,No,No,,,Km2,,,,2024,8,26.0,2024,8,27.0,25.0,23.0,8007150.0,,8007173.0,,,,,,,97.43617561613397,,,2024-08-29,2024-10-22
2025-0751-IND,No,nat-hyd-flo-flo,Natural,Hydrological,Flood,Flood (General),,,IND,India,Southern Asia,Asia,Punjab state,Monsoon rain,"Slide (land, mud, snow, rock)",No,No,No,,,Km2,,,,2025,8,15.0,2025,9,19.0,52.0,,400000.0,,400000.0,,,,,,,100.0,,,2025-09-01,2025-09-26
2025-0859-IND,No,nat-hyd-flo-flo,Natural,Hydrological,Flood,Flood (General),,,IND,India,Southern Asia,Asia,Darjeeling (West Bengal); Bihar states,Heavy rains,"Slide (land, mud, snow, rock)",No,No,No,,,Km2,,,,2025,10,3.0,2025,10,7.0,32.0,13.0,,2500.0,2513.0,,,,,2200.0,2200.0,100.0,,,2025-10-07,2025-10-20
2015-0107-IND,No,nat-hyd-flo-fla,Natural,Hydrological,Flood,Flash flood,DFO:4239|GLIDE:FL-2015-000029,,IND,India,Southern Asia,Asia,"Chadoora village (72811 district, Jammu and Kashmir province)",Heavy rains,"Slide (land, mud, snow, rock)",No,No,No,,70287.98,Km2,33.1767,76.41,Jhelum river,2015,3,20.0,2015,3,31.0,44.0,25.0,,2097.0,2122.0,,,,,76000.0,103232.0,73.62080293658643,"[{""adm2_code"":72811,""adm2_name"":""Administrative unit not available""}]",,2015-04-01,2023-09-25
2015-0207-IND,No,nat-hyd-flo-fla,Natural,Hydrological,Flood,Flash flood,DFO:4251,,IND,India,Southern Asia,Asia,"Bhadrairuppu village (Virudhunagar district, Tamil Nadu province)",Torrential rain,,No,No,No,,14179.0,Km2,10.7121,79.18,,2015,5,17.0,2015,5,21.0,8.0,,200.0,,200.0,,,,,,,73.62080293658643,"[{""adm2_code"":17869,""adm2_name"":""Virudhunagar""}]","[{""gid_2"":""IND.31.32_1"",""migration_date"":""2025-12-20"",""migration_method"":""jaccard2"",""name_2"":""Virudunagar""}]",2015-06-04,2025-12-20
2015-0374-IND,No,nat-hyd-flo-flo,Natural,Hydrological,Flood,Flood (General),DFO:4288,,IND,India,Southern Asia,Asia,Assam province,Monsoonal rain,,No,No,No,,69190.14,Km2,26.8946,93.75,Brahmaputra river,2015,8,13.0,2015,8,19.0,5.0,,18000.0,,18000.0,,,,,,,73.62080293658643,"[{""adm1_code"":1487,""adm1_name"":""Assam""}]","[{""gid_1"":""IND.4_1"",""migration_date"":""2025-12-20"",""migration_method"":""jaccard1"",""name_1"":""Assam""}]",2015-08-24,2025-12-20
2017-0294-IND,No,nat-hyd-flo-flo,Natural,Hydrological,Flood,Flood (General),,,IND,India,Southern Asia,Asia,"Banaskantha, Valsad, Navsari, Surat, Sabarkantha, Patan (Gujarat), Barmer, Jalore, Udaipur, Sirohi, Pali (Rajasthan), Kolkata (West Bengal)",Monsoon,,No,No,No,,,Km2,,,Banas river,2017,6,,2017,8,,284.0,,520000.0,,520000.0,,,,,250000.0,328353.0,76.13760370577658,,,2017-07-31,2023-09-25
2017-0257-IND,No,nat-hyd-flo-flo,Natural,Hydrological,Flood,Flood (General),,,IND,India,Southern Asia,Asia,Gujarat,Monsoon rains,,No,No,No,,,Km2,,,,2017,6,1.0,2017,6,30.0,31.0,,,,,,,,,,,76.13760370577658,"[{""adm1_code"":1491,""adm1_name"":""Gujarat""}]","[{""gid_1"":""IND.11_1"",""migration_date"":""2025-12-20"",""migration_method"":""jaccard1"",""name_1"":""Gujarat""}]",2017-07-17,2025-12-20
2017-0289-IND,No,nat-hyd-flo-riv,Natural,Hydrological,Flood,Riverine flood,GLIDE:FL-2017-000064,,IND,India,Southern Asia,Asia,"Lakhimpur, Bangaigaon, Jorhat, Golaghat, Cachar, Dhemjai, Biswanath, Karimganj, Barpeta, Karbi Anglong, Sonitpur, Darrang, Hojai (Sub Division), Bhuragaon (Sub Division), Majuli, Nagaon, Nalbari, Sivasagar, Morigaon, Chirang, Dibrugarh, Dhubri, Kokrajhar, South Salmara, Charaideo, Goalpara districts (Assam)",Monsoon rainfall,,No,No,No,,,Km2,,,Brahmaputra and Barak,2017,6,25.0,2017,7,24.0,75.0,,1735000.0,,1735000.0,,,,,,,76.13760370577658,"[{""adm2_code"":17576,""adm2_name"":""Barpeta""},{""adm2_code"":17577,""adm2_name"":""Cachar""},{""adm2_code"":17578,""adm2_name"":""Darrang""},{""adm2_code"":17579,""adm2_name"":""Dhuburi""},{""adm2_code"":17580,""adm2_name"":""Dibrugarh""},{""adm2_code"":17581,""adm2_name"":""Goalpara""},{""adm2_code"":17582,""adm2_name"":""Golaghat""},{""adm2_code"":17584,""adm2_name"":""Karbi Anglong""},{""adm2_code"":17585,""adm2_name"":""Karimganj""},{""adm2_code"":17589,""adm2_name"":""Nagaon""},{""adm2_code"":17590,""adm2_name"":""Nalbari""},{""adm2_code"":17592,""adm2_name"":""Sibsagar""},{""adm2_code"":17593,""adm2_name"":""Sonitpur""},{""adm2_code"":70086,""adm2_name"":""Bongaigaon""},{""adm2_code"":70087,""adm2_name"":""Dhemaji""},{""adm2_code"":70089,""adm2_name"":""Jorhat""},{""adm2_code"":70090,""adm2_name"":""Kokrajhar""},{""adm2_code"":70091,""adm2_name"":""Lakhimpur""},{""adm2_code"":70092,""adm2_name"":""Marigaon""}]","[{""gid_1"":""IND.4_1"",""migration_date"":""2025-12-20"",""migration_method"":""parent2_1"",""name_1"":""Assam""}]",2017-07-31,2025-12-20
2019-0383-IND,No,nat-hyd-flo-flo,Natural,Hydrological,Flood,Flood (General),,,IND,India,Southern Asia,Asia,"West Bengal, Kerala, Odisha, Maharashtra",Monsoon rain,,No,No,No,,,Km2,,,,2019,8,12.0,2019,8,15.0,32.0,,17500.0,,17500.0,,,,,,,79.41078460433721,"[{""adm1_code"":1495,""adm1_name"":""Kerala""},{""adm1_code"":1498,""adm1_name"":""Maharashtra""},{""adm1_code"":1504,""adm1_name"":""Orissa""},{""adm1_code"":1511,""adm1_name"":""West Bengal""}]","[{""gid_1"":""IND.17_1"",""migration_date"":""2025-12-20"",""migration_method"":""jaccard1"",""name_1"":""Kerala""},{""gid_1"":""IND.20_1"",""migration_date"":""2025-12-20"",""migration_method"":""jaccard1"",""name_1"":""Maharashtra""},{""gid_1"":""IND.26_1"",""migration_date"":""2025-12-20"",""migration_method"":""jaccard1"",""name_1"":""Odisha""},{""gid_1"":""IND.36_1"",""migration_date"":""2025-12-20"",""migration_method"":""jaccard1"",""name_1"":""West Bengal""}]",2019-08-16,2025-12-20
