event_id,state,district,disaster_type,start_date,end_date,lat,lon,bbox,income_group,event_source,source_record_id
E01,Kerala,Thrissur,flood,2018-08-08,2018-08-23,10.6,76.2,"74.8,8.4,77.6,12.8",Middle,manual_seed,
E02,Bihar,Darbhanga,flood,2019-07-10,2019-07-30,26.2,85.8,"84.0,25.0,87.5,27.5",Low,manual_seed,
E03,Assam,Morigaon,flood,2020-05-25,2020-06-10,26.3,92.3,"90.5,25.5,93.0,27.5",Low,manual_seed,
E04,Telangana,Hyderabad,flood,2020-10-13,2020-10-17,17.4,78.5,"78.0,17.0,79.2,17.8",High,manual_seed,
E05,Maharashtra,Raigad,flood,2021-07-22,2021-07-26,18.5,73.3,"72.8,17.8,74.0,19.0",High,manual_seed,
E06,Uttarakhand,Chamoli,flood,2021-02-07,2021-02-09,30.4,79.5,"79.0,30.0,80.5,31.0",Low,manual_seed,
E07,Uttar Pradesh,Bahraich,flood,2021-08-10,2021-08-28,27.6,81.6,"80.5,26.5,83.0,28.5",Low,manual_seed,
E08,Assam,Cachar,flood,2022-06-15,2022-07-05,24.8,92.8,"92.0,24.0,93.5,25.5",Low,manual_seed,
E09,Karnataka,Bengaluru,flood,2022-09-05,2022-09-07,12.9,77.6,"77.3,12.7,78.0,13.3",High,manual_seed,
E10,Odisha,Balasore,flood,2022-09-16,2022-09-22,21.5,86.9,"85.5,20.5,87.5,22.0",Low,manual_seed,
E11,Himachal Pradesh,Mandi,flood,2023-07-08,2023-07-16,31.7,76.9,"76.0,31.0,77.8,32.5",Low,manual_seed,
E12,Delhi,North West Delhi,flood,2023-07-10,2023-07-14,28.7,77.1,"76.8,28.4,77.6,28.9",High,manual_seed,
E13,Andhra Pradesh,Krishna,flood,2016-07-09,2016-09-29,16.2,80.9,"77.0,12.5,84.8,19.9",Middle,emdat_derived_legacy,
E14,Andhra Pradesh,Krishna,flood,2017-08-16,2017-08-23,16.2,80.9,"77.0,12.5,84.8,19.9",Middle,emdat_derived_legacy,
E15,Andhra Pradesh,Krishna,flood,2020-10-01,2020-10-26,16.2,80.9,"77.0,12.5,84.8,19.9",Middle,emdat_derived_legacy,
E16,Andhra Pradesh,Krishna,flood,2021-10-11,2021-11-19,16.2,80.9,"77.0,12.5,84.8,19.9",Middle,emdat_derived_legacy,
E17,Andhra Pradesh,Krishna,flood,2024-07-09,2024-07-15,16.2,80.9,"77.0,12.5,84.8,19.9",Middle,emdat_derived_legacy,
E18,Arunachal Pradesh,Upper Subansiri,flood,2015-07-07,2015-07-16,28.0,94.45,"91.5,26.5,97.4,29.5",Low,emdat_derived_legacy,
E19,Arunachal Pradesh,Upper Subansiri,flood,2016-04-22,2016-04-25,28.0,94.45,"91.5,26.5,97.4,29.5",Low,emdat_derived_legacy,
E20,Arunachal Pradesh,Upper Subansiri,flood,2016-06-25,2016-07-01,28.0,94.45,"91.5,26.5,97.4,29.5",Low,emdat_derived_legacy,
E21,Arunachal Pradesh,Upper Subansiri,flood,2020-06-01,2020-08-16,28.0,94.45,"91.5,26.5,97.4,29.5",Low,emdat_derived_legacy,
E22,Arunachal Pradesh,Upper Subansiri,flood,2025-05-31,2025-06-01,28.0,94.45,"91.5,26.5,97.4,29.5",Low,emdat_derived_legacy,
E23,Assam,Hojai,flood,2015-08-13,2015-08-30,26.0,92.85,"89.7,24.1,96.0,27.9",Low,emdat_derived_legacy,
E24,Assam,Hojai,flood,2016-04-22,2016-04-25,26.0,92.85,"89.7,24.1,96.0,27.9",Low,emdat_derived_legacy,
E25,Assam,Hojai,flood,2016-06-25,2016-07-30,26.0,92.85,"89.7,24.1,96.0,27.9",Low,emdat_derived_legacy,
E26,Assam,Hojai,flood,2017-06-04,2017-07-24,26.0,92.85,"89.7,24.1,96.0,27.9",Low,emdat_derived_legacy,
E27,Assam,Hojai,flood,2018-06-22,2018-08-20,26.0,92.85,"89.7,24.1,96.0,27.9",Low,emdat_derived_legacy,
E28,Assam,Hojai,flood,2021-07-01,2021-07-01,26.0,92.85,"89.7,24.1,96.0,27.9",Low,emdat_derived_legacy,
E29,Assam,Hojai,flood,2022-05-17,2022-10-31,26.0,92.85,"89.7,24.1,96.0,27.9",Low,emdat_derived_legacy,
E30,Assam,Hojai,flood,2023-06-14,2023-09-07,26.0,92.85,"89.7,24.1,96.0,27.9",Low,emdat_derived_legacy,
E31,Assam,Hojai,flood,2024-05-01,2024-07-15,26.0,92.85,"89.7,24.1,96.0,27.9",Low,emdat_derived_legacy,
E32,Assam,Hojai,flood,2025-05-31,2025-06-01,26.0,92.85,"89.7,24.1,96.0,27.9",Low,emdat_derived_legacy,
E33,Bihar,Samastipur,flood,2016-07-15,2016-09-12,25.9,85.8,"83.3,24.3,88.3,27.5",Low,emdat_derived_legacy,
E34,Bihar,Samastipur,flood,2020-06-01,2020-08-16,25.9,85.8,"83.3,24.3,88.3,27.5",Low,emdat_derived_legacy,
E35,Bihar,Samastipur,flood,2021-06-01,2021-06-30,25.9,85.8,"83.3,24.3,88.3,27.5",Low,emdat_derived_legacy,
E36,Bihar,Samastipur,flood,2022-05-17,2022-10-31,25.9,85.8,"83.3,24.3,88.3,27.5",Low,emdat_derived_legacy,
E37,Bihar,Samastipur,flood,2023-06-25,2023-09-07,25.9,85.8,"83.3,24.3,88.3,27.5",Low,emdat_derived_legacy,
E38,Bihar,Samastipur,flood,2025-10-03,2025-10-07,25.9,85.8,"83.3,24.3,88.3,27.5",Low,emdat_derived_legacy,
E39,Chhattisgarh,Mahasamund,flood,2020-06-01,2020-08-16,20.95,82.3,"80.2,17.8,84.4,24.1",Low,emdat_derived_legacy,
E40,Chhattisgarh,Mahasamund,flood,2021-06-01,2021-06-30,20.95,82.3,"80.2,17.8,84.4,24.1",Low,emdat_derived_legacy,
E41,Chhattisgarh,Mahasamund,flood,2023-06-25,2023-09-07,20.95,82.3,"80.2,17.8,84.4,24.1",Low,emdat_derived_legacy,
E42,Delhi,Delhi,flood,2023-06-25,2023-09-07,28.65,77.2,"76.8,28.4,77.6,28.9",High,emdat_derived_legacy,
E43,Goa,South Goa,flood,2015-08-28,2015-08-30,15.35,74.0,"73.6,14.9,74.4,15.8",High,emdat_derived_legacy,
E44,Goa,South Goa,flood,2016-07-28,2016-07-30,15.35,74.0,"73.6,14.9,74.4,15.8",High,emdat_derived_legacy,
E45,Goa,South Goa,flood,2017-06-25,2017-07-24,15.35,74.0,"73.6,14.9,74.4,15.8",High,emdat_derived_legacy,
E46,Goa,South Goa,flood,2021-06-01,2021-09-30,15.35,74.0,"73.6,14.9,74.4,15.8",High,emdat_derived_legacy,
E47,Gujarat,Surendranagar,flood,2016-08-01,2016-08-03,22.4,71.35,"68.2,20.1,74.5,24.7",High,emdat_derived_legacy,
E48,Gujarat,Surendranagar,flood,2017-06-01,2017-08-28,22.4,71.35,"68.2,20.1,74.5,24.7",High,emdat_derived_legacy,
E49,Gujarat,Surendranagar,flood,2018-06-22,2018-07-03,22.4,71.35,"68.2,20.1,74.5,24.7",High,emdat_derived_legacy,
E50,Gujarat,Surendranagar,flood,2020-06-01,2020-08-16,22.4,71.35,"68.2,20.1,74.5,24.7",High,emdat_derived_legacy,
E51,Gujarat,Surendranagar,flood,2021-06-01,2021-06-30,22.4,71.35,"68.2,20.1,74.5,24.7",High,emdat_derived_legacy,
E52,Gujarat,Surendranagar,flood,2021-09-13,2021-09-15,22.4,71.35,"68.2,20.1,74.5,24.7",High,emdat_derived_legacy,
E53,Gujarat,Surendranagar,flood,2022-05-17,2022-10-31,22.4,71.35,"68.2,20.1,74.5,24.7",High,emdat_derived_legacy,
E54,Gujarat,Surendranagar,flood,2023-06-25,2023-09-07,22.4,71.35,"68.2,20.1,74.5,24.7",High,emdat_derived_legacy,
E55,Gujarat,Surendranagar,flood,2024-08-26,2024-08-27,22.4,71.35,"68.2,20.1,74.5,24.7",High,emdat_derived_legacy,
E56,Haryana,Hisar,flood,2015-07-07,2015-07-13,29.3,76.05,"74.5,27.7,77.6,30.9",High,emdat_derived_legacy,
E57,Haryana,Hisar,flood,2018-09-23,2018-09-24,29.3,76.05,"74.5,27.7,77.6,30.9",High,emdat_derived_legacy,
E58,Haryana,Hisar,flood,2023-06-26,2023-07-12,29.3,76.05,"74.5,27.7,77.6,30.9",High,emdat_derived_legacy,
E59,Himachal Pradesh,Kullu,flood,2015-07-07,2015-07-13,31.8,77.3,"75.6,30.4,79.0,33.2",Low,emdat_derived_legacy,
E60,Himachal Pradesh,Kullu,flood,2017-08-16,2017-08-23,31.8,77.3,"75.6,30.4,79.0,33.2",Low,emdat_derived_legacy,
E61,Himachal Pradesh,Kullu,flood,2018-08-07,2018-08-20,31.8,77.3,"75.6,30.4,79.0,33.2",Low,emdat_derived_legacy,
E62,Himachal Pradesh,Kullu,flood,2019-07-14,2019-09-30,31.8,77.3,"75.6,30.4,79.0,33.2",Low,emdat_derived_legacy,
E63,Himachal Pradesh,Kullu,flood,2021-06-01,2021-09-30,31.8,77.3,"75.6,30.4,79.0,33.2",Low,emdat_derived_legacy,
E64,Himachal Pradesh,Kullu,flood,2022-05-17,2022-10-31,31.8,77.3,"75.6,30.4,79.0,33.2",Low,emdat_derived_legacy,
E65,Himachal Pradesh,Kullu,flood,2024-07-31,2024-08-23,31.8,77.3,"75.6,30.4,79.0,33.2",Low,emdat_derived_legacy,
E66,Himachal Pradesh,Kullu,flood,2025-06-20,2025-07-07,31.8,77.3,"75.6,30.4,79.0,33.2",Low,emdat_derived_legacy,
E67,Jammu and Kashmir,72811,flood,2015-03-20,2015-03-31,34.45,77.05,"73.7,32.3,80.4,36.6",Low,emdat_derived_legacy,
E68,Jammu and Kashmir,Kishtwar,flood,2025-08-14,2025-08-15,34.45,77.05,"73.7,32.3,80.4,36.6",Low,emdat_derived_legacy,
E69,Jharkhand,Ramgarh,flood,2017-06-04,2017-06-06,23.6,85.6,"83.3,21.9,87.9,25.3",Low,emdat_derived_legacy,
E70,Jharkhand,Ramgarh,flood,2021-06-01,2021-09-30,23.6,85.6,"83.3,21.9,87.9,25.3",Low,emdat_derived_legacy,
E71,Jharkhand,Ramgarh,flood,2022-08-01,2022-08-22,23.6,85.6,"83.3,21.9,87.9,25.3",Low,emdat_derived_legacy,
E72,Karnataka,Vijayanagara,flood,2019-07-14,2019-09-30,15.05,76.35,"74.1,11.6,78.6,18.5",High,emdat_derived_legacy,
E73,Karnataka,Vijayanagara,flood,2020-06-01,2020-08-16,15.05,76.35,"74.1,11.6,78.6,18.5",High,emdat_derived_legacy,
E74,Karnataka,Vijayanagara,flood,2020-10-01,2020-10-26,15.05,76.35,"74.1,11.6,78.6,18.5",High,emdat_derived_legacy,
E75,Karnataka,Vijayanagara,flood,2021-06-01,2021-09-30,15.05,76.35,"74.1,11.6,78.6,18.5",High,emdat_derived_legacy,
E76,Karnataka,Vijayanagara,flood,2023-06-25,2023-09-07,15.05,76.35,"74.1,11.6,78.6,18.5",High,emdat_derived_legacy,
E77,Kerala,Thrissur,flood,2019-07-14,2019-10-23,10.55,76.2,"74.8,8.3,77.6,12.8",Middle,emdat_derived_legacy,
E78,Kerala,Thrissur,flood,2020-06-01,2020-08-16,10.55,76.2,"74.8,8.3,77.6,12.8",Middle,emdat_derived_legacy,
E79,Kerala,Thrissur,flood,2021-06-01,2021-06-30,10.55,76.2,"74.8,8.3,77.6,12.8",Middle,emdat_derived_legacy,
E80,Kerala,Thrissur,flood,2021-10-11,2021-10-20,10.55,76.2,"74.8,8.3,77.6,12.8",Middle,emdat_derived_legacy,
E81,Madhya Pradesh,Sagar,flood,2015-06-23,2015-08-30,24.0,78.4,"74.0,21.1,82.8,26.9",Low,emdat_derived_legacy,
E82,Madhya Pradesh,Sagar,flood,2016-07-09,2016-08-22,24.0,78.4,"74.0,21.1,82.8,26.9",Low,emdat_derived_legacy,
E83,Madhya Pradesh,Sagar,flood,2017-06-25,2017-08-23,24.0,78.4,"74.0,21.1,82.8,26.9",Low,emdat_derived_legacy,
E84,Madhya Pradesh,Sagar,flood,2018-08-02,2018-08-06,24.0,78.4,"74.0,21.1,82.8,26.9",Low,emdat_derived_legacy,
E85,Madhya Pradesh,Sagar,flood,2020-06-01,2020-08-16,24.0,78.4,"74.0,21.1,82.8,26.9",Low,emdat_derived_legacy,
E86,Madhya Pradesh,Sagar,flood,2022-05-17,2022-10-31,24.0,78.4,"74.0,21.1,82.8,26.9",Low,emdat_derived_legacy,
E87,Madhya Pradesh,Sagar,flood,2023-06-14,2023-06-23,24.0,78.4,"74.0,21.1,82.8,26.9",Low,emdat_derived_legacy,
E88,Madhya Pradesh,Sagar,flood,2025-09-15,2025-09-17,24.0,78.4,"74.0,21.1,82.8,26.9",Low,emdat_derived_legacy,
E89,Maharashtra,Parbhani,flood,2015-06-19,2015-06-20,18.8,76.75,"72.6,15.6,80.9,22.0",High,emdat_derived_legacy,
E90,Maharashtra,Parbhani,flood,2016-08-01,2016-08-03,18.8,76.75,"72.6,15.6,80.9,22.0",High,emdat_derived_legacy,
E91,Maharashtra,Parbhani,flood,2017-08-29,2017-08-29,18.8,76.75,"72.6,15.6,80.9,22.0",High,emdat_derived_legacy,
E92,Maharashtra,Parbhani,flood,2018-06-22,2018-07-03,18.8,76.75,"72.6,15.6,80.9,22.0",High,emdat_derived_legacy,
E93,Maharashtra,Parbhani,flood,2018-08-07,2018-08-20,18.8,76.75,"72.6,15.6,80.9,22.0",High,emdat_derived_legacy,
E94,Maharashtra,Parbhani,flood,2019-06-28,2019-09-30,18.8,76.75,"72.6,15.6,80.9,22.0",High,emdat_derived_legacy,
E95,Maharashtra,Parbhani,flood,2020-06-01,2020-08-16,18.8,76.75,"72.6,15.6,80.9,22.0",High,emdat_derived_legacy,
E96,Maharashtra,Parbhani,flood,2021-06-01,2021-06-30,18.8,76.75,"72.6,15.6,80.9,22.0",High,emdat_derived_legacy,
E97,Maharashtra,Parbhani,flood,2023-06-25,2023-09-07,18.8,76.75,"72.6,15.6,80.9,22.0",High,emdat_derived_legacy,
E98,Maharashtra,Parbhani,flood,2024-08-26,2024-08-27,18.8,76.75,"72.6,15.6,80.9,22.0",High,emdat_derived_legacy,
E99,Manipur,Imphal West,flood,2015-07-15,2015-08-19,24.75,93.9,"93.0,23.8,94.8,25.7",Low,emdat_derived_legacy,
E100,Manipur,Imphal West,flood,2017-06-04,2017-07-28,24.75,93.9,"93.0,23.8,94.8,25.7",Low,emdat_derived_legacy,
E101,Manipur,Imphal West,flood,2025-05-31,2025-06-01,24.75,93.9,"93.0,23.8,94.8,25.7",Low,emdat_derived_legacy,
E102,Meghalaya,West Khasi Hills,flood,2022-05-17,2022-10-31,25.55,91.3,"89.8,25.0,92.8,26.1",Low,emdat_derived_legacy,
E103,Meghalaya,West Khasi Hills,flood,2024-05-01,2024-07-08,25.55,91.3,"89.8,25.0,92.8,26.1",Low,emdat_derived_legacy,
E104,Meghalaya,West Khasi Hills,flood,2024-10-04,2024-10-07,25.55,91.3,"89.8,25.0,92.8,26.1",Low,emdat_derived_legacy,
E105,Meghalaya,West Khasi Hills,flood,2025-05-31,2025-06-01,25.55,91.3,"89.8,25.0,92.8,26.1",Low,emdat_derived_legacy,
E106,Mizoram,Serchhip,flood,2025-05-31,2025-06-01,23.2,92.9,"92.3,21.9,93.5,24.5",Low,emdat_derived_legacy,
E107,Nagaland,Wokha,flood,2016-04-22,2016-04-25,26.05,94.3,"93.3,25.1,95.3,27.0",Low,emdat_derived_legacy,
E108,Nagaland,Wokha,flood,2017-06-04,2017-06-06,26.05,94.3,"93.3,25.1,95.3,27.0",Low,emdat_derived_legacy,
E109,Nagaland,Wokha,flood,2018-08-07,2018-08-20,26.05,94.3,"93.3,25.1,95.3,27.0",Low,emdat_derived_legacy,
E110,Nagaland,Wokha,flood,2022-05-17,2022-10-31,26.05,94.3,"93.3,25.1,95.3,27.0",Low,emdat_derived_legacy,
E111,Nagaland,Wokha,flood,2025-05-31,2025-06-01,26.05,94.3,"93.3,25.1,95.3,27.0",Low,emdat_derived_legacy,
E112,Odisha,Ganjam,flood,2015-07-15,2015-08-19,20.2,84.45,"81.4,17.8,87.5,22.6",Low,emdat_derived_legacy,
E113,Odisha,Ganjam,flood,2018-07-20,2018-08-20,20.2,84.45,"81.4,17.8,87.5,22.6",Low,emdat_derived_legacy,
E114,Odisha,Ganjam,flood,2019-07-14,2019-09-30,20.2,84.45,"81.4,17.8,87.5,22.6",Low,emdat_derived_legacy,
E115,Odisha,Ganjam,flood,2020-06-01,2020-08-16,20.2,84.45,"81.4,17.8,87.5,22.6",Low,emdat_derived_legacy,
E116,Punjab,Jalandhar,flood,2015-07-07,2015-07-13,31.0,75.4,"73.9,29.5,76.9,32.5",Middle,emdat_derived_legacy,
E117,Punjab,Jalandhar,flood,2018-09-23,2018-09-24,31.0,75.4,"73.9,29.5,76.9,32.5",Middle,emdat_derived_legacy,
E118,Punjab,Jalandhar,flood,2019-07-14,2019-09-30,31.0,75.4,"73.9,29.5,76.9,32.5",Middle,emdat_derived_legacy,
E119,Punjab,Jalandhar,flood,2023-06-25,2023-09-07,31.0,75.4,"73.9,29.5,76.9,32.5",Middle,emdat_derived_legacy,
E120,Punjab,Jalandhar,flood,2025-08-15,2025-09-19,31.0,75.4,"73.9,29.5,76.9,32.5",Middle,emdat_derived_legacy,
E121,Rajasthan,Nagaur,flood,2015-07-07,2015-08-19,26.6,73.9,"69.5,23.0,78.3,30.2",Low,emdat_derived_legacy,
E122,Rajasthan,Nagaur,flood,2017-06-01,2017-08-28,26.6,73.9,"69.5,23.0,78.3,30.2",Low,emdat_derived_legacy,
E123,Rajasthan,Nagaur,flood,2018-07-26,2018-07-28,26.6,73.9,"69.5,23.0,78.3,30.2",Low,emdat_derived_legacy,
E124,Rajasthan,Nagaur,flood,2019-07-14,2019-09-30,26.6,73.9,"69.5,23.0,78.3,30.2",Low,emdat_derived_legacy,
E125,Sikkim,Mangan,flood,2020-05-24,2020-05-26,27.6,88.45,"88.0,27.1,88.9,28.1",Low,emdat_derived_legacy,
E126,Sikkim,Mangan,flood,2023-06-14,2023-06-23,27.6,88.45,"88.0,27.1,88.9,28.1",Low,emdat_derived_legacy,
E127,Sikkim,Mangan,flood,2025-05-31,2025-06-01,27.6,88.45,"88.0,27.1,88.9,28.1",Low,emdat_derived_legacy,
E128,Tamil Nadu,Karur,flood,2015-05-17,2015-05-21,10.85,78.25,"76.2,8.1,80.3,13.6",Middle,emdat_derived_legacy,
E129,Tamil Nadu,Karur,flood,2016-07-09,2016-08-22,10.85,78.25,"76.2,8.1,80.3,13.6",Middle,emdat_derived_legacy,
E130,Tamil Nadu,Karur,flood,2017-10-30,2017-11-08,10.85,78.25,"76.2,8.1,80.3,13.6",Middle,emdat_derived_legacy,
E131,Tamil Nadu,Karur,flood,2019-06-28,2019-07-04,10.85,78.25,"76.2,8.1,80.3,13.6",Middle,emdat_derived_legacy,
E132,Tamil Nadu,Karur,flood,2019-10-19,2019-10-23,10.85,78.25,"76.2,8.1,80.3,13.6",Middle,emdat_derived_legacy,
E133,Tamil Nadu,Karur,flood,2021-11-06,2021-11-08,10.85,78.25,"76.2,8.1,80.3,13.6",Middle,emdat_derived_legacy,
E134,Tamil Nadu,Karur,flood,2023-12-18,2023-12-20,10.85,78.25,"76.2,8.1,80.3,13.6",Middle,emdat_derived_legacy,
E135,Telangana,Jangaon,flood,2023-07-27,2023-07-31,17.9,79.25,"77.2,15.9,81.3,19.9",High,emdat_derived_legacy,
E136,Tripura,Khowai,flood,2018-05-17,2018-05-20,23.7,91.75,"91.2,22.9,92.3,24.5",Low,emdat_derived_legacy,
E137,Tripura,Khowai,flood,2021-06-01,2021-06-30,23.7,91.75,"91.2,22.9,92.3,24.5",Low,emdat_derived_legacy,
E138,Tripura,Khowai,flood,2024-08-19,2024-08-27,23.7,91.75,"91.2,22.9,92.3,24.5",Low,emdat_derived_legacy,
E139,Tripura,Khowai,flood,2025-05-31,2025-06-01,23.7,91.75,"91.2,22.9,92.3,24.5",Low,emdat_derived_legacy,
E140,Uttar Pradesh,Sitapur,flood,2015-05-17,2015-05-21,27.15,80.9,"77.1,23.9,84.7,30.4",Low,emdat_derived_legacy,
E141,Uttar Pradesh,Sitapur,flood,2015-07-07,2015-07-13,27.15,80.9,"77.1,23.9,84.7,30.4",Low,emdat_derived_legacy,
E142,Uttar Pradesh,Sitapur,flood,2015-08-28,2015-08-30,27.15,80.9,"77.1,23.9,84.7,30.4",Low,emdat_derived_legacy,
E143,Uttar Pradesh,Sitapur,flood,2016-07-15,2016-09-12,27.15,80.9,"77.1,23.9,84.7,30.4",Low,emdat_derived_legacy,
E144,Uttar Pradesh,Sitapur,flood,2017-07-01,2017-08-31,27.15,80.9,"77.1,23.9,84.7,30.4",Low,emdat_derived_legacy,
E145,Uttar Pradesh,Sitapur,flood,2018-05-29,2018-05-31,27.15,80.9,"77.1,23.9,84.7,30.4",Low,emdat_derived_legacy,
E146,Uttar Pradesh,Sitapur,flood,2018-07-26,2018-10-06,27.15,80.9,"77.1,23.9,84.7,30.4",Low,emdat_derived_legacy,
E147,Uttar Pradesh,Sitapur,flood,2019-07-14,2019-09-30,27.15,80.9,"77.1,23.9,84.7,30.4",Low,emdat_derived_legacy,
E148,Uttar Pradesh,Sitapur,flood,2020-05-10,2020-08-16,27.15,80.9,"77.1,23.9,84.7,30.4",Low,emdat_derived_legacy,
E149,Uttar Pradesh,Sitapur,flood,2021-06-01,2021-06-30,27.15,80.9,"77.1,23.9,84.7,30.4",Low,emdat_derived_legacy,
E150,Uttar Pradesh,Sitapur,flood,2022-09-18,2022-09-24,27.15,80.9,"77.1,23.9,84.7,30.4",Low,emdat_derived_legacy,
E151,Uttar Pradesh,Sitapur,flood,2024-07-09,2024-07-15,27.15,80.9,"77.1,23.9,84.7,30.4",Low,emdat_derived_legacy,
E152,Uttarakhand,Chamoli,flood,2015-07-07,2015-07-13,30.1,79.5,"78.0,28.7,81.0,31.5",Low,emdat_derived_legacy,
E153,Uttarakhand,Chamoli,flood,2015-08-28,2015-08-30,30.1,79.5,"78.0,28.7,81.0,31.5",Low,emdat_derived_legacy,
E154,Uttarakhand,Chamoli,flood,2017-08-16,2017-08-23,30.1,79.5,"78.0,28.7,81.0,31.5",Low,emdat_derived_legacy,
E155,Uttarakhand,Chamoli,flood,2019-07-14,2019-09-30,30.1,79.5,"78.0,28.7,81.0,31.5",Low,emdat_derived_legacy,
E156,Uttarakhand,Chamoli,flood,2021-06-01,2021-10-20,30.1,79.5,"78.0,28.7,81.0,31.5",Low,emdat_derived_legacy,
E157,Uttarakhand,Chamoli,flood,2022-08-01,2022-08-22,30.1,79.5,"78.0,28.7,81.0,31.5",Low,emdat_derived_legacy,
E158,Uttarakhand,Chamoli,flood,2023-06-25,2023-09-07,30.1,79.5,"78.0,28.7,81.0,31.5",Low,emdat_derived_legacy,
E159,Uttarakhand,Chamoli,flood,2023-12-18,2023-12-20,30.1,79.5,"78.0,28.7,81.0,31.5",Low,emdat_derived_legacy,
E160,Uttarakhand,Chamoli,flood,2025-06-20,2025-07-07,30.1,79.5,"78.0,28.7,81.0,31.5",Low,emdat_derived_legacy,
E161,Uttarakhand,Chamoli,flood,2025-09-15,2025-09-17,30.1,79.5,"78.0,28.7,81.0,31.5",Low,emdat_derived_legacy,
E162,West Bengal,Birbhum,flood,2015-06-23,2015-06-30,24.35,87.85,"85.8,21.5,89.9,27.2",Middle,emdat_derived_legacy,
E163,West Bengal,Birbhum,flood,2017-06-01,2017-08-31,24.35,87.85,"85.8,21.5,89.9,27.2",Middle,emdat_derived_legacy,
E164,West Bengal,Birbhum,flood,2018-08-02,2018-08-20,24.35,87.85,"85.8,21.5,89.9,27.2",Middle,emdat_derived_legacy,
E165,West Bengal,Birbhum,flood,2019-07-14,2019-09-30,24.35,87.85,"85.8,21.5,89.9,27.2",Middle,emdat_derived_legacy,
E166,West Bengal,Birbhum,flood,2020-06-01,2020-08-16,24.35,87.85,"85.8,21.5,89.9,27.2",Middle,emdat_derived_legacy,
E167,West Bengal,Birbhum,flood,2021-06-01,2021-09-30,24.35,87.85,"85.8,21.5,89.9,27.2",Middle,emdat_derived_legacy,
E168,West Bengal,Birbhum,flood,2025-10-03,2025-10-07,24.35,87.85,"85.8,21.5,89.9,27.2",Middle,emdat_derived_legacy,
